score_threshold,miss_rate,FPPW,TP,FP
2.43863582611084,0.9736842105263158,0.0,1.0,0.0
1.940821647644043,0.9736842105263158,0.0006480881399870382,1.0,1.0
1.710060477256775,0.9736842105263158,0.0012961762799740765,1.0,2.0
1.6406950950622559,0.9736842105263158,0.0019442644199611147,1.0,3.0
1.6372661590576172,0.9736842105263158,0.002592352559948153,1.0,4.0
1.5920672416687012,0.9473684210526316,0.0032404406999351912,2.0,5.0
1.4763211011886597,0.9473684210526316,0.0038885288399222295,2.0,6.0
1.3896560668945312,0.8947368421052632,0.004536616979909268,4.0,7.0
1.3451493978500366,0.8947368421052632,0.005184705119896306,4.0,8.0
1.3420740365982056,0.8947368421052632,0.005832793259883344,4.0,9.0
1.3321316242218018,0.868421052631579,0.0064808813998703824,5.0,10.0
1.3277242183685303,0.868421052631579,0.007128969539857421,5.0,11.0
1.325969934463501,0.868421052631579,0.007777057679844459,5.0,12.0
1.323706030845642,0.868421052631579,0.008425145819831496,5.0,13.0
1.2736259698867798,0.8421052631578947,0.009073233959818535,6.0,14.0
1.2710736989974976,0.8421052631578947,0.009721322099805573,6.0,15.0
1.2669165134429932,0.8421052631578947,0.010369410239792612,6.0,16.0
1.265853762626648,0.8421052631578947,0.01101749837977965,6.0,17.0
1.2445811033248901,0.8421052631578947,0.011665586519766688,6.0,18.0
1.2208211421966553,0.8421052631578947,0.012313674659753726,6.0,19.0
1.2156902551651,0.8157894736842105,0.012961762799740765,7.0,20.0
1.209073781967163,0.8157894736842105,0.013609850939727802,7.0,21.0
1.1988396644592285,0.8157894736842105,0.014257939079714841,7.0,22.0
1.1954954862594604,0.8157894736842105,0.014906027219701879,7.0,23.0
1.1953113079071045,0.8157894736842105,0.015554115359688918,7.0,24.0
1.188676357269287,0.8157894736842105,0.016202203499675955,7.0,25.0
1.1600310802459717,0.8157894736842105,0.016850291639662993,7.0,26.0
1.1330705881118774,0.8157894736842105,0.017498379779650033,7.0,27.0
1.1269384622573853,0.8157894736842105,0.01814646791963707,7.0,28.0
1.1220510005950928,0.8157894736842105,0.018794556059624108,7.0,29.0
1.1135821342468262,0.8157894736842105,0.019442644199611146,7.0,30.0
1.1105072498321533,0.8157894736842105,0.020090732339598186,7.0,31.0
1.105371356010437,0.8157894736842105,0.020738820479585224,7.0,32.0
1.102486491203308,0.8157894736842105,0.02138690861957226,7.0,33.0
1.0853023529052734,0.7894736842105263,0.0220349967595593,8.0,34.0
1.0795530080795288,0.7894736842105263,0.02268308489954634,8.0,35.0
1.0683554410934448,0.7894736842105263,0.023331173039533377,8.0,36.0
1.0668466091156006,0.7894736842105263,0.023979261179520414,8.0,37.0
1.0572459697723389,0.7631578947368421,0.02462734931950745,9.0,38.0
1.0549651384353638,0.7631578947368421,0.025275437459494492,9.0,39.0
1.0513808727264404,0.7631578947368421,0.02592352559948153,9.0,40.0
1.0473781824111938,0.7631578947368421,0.026571613739468567,9.0,41.0
1.0221149921417236,0.7631578947368421,0.027219701879455604,9.0,42.0
1.0201166868209839,0.7631578947368421,0.027867790019442645,9.0,43.0
1.010676383972168,0.7631578947368421,0.028515878159429683,9.0,44.0
0.9793990850448608,0.7631578947368421,0.02916396629941672,9.0,45.0
0.9755265712738037,0.7631578947368421,0.029812054439403757,9.0,46.0
0.9546909928321838,0.7631578947368421,0.0304601425793908,9.0,47.0
0.9520643353462219,0.736842105263158,0.031108230719377836,10.0,48.0
0.9467750191688538,0.736842105263158,0.031756318859364877,10.0,49.0
0.9354044198989868,0.736842105263158,0.03240440699935191,10.0,50.0
0.9155850410461426,0.736842105263158,0.03305249513933895,10.0,51.0
0.8961296081542969,0.7105263157894737,0.033700583279325985,11.0,52.0
0.8960962891578674,0.7105263157894737,0.034348671419313026,11.0,53.0
0.8935419917106628,0.7105263157894737,0.03499675955930007,11.0,54.0
0.8913681507110596,0.7105263157894737,0.0356448476992871,11.0,55.0
0.8865633010864258,0.7105263157894737,0.03629293583927414,11.0,56.0
0.8831864595413208,0.7105263157894737,0.03694102397926118,11.0,57.0
0.8622536063194275,0.7105263157894737,0.037589112119248216,11.0,58.0
0.8570810556411743,0.7105263157894737,0.03823720025923526,11.0,59.0
0.8542697429656982,0.7105263157894737,0.03888528839922229,11.0,60.0
0.8539245128631592,0.7105263157894737,0.03953337653920933,11.0,61.0
0.8510352373123169,0.7105263157894737,0.04018146467919637,11.0,62.0
0.8434129357337952,0.7105263157894737,0.04082955281918341,11.0,63.0
0.8420848250389099,0.7105263157894737,0.04147764095917045,11.0,64.0
0.836114227771759,0.7105263157894737,0.04212572909915749,11.0,65.0
0.8342894315719604,0.7105263157894737,0.04277381723914452,11.0,66.0
0.8338342308998108,0.7105263157894737,0.04342190537913156,11.0,67.0
0.8235136270523071,0.7105263157894737,0.0440699935191186,11.0,68.0
0.8191571235656738,0.7105263157894737,0.04471808165910564,11.0,69.0
0.8150621652603149,0.7105263157894737,0.04536616979909268,11.0,70.0
0.8141707181930542,0.7105263157894737,0.04601425793907971,11.0,71.0
0.8118793368339539,0.7105263157894737,0.046662346079066754,11.0,72.0
0.7984279990196228,0.7105263157894737,0.047310434219053794,11.0,73.0
0.7942922115325928,0.7105263157894737,0.04795852235904083,11.0,74.0
0.7881359457969666,0.7105263157894737,0.04860661049902787,11.0,75.0
0.7855413556098938,0.7105263157894737,0.0492546986390149,11.0,76.0
0.7741816639900208,0.7105263157894737,0.049902786779001944,11.0,77.0
0.7734318971633911,0.7105263157894737,0.050550874918988985,11.0,78.0
0.7687860727310181,0.7105263157894737,0.05119896305897602,11.0,79.0
0.7683655619621277,0.7105263157894737,0.05184705119896306,11.0,80.0
0.7665207386016846,0.7105263157894737,0.0524951393389501,11.0,81.0
0.7645138502120972,0.7105263157894737,0.053143227478937134,11.0,82.0
0.7575729489326477,0.7105263157894737,0.053791315618924175,11.0,83.0
0.7522391676902771,0.7105263157894737,0.05443940375891121,11.0,84.0
0.7488500475883484,0.7105263157894737,0.05508749189889825,11.0,85.0
0.734931468963623,0.7105263157894737,0.05573558003888529,11.0,86.0
0.7300554513931274,0.7105263157894737,0.056383668178872325,11.0,87.0
0.72347092628479,0.7105263157894737,0.057031756318859365,11.0,88.0
0.721312940120697,0.7105263157894737,0.057679844458846406,11.0,89.0
0.7206099629402161,0.7105263157894737,0.05832793259883344,11.0,90.0
0.7206050753593445,0.7105263157894737,0.05897602073882048,11.0,91.0
0.710328996181488,0.7105263157894737,0.059624108878807515,11.0,92.0
0.7091042995452881,0.7105263157894737,0.060272197018794556,11.0,93.0
0.6993746757507324,0.7105263157894737,0.0609202851587816,11.0,94.0
0.6987794041633606,0.7105263157894737,0.06156837329876863,11.0,95.0
0.6933577060699463,0.7105263157894737,0.06221646143875567,11.0,96.0
0.6928684115409851,0.7105263157894737,0.06286454957874271,11.0,97.0
0.6918716430664062,0.7105263157894737,0.06351263771872975,11.0,98.0
0.6902987957000732,0.7105263157894737,0.06416072585871678,11.0,99.0
0.6897485256195068,0.7105263157894737,0.06480881399870382,11.0,100.0
0.6837571263313293,0.7105263157894737,0.06545690213869086,11.0,101.0
0.6793627738952637,0.7105263157894737,0.0661049902786779,11.0,102.0
0.6792532205581665,0.7105263157894737,0.06675307841866494,11.0,103.0
0.6782395243644714,0.7105263157894737,0.06740116655865197,11.0,104.0
0.6715938448905945,0.7105263157894737,0.06804925469863901,11.0,105.0
0.6619239449501038,0.7105263157894737,0.06869734283862605,11.0,106.0
0.6607686877250671,0.7105263157894737,0.06934543097861309,11.0,107.0
0.6416530013084412,0.6578947368421053,0.06999351911860013,13.0,108.0
0.6371113657951355,0.6578947368421053,0.07064160725858717,13.0,109.0
0.6357959508895874,0.6578947368421053,0.0712896953985742,13.0,110.0
0.6307974457740784,0.6578947368421053,0.07193778353856124,13.0,111.0
0.6300342679023743,0.6578947368421053,0.07258587167854828,13.0,112.0
0.6258195042610168,0.6578947368421053,0.07323395981853532,13.0,113.0
0.6216974854469299,0.6578947368421053,0.07388204795852236,13.0,114.0
0.620337963104248,0.6578947368421053,0.07453013609850939,13.0,115.0
0.6182470917701721,0.6578947368421053,0.07517822423849643,13.0,116.0
0.6147669553756714,0.6578947368421053,0.07582631237848347,13.0,117.0
0.6139466166496277,0.6578947368421053,0.07647440051847051,13.0,118.0
0.613620936870575,0.6578947368421053,0.07712248865845756,13.0,119.0
0.6125693917274475,0.6578947368421053,0.07777057679844458,13.0,120.0
0.6100292205810547,0.6578947368421053,0.07841866493843162,13.0,121.0
0.6029670834541321,0.6578947368421053,0.07906675307841866,13.0,122.0
0.598071277141571,0.6578947368421053,0.0797148412184057,13.0,123.0
0.5951263904571533,0.6578947368421053,0.08036292935839275,13.0,124.0
0.5946261882781982,0.6578947368421053,0.08101101749837979,13.0,125.0
0.5942476391792297,0.6578947368421053,0.08165910563836681,13.0,126.0
0.591849148273468,0.6578947368421053,0.08230719377835385,13.0,127.0
0.5909143686294556,0.6578947368421053,0.0829552819183409,13.0,128.0
0.5903299450874329,0.6578947368421053,0.08360337005832794,13.0,129.0
0.5862948894500732,0.6578947368421053,0.08425145819831498,13.0,130.0
0.5833274126052856,0.6578947368421053,0.084899546338302,13.0,131.0
0.5803111791610718,0.6578947368421053,0.08554763447828904,13.0,132.0
0.578937828540802,0.6578947368421053,0.08619572261827609,13.0,133.0
0.5744858384132385,0.6578947368421053,0.08684381075826313,13.0,134.0
0.573752760887146,0.6578947368421053,0.08749189889825017,13.0,135.0
0.5736877918243408,0.6578947368421053,0.0881399870382372,13.0,136.0
0.5734682679176331,0.6578947368421053,0.08878807517822424,13.0,137.0
0.570679783821106,0.6578947368421053,0.08943616331821128,13.0,138.0
0.5692124366760254,0.6578947368421053,0.09008425145819832,13.0,139.0
0.5673784017562866,0.6578947368421053,0.09073233959818536,13.0,140.0
0.5664870142936707,0.6578947368421053,0.09138042773817238,13.0,141.0
0.5637735724449158,0.6578947368421053,0.09202851587815943,13.0,142.0
0.5635027885437012,0.6578947368421053,0.09267660401814647,13.0,143.0
0.5618863105773926,0.6578947368421053,0.09332469215813351,13.0,144.0
0.5605177879333496,0.6578947368421053,0.09397278029812055,13.0,145.0
0.5597268342971802,0.6578947368421053,0.09462086843810759,13.0,146.0
0.5578433275222778,0.6578947368421053,0.09526895657809462,13.0,147.0
0.5553409457206726,0.6578947368421053,0.09591704471808166,13.0,148.0
0.5528976917266846,0.631578947368421,0.0965651328580687,14.0,149.0
0.5480371713638306,0.631578947368421,0.09721322099805574,14.0,150.0
0.5461891293525696,0.631578947368421,0.09786130913804278,14.0,151.0
0.543796181678772,0.631578947368421,0.0985093972780298,14.0,152.0
0.5381513833999634,0.631578947368421,0.09915748541801685,14.0,153.0
0.5379829406738281,0.631578947368421,0.09980557355800389,14.0,154.0
0.5378732681274414,0.631578947368421,0.10045366169799093,14.0,155.0
0.5378331542015076,0.631578947368421,0.10110174983797797,14.0,156.0
0.534951388835907,0.631578947368421,0.101749837977965,14.0,157.0
0.5331991910934448,0.631578947368421,0.10239792611795204,14.0,158.0
0.5315062403678894,0.631578947368421,0.10304601425793908,14.0,159.0
0.5308364033699036,0.631578947368421,0.10369410239792612,14.0,160.0
0.5306987762451172,0.631578947368421,0.10434219053791316,14.0,161.0
0.529882550239563,0.631578947368421,0.1049902786779002,14.0,162.0
0.5254572033882141,0.631578947368421,0.10563836681788723,14.0,163.0
0.5202522873878479,0.631578947368421,0.10628645495787427,14.0,164.0
0.5144097208976746,0.631578947368421,0.10693454309786131,14.0,165.0
0.5119810104370117,0.631578947368421,0.10758263123784835,14.0,166.0
0.5092635750770569,0.631578947368421,0.10823071937783539,14.0,167.0
0.5067976713180542,0.631578947368421,0.10887880751782242,14.0,168.0
0.5066804885864258,0.631578947368421,0.10952689565780946,14.0,169.0
0.5051888823509216,0.631578947368421,0.1101749837977965,14.0,170.0
0.5009787678718567,0.631578947368421,0.11082307193778354,14.0,171.0
0.4981578290462494,0.631578947368421,0.11147116007777058,14.0,172.0
0.49468135833740234,0.631578947368421,0.11211924821775761,14.0,173.0
0.4933716654777527,0.631578947368421,0.11276733635774465,14.0,174.0
0.4923655688762665,0.631578947368421,0.11341542449773169,14.0,175.0
0.49133703112602234,0.631578947368421,0.11406351263771873,14.0,176.0
0.49130743741989136,0.631578947368421,0.11471160077770577,14.0,177.0
0.49099522829055786,0.631578947368421,0.11535968891769281,14.0,178.0
0.49083709716796875,0.631578947368421,0.11600777705767984,14.0,179.0
0.4895481467247009,0.631578947368421,0.11665586519766688,14.0,180.0
0.4894500970840454,0.631578947368421,0.11730395333765392,14.0,181.0
0.4887753427028656,0.631578947368421,0.11795204147764096,14.0,182.0
0.4847264587879181,0.631578947368421,0.118600129617628,14.0,183.0
0.48114916682243347,0.631578947368421,0.11924821775761503,14.0,184.0
0.47997909784317017,0.631578947368421,0.11989630589760207,14.0,185.0
0.4796477258205414,0.631578947368421,0.12054439403758911,14.0,186.0
0.47768867015838623,0.631578947368421,0.12119248217757615,14.0,187.0
0.47549858689308167,0.631578947368421,0.1218405703175632,14.0,188.0
0.47351694107055664,0.631578947368421,0.12248865845755022,14.0,189.0
0.4727855324745178,0.631578947368421,0.12313674659753726,14.0,190.0
0.47174233198165894,0.631578947368421,0.1237848347375243,14.0,191.0
0.4688287079334259,0.631578947368421,0.12443292287751134,14.0,192.0
0.46249139308929443,0.631578947368421,0.12508101101749838,14.0,193.0
0.45959654450416565,0.631578947368421,0.12572909915748542,14.0,194.0
0.45923206210136414,0.631578947368421,0.12637718729747247,14.0,195.0
0.45714840292930603,0.631578947368421,0.1270252754374595,14.0,196.0
0.45696941018104553,0.631578947368421,0.12767336357744652,14.0,197.0
0.4550803601741791,0.631578947368421,0.12832145171743356,14.0,198.0
0.4546307325363159,0.6052631578947368,0.1289695398574206,15.0,199.0
0.45424044132232666,0.6052631578947368,0.12961762799740764,15.0,200.0
0.45421725511550903,0.6052631578947368,0.13026571613739468,15.0,201.0
0.45417699217796326,0.6052631578947368,0.13091380427738172,15.0,202.0
0.4540482759475708,0.6052631578947368,0.13156189241736876,15.0,203.0
0.45253825187683105,0.6052631578947368,0.1322099805573558,15.0,204.0
0.4521644115447998,0.6052631578947368,0.13285806869734285,15.0,205.0
0.45040813088417053,0.6052631578947368,0.1335061568373299,15.0,206.0
0.44719159603118896,0.6052631578947368,0.13415424497731693,15.0,207.0
0.44705235958099365,0.6052631578947368,0.13480233311730394,15.0,208.0
0.44635507464408875,0.6052631578947368,0.13545042125729098,15.0,209.0
0.4461035132408142,0.6052631578947368,0.13609850939727802,15.0,210.0
0.4394848048686981,0.6052631578947368,0.13674659753726506,15.0,211.0
0.43946391344070435,0.6052631578947368,0.1373946856772521,15.0,212.0
0.43710076808929443,0.6052631578947368,0.13804277381723914,15.0,213.0
0.4368787705898285,0.6052631578947368,0.13869086195722619,15.0,214.0
0.4321838319301605,0.6052631578947368,0.13933895009721323,15.0,215.0
0.43203747272491455,0.6052631578947368,0.13998703823720027,15.0,216.0
0.4302601218223572,0.6052631578947368,0.1406351263771873,15.0,217.0
0.4295273423194885,0.6052631578947368,0.14128321451717435,15.0,218.0
0.42733505368232727,0.6052631578947368,0.14193130265716136,15.0,219.0
0.4234059751033783,0.6052631578947368,0.1425793907971484,15.0,220.0
0.4195198714733124,0.6052631578947368,0.14322747893713544,15.0,221.0
0.4191448986530304,0.6052631578947368,0.14387556707712248,15.0,222.0
0.4173907935619354,0.6052631578947368,0.14452365521710953,15.0,223.0
0.4152159094810486,0.6052631578947368,0.14517174335709657,15.0,224.0
0.41378167271614075,0.6052631578947368,0.1458198314970836,15.0,225.0
0.4111977219581604,0.6052631578947368,0.14646791963707065,15.0,226.0
0.41052865982055664,0.6052631578947368,0.1471160077770577,15.0,227.0
0.40862661600112915,0.6052631578947368,0.14776409591704473,15.0,228.0
0.40345966815948486,0.6052631578947368,0.14841218405703174,15.0,229.0
0.40274712443351746,0.6052631578947368,0.14906027219701878,15.0,230.0
0.4013473689556122,0.6052631578947368,0.14970836033700582,15.0,231.0
0.39922234416007996,0.6052631578947368,0.15035644847699287,15.0,232.0
0.39859941601753235,0.6052631578947368,0.1510045366169799,15.0,233.0
0.3918799161911011,0.6052631578947368,0.15165262475696695,15.0,234.0
0.38554778695106506,0.6052631578947368,0.152300712896954,15.0,235.0
0.3847862184047699,0.6052631578947368,0.15294880103694103,15.0,236.0
0.3835684061050415,0.6052631578947368,0.15359688917692807,15.0,237.0
0.38254842162132263,0.6052631578947368,0.1542449773169151,15.0,238.0
0.3798641562461853,0.6052631578947368,0.15489306545690215,15.0,239.0
0.377340704202652,0.6052631578947368,0.15554115359688916,15.0,240.0
0.3767227232456207,0.6052631578947368,0.1561892417368762,15.0,241.0
0.3753012418746948,0.6052631578947368,0.15683732987686325,15.0,242.0
0.37515005469322205,0.6052631578947368,0.1574854180168503,15.0,243.0
0.37500083446502686,0.6052631578947368,0.15813350615683733,15.0,244.0
0.3728814721107483,0.6052631578947368,0.15878159429682437,15.0,245.0
0.37095674872398376,0.6052631578947368,0.1594296824368114,15.0,246.0
0.3676186800003052,0.6052631578947368,0.16007777057679845,15.0,247.0
0.3659735321998596,0.6052631578947368,0.1607258587167855,15.0,248.0
0.36353978514671326,0.6052631578947368,0.16137394685677253,15.0,249.0
0.3632672429084778,0.6052631578947368,0.16202203499675957,15.0,250.0
0.36274638772010803,0.6052631578947368,0.16267012313674659,15.0,251.0
0.3621710240840912,0.6052631578947368,0.16331821127673363,15.0,252.0
0.36084574460983276,0.6052631578947368,0.16396629941672067,15.0,253.0
0.3608297109603882,0.6052631578947368,0.1646143875567077,15.0,254.0
0.35756781697273254,0.6052631578947368,0.16526247569669475,15.0,255.0
0.35695478320121765,0.6052631578947368,0.1659105638366818,15.0,256.0
0.35565492510795593,0.6052631578947368,0.16655865197666883,15.0,257.0
0.3552934527397156,0.6052631578947368,0.16720674011665587,15.0,258.0
0.35321304202079773,0.6052631578947368,0.1678548282566429,15.0,259.0
0.35200244188308716,0.6052631578947368,0.16850291639662995,15.0,260.0
0.34591466188430786,0.6052631578947368,0.16915100453661697,15.0,261.0
0.3437867760658264,0.6052631578947368,0.169799092676604,15.0,262.0
0.3412988483905792,0.6052631578947368,0.17044718081659105,15.0,263.0
0.3394746780395508,0.5789473684210527,0.1710952689565781,16.0,264.0
0.33765262365341187,0.5789473684210527,0.17174335709656513,16.0,265.0
0.33604303002357483,0.5789473684210527,0.17239144523655217,16.0,266.0
0.33401864767074585,0.5789473684210527,0.1730395333765392,16.0,267.0
0.33309948444366455,0.5789473684210527,0.17368762151652625,16.0,268.0
0.33260488510131836,0.5789473684210527,0.1743357096565133,16.0,269.0
0.3312509059906006,0.5789473684210527,0.17498379779650033,16.0,270.0
0.33072251081466675,0.5789473684210527,0.17563188593648738,16.0,271.0
0.3302125036716461,0.5789473684210527,0.1762799740764744,16.0,272.0
0.33014896512031555,0.5789473684210527,0.17692806221646143,16.0,273.0
0.3290586769580841,0.5789473684210527,0.17757615035644847,16.0,274.0
0.3288075625896454,0.5789473684210527,0.1782242384964355,16.0,275.0
0.3255348205566406,0.5789473684210527,0.17887232663642255,16.0,276.0
0.3254384398460388,0.5789473684210527,0.1795204147764096,16.0,277.0
0.3245425522327423,0.5789473684210527,0.18016850291639663,16.0,278.0
0.3244779407978058,0.5789473684210527,0.18081659105638367,16.0,279.0
0.32368892431259155,0.5789473684210527,0.18146467919637072,16.0,280.0
0.32352977991104126,0.5789473684210527,0.18211276733635776,16.0,281.0
0.320573091506958,0.5789473684210527,0.18276085547634477,16.0,282.0
0.31985539197921753,0.5789473684210527,0.1834089436163318,16.0,283.0
0.31852954626083374,0.5789473684210527,0.18405703175631885,16.0,284.0
0.3181211054325104,0.5789473684210527,0.1847051198963059,16.0,285.0
0.31806519627571106,0.5789473684210527,0.18535320803629293,16.0,286.0
0.3174944221973419,0.5789473684210527,0.18600129617627997,16.0,287.0
0.314619779586792,0.5789473684210527,0.18664938431626701,16.0,288.0
0.31217509508132935,0.5789473684210527,0.18729747245625405,16.0,289.0
0.3118429481983185,0.5789473684210527,0.1879455605962411,16.0,290.0
0.31045761704444885,0.5789473684210527,0.18859364873622814,16.0,291.0
0.3088730573654175,0.5789473684210527,0.18924173687621518,16.0,292.0
0.30752530694007874,0.5789473684210527,0.1898898250162022,16.0,293.0
0.302126944065094,0.5789473684210527,0.19053791315618923,16.0,294.0
0.3018060028553009,0.5789473684210527,0.19118600129617627,16.0,295.0
0.2998151183128357,0.5789473684210527,0.1918340894361633,16.0,296.0
0.29915374517440796,0.5789473684210527,0.19248217757615035,16.0,297.0
0.2990114390850067,0.5789473684210527,0.1931302657161374,16.0,298.0
0.29894760251045227,0.5789473684210527,0.19377835385612444,16.0,299.0
0.29383954405784607,0.5789473684210527,0.19442644199611148,16.0,300.0
0.29042378067970276,0.5789473684210527,0.19507453013609852,16.0,301.0
0.2882746160030365,0.5789473684210527,0.19572261827608556,16.0,302.0
0.2873404622077942,0.5789473684210527,0.1963707064160726,16.0,303.0
0.2872293293476105,0.5789473684210527,0.1970187945560596,16.0,304.0
0.2862747609615326,0.5789473684210527,0.19766688269604665,16.0,305.0
0.28572797775268555,0.5789473684210527,0.1983149708360337,16.0,306.0
0.28148025274276733,0.5789473684210527,0.19896305897602073,16.0,307.0
0.2812843918800354,0.5789473684210527,0.19961114711600778,16.0,308.0
0.278400719165802,0.5789473684210527,0.20025923525599482,16.0,309.0
0.27780765295028687,0.5789473684210527,0.20090732339598186,16.0,310.0
0.2777373492717743,0.5789473684210527,0.2015554115359689,16.0,311.0
0.27685219049453735,0.5789473684210527,0.20220349967595594,16.0,312.0
0.2758394777774811,0.5789473684210527,0.20285158781594298,16.0,313.0
0.27574294805526733,0.5789473684210527,0.20349967595593,16.0,314.0
0.2753908932209015,0.5789473684210527,0.20414776409591703,16.0,315.0
0.27413618564605713,0.5789473684210527,0.20479585223590407,16.0,316.0
0.27342891693115234,0.5789473684210527,0.20544394037589112,16.0,317.0
0.2717554271221161,0.5789473684210527,0.20609202851587816,16.0,318.0
0.2693825364112854,0.5789473684210527,0.2067401166558652,16.0,319.0
0.26815006136894226,0.5789473684210527,0.20738820479585224,16.0,320.0
0.2679096460342407,0.5789473684210527,0.20803629293583928,16.0,321.0
0.26772525906562805,0.5789473684210527,0.20868438107582632,16.0,322.0
0.2663695812225342,0.5789473684210527,0.20933246921581336,16.0,323.0
0.2662235200405121,0.5789473684210527,0.2099805573558004,16.0,324.0
0.2655471861362457,0.5789473684210527,0.21062864549578741,16.0,325.0
0.2654268145561218,0.5789473684210527,0.21127673363577446,16.0,326.0
0.26476001739501953,0.5789473684210527,0.2119248217757615,16.0,327.0
0.2615482807159424,0.5789473684210527,0.21257290991574854,16.0,328.0
0.26085445284843445,0.5789473684210527,0.21322099805573558,16.0,329.0
0.2592538595199585,0.5789473684210527,0.21386908619572262,16.0,330.0
0.2578529715538025,0.5789473684210527,0.21451717433570966,16.0,331.0
0.2577843964099884,0.5789473684210527,0.2151652624756967,16.0,332.0
0.25462326407432556,0.5789473684210527,0.21581335061568374,16.0,333.0
0.2544119656085968,0.5789473684210527,0.21646143875567078,16.0,334.0
0.25184956192970276,0.5789473684210527,0.21710952689565782,16.0,335.0
0.251406192779541,0.5789473684210527,0.21775761503564484,16.0,336.0
0.249627023935318,0.5789473684210527,0.21840570317563188,16.0,337.0
0.24928228557109833,0.5789473684210527,0.21905379131561892,16.0,338.0
0.24794434010982513,0.5789473684210527,0.21970187945560596,16.0,339.0
0.24670721590518951,0.5789473684210527,0.220349967595593,16.0,340.0
0.24063250422477722,0.5789473684210527,0.22099805573558004,16.0,341.0
0.24037617444992065,0.5789473684210527,0.22164614387556708,16.0,342.0
0.23930765688419342,0.5789473684210527,0.22229423201555412,16.0,343.0
0.23654039204120636,0.5789473684210527,0.22294232015554116,16.0,344.0
0.23620477318763733,0.5789473684210527,0.2235904082955282,16.0,345.0
0.23589076101779938,0.5789473684210527,0.22423849643551522,16.0,346.0
0.2348591685295105,0.5789473684210527,0.22488658457550226,16.0,347.0
0.23441891372203827,0.5789473684210527,0.2255346727154893,16.0,348.0
0.2336655706167221,0.5789473684210527,0.22618276085547634,16.0,349.0
0.23340119421482086,0.5789473684210527,0.22683084899546338,16.0,350.0
0.23312580585479736,0.5789473684210527,0.22747893713545042,16.0,351.0
0.23233796656131744,0.5789473684210527,0.22812702527543746,16.0,352.0
0.23126961290836334,0.5789473684210527,0.2287751134154245,16.0,353.0
0.23056890070438385,0.5789473684210527,0.22942320155541154,16.0,354.0
0.22966589033603668,0.5789473684210527,0.23007128969539858,16.0,355.0
0.22597116231918335,0.5789473684210527,0.23071937783538563,16.0,356.0
0.22577497363090515,0.5789473684210527,0.23136746597537264,16.0,357.0
0.22511275112628937,0.5789473684210527,0.23201555411535968,16.0,358.0
0.22503425180912018,0.5789473684210527,0.23266364225534672,16.0,359.0
0.22415776550769806,0.5789473684210527,0.23331173039533376,16.0,360.0
0.22233374416828156,0.5789473684210527,0.2339598185353208,16.0,361.0
0.2216043472290039,0.5789473684210527,0.23460790667530784,16.0,362.0
0.22092166543006897,0.5789473684210527,0.23525599481529488,16.0,363.0
0.21984359622001648,0.5789473684210527,0.23590408295528192,16.0,364.0
0.21960872411727905,0.5789473684210527,0.23655217109526896,16.0,365.0
0.21734347939491272,0.5789473684210527,0.237200259235256,16.0,366.0
0.21645057201385498,0.5789473684210527,0.23784834737524305,16.0,367.0
0.21642878651618958,0.5789473684210527,0.23849643551523006,16.0,368.0
0.21599557995796204,0.5789473684210527,0.2391445236552171,16.0,369.0
0.2144722044467926,0.5789473684210527,0.23979261179520414,16.0,370.0
0.2144511640071869,0.5789473684210527,0.24044069993519118,16.0,371.0
0.21243023872375488,0.5789473684210527,0.24108878807517822,16.0,372.0
0.21089880168437958,0.5789473684210527,0.24173687621516526,16.0,373.0
0.20995298027992249,0.5789473684210527,0.2423849643551523,16.0,374.0
0.20848309993743896,0.5789473684210527,0.24303305249513935,16.0,375.0
0.20720890164375305,0.5789473684210527,0.2436811406351264,16.0,376.0
0.20688407123088837,0.5789473684210527,0.24432922877511343,16.0,377.0
0.2061690390110016,0.5789473684210527,0.24497731691510044,16.0,378.0
0.20491047203540802,0.5789473684210527,0.24562540505508748,16.0,379.0
0.20399418473243713,0.5789473684210527,0.24627349319507452,16.0,380.0
0.20189858973026276,0.5789473684210527,0.24692158133506156,16.0,381.0
0.20118379592895508,0.5789473684210527,0.2475696694750486,16.0,382.0
0.20084254443645477,0.5789473684210527,0.24821775761503564,16.0,383.0
0.20025521516799927,0.5789473684210527,0.24886584575502269,16.0,384.0
0.19987301528453827,0.5789473684210527,0.24951393389500973,16.0,385.0
0.19857610762119293,0.5789473684210527,0.25016202203499677,16.0,386.0
0.19825395941734314,0.5789473684210527,0.2508101101749838,16.0,387.0
0.1966274231672287,0.5789473684210527,0.25145819831497085,16.0,388.0
0.19626875221729279,0.5789473684210527,0.25210628645495786,16.0,389.0
0.19604647159576416,0.5789473684210527,0.25275437459494493,16.0,390.0
0.19514179229736328,0.5789473684210527,0.25340246273493194,16.0,391.0
0.19314603507518768,0.5789473684210527,0.254050550874919,16.0,392.0
0.19300927221775055,0.5789473684210527,0.254698639014906,16.0,393.0
0.19237345457077026,0.5789473684210527,0.25534672715489304,16.0,394.0
0.19041356444358826,0.5789473684210527,0.2559948152948801,16.0,395.0
0.18645018339157104,0.5789473684210527,0.2566429034348671,16.0,396.0
0.18566210567951202,0.5789473684210527,0.2572909915748542,16.0,397.0
0.18372543156147003,0.5789473684210527,0.2579390797148412,16.0,398.0
0.18351516127586365,0.5789473684210527,0.25858716785482827,16.0,399.0
0.18085706233978271,0.5789473684210527,0.2592352559948153,16.0,400.0
0.17945519089698792,0.5789473684210527,0.25988334413480235,16.0,401.0
0.17916527390480042,0.5789473684210527,0.26053143227478937,16.0,402.0
0.17727956175804138,0.5789473684210527,0.26117952041477643,16.0,403.0
0.17657271027565002,0.5789473684210527,0.26182760855476345,16.0,404.0
0.17611588537693024,0.5789473684210527,0.26247569669475046,16.0,405.0
0.1741526573896408,0.5789473684210527,0.26312378483473753,16.0,406.0
0.1732015311717987,0.5789473684210527,0.26377187297472454,16.0,407.0
0.17187629640102386,0.5789473684210527,0.2644199611147116,16.0,408.0
0.17040002346038818,0.5789473684210527,0.2650680492546986,16.0,409.0
0.169999897480011,0.5789473684210527,0.2657161373946857,16.0,410.0
0.16906459629535675,0.5789473684210527,0.2663642255346727,16.0,411.0
0.16735172271728516,0.5789473684210527,0.2670123136746598,16.0,412.0
0.16688846051692963,0.5789473684210527,0.2676604018146468,16.0,413.0
0.1663743257522583,0.5789473684210527,0.26830848995463386,16.0,414.0
0.16583266854286194,0.5789473684210527,0.26895657809462087,16.0,415.0
0.16573968529701233,0.5789473684210527,0.2696046662346079,16.0,416.0
0.16545499861240387,0.5789473684210527,0.27025275437459495,16.0,417.0
0.16530664265155792,0.5789473684210527,0.27090084251458196,16.0,418.0
0.16508923470973969,0.5789473684210527,0.27154893065456903,16.0,419.0
0.16452866792678833,0.5789473684210527,0.27219701879455604,16.0,420.0
0.16448843479156494,0.5789473684210527,0.2728451069345431,16.0,421.0
0.16218899190425873,0.5789473684210527,0.2734931950745301,16.0,422.0
0.15953771770000458,0.5789473684210527,0.2741412832145172,16.0,423.0
0.15909573435783386,0.5789473684210527,0.2747893713545042,16.0,424.0
0.15772905945777893,0.5789473684210527,0.2754374594944913,16.0,425.0
0.15759454667568207,0.5789473684210527,0.2760855476344783,16.0,426.0
0.15650516748428345,0.5789473684210527,0.2767336357744653,16.0,427.0
0.1561862975358963,0.5789473684210527,0.27738172391445237,16.0,428.0
0.15437926352024078,0.5789473684210527,0.2780298120544394,16.0,429.0
0.15437068045139313,0.5789473684210527,0.27867790019442645,16.0,430.0
0.15279611945152283,0.5789473684210527,0.27932598833441347,16.0,431.0
0.15154194831848145,0.5789473684210527,0.27997407647440054,16.0,432.0
0.1493631899356842,0.5789473684210527,0.28062216461438755,16.0,433.0
0.14898870885372162,0.5789473684210527,0.2812702527543746,16.0,434.0
0.14792008697986603,0.5789473684210527,0.28191834089436163,16.0,435.0
0.14723160862922668,0.5789473684210527,0.2825664290343487,16.0,436.0
0.14698608219623566,0.5789473684210527,0.2832145171743357,16.0,437.0
0.1456824541091919,0.5789473684210527,0.2838626053143227,16.0,438.0
0.14561277627944946,0.5789473684210527,0.2845106934543098,16.0,439.0
0.1407584249973297,0.5789473684210527,0.2851587815942968,16.0,440.0
0.139049232006073,0.5789473684210527,0.2858068697342839,16.0,441.0
0.13843800127506256,0.5789473684210527,0.2864549578742709,16.0,442.0
0.13670706748962402,0.5789473684210527,0.28710304601425796,16.0,443.0
0.1365208923816681,0.5789473684210527,0.28775113415424497,16.0,444.0
0.13341215252876282,0.5789473684210527,0.28839922229423204,16.0,445.0
0.13333193957805634,0.5789473684210527,0.28904731043421905,16.0,446.0
0.13249628245830536,0.5789473684210527,0.28969539857420606,16.0,447.0
0.131520614027977,0.5789473684210527,0.29034348671419313,16.0,448.0
0.1312985122203827,0.5789473684210527,0.29099157485418015,16.0,449.0
0.13090145587921143,0.5789473684210527,0.2916396629941672,16.0,450.0
0.12800820171833038,0.5789473684210527,0.29228775113415423,16.0,451.0
0.1265554130077362,0.5789473684210527,0.2929358392741413,16.0,452.0
0.12608122825622559,0.5789473684210527,0.2935839274141283,16.0,453.0
0.12581183016300201,0.5789473684210527,0.2942320155541154,16.0,454.0
0.1254098117351532,0.5789473684210527,0.2948801036941024,16.0,455.0
0.12456514686346054,0.5789473684210527,0.29552819183408946,16.0,456.0
0.12386803328990936,0.5789473684210527,0.2961762799740765,16.0,457.0
0.12310721725225449,0.5789473684210527,0.2968243681140635,16.0,458.0
0.123014435172081,0.5789473684210527,0.29747245625405055,16.0,459.0
0.12185335904359818,0.5789473684210527,0.29812054439403757,16.0,460.0
0.1208580806851387,0.5789473684210527,0.29876863253402464,16.0,461.0
0.11720205843448639,0.5789473684210527,0.29941672067401165,16.0,462.0
0.11665432900190353,0.5789473684210527,0.3000648088139987,16.0,463.0
0.1164402887225151,0.5789473684210527,0.30071289695398573,16.0,464.0
0.11587575078010559,0.5789473684210527,0.3013609850939728,16.0,465.0
0.11360526084899902,0.5789473684210527,0.3020090732339598,16.0,466.0
0.11331217736005783,0.5789473684210527,0.3026571613739469,16.0,467.0
0.1132981926202774,0.5789473684210527,0.3033052495139339,16.0,468.0
0.1113051176071167,0.5789473684210527,0.3039533376539209,16.0,469.0
0.11084629595279694,0.5789473684210527,0.304601425793908,16.0,470.0
0.11076918244361877,0.5789473684210527,0.305249513933895,16.0,471.0
0.10929425060749054,0.5789473684210527,0.30589760207388206,16.0,472.0
0.1092248409986496,0.5789473684210527,0.30654569021386907,16.0,473.0
0.10887214541435242,0.5789473684210527,0.30719377835385614,16.0,474.0
0.10750532895326614,0.5789473684210527,0.30784186649384315,16.0,475.0
0.10699183493852615,0.5789473684210527,0.3084899546338302,16.0,476.0
0.10666577517986298,0.5789473684210527,0.30913804277381723,16.0,477.0
0.1051793023943901,0.5789473684210527,0.3097861309138043,16.0,478.0
0.10462132096290588,0.5789473684210527,0.3104342190537913,16.0,479.0
0.10395576804876328,0.5789473684210527,0.31108230719377833,16.0,480.0
0.10302833467721939,0.5789473684210527,0.3117303953337654,16.0,481.0
0.10216754674911499,0.5789473684210527,0.3123784834737524,16.0,482.0
0.10116050392389297,0.5789473684210527,0.3130265716137395,16.0,483.0
0.10111948847770691,0.5789473684210527,0.3136746597537265,16.0,484.0
0.10024267435073853,0.5789473684210527,0.31432274789371356,16.0,485.0
0.10016261786222458,0.5789473684210527,0.3149708360337006,16.0,486.0
0.09995358437299728,0.5789473684210527,0.31561892417368764,16.0,487.0
0.09891752153635025,0.5789473684210527,0.31626701231367466,16.0,488.0
0.09870943427085876,0.5789473684210527,0.3169151004536617,16.0,489.0
0.09690508246421814,0.5789473684210527,0.31756318859364874,16.0,490.0
0.0965157002210617,0.5789473684210527,0.31821127673363575,16.0,491.0
0.09569639712572098,0.5789473684210527,0.3188593648736228,16.0,492.0
0.095364511013031,0.5789473684210527,0.31950745301360983,16.0,493.0
0.0945810079574585,0.5789473684210527,0.3201555411535969,16.0,494.0
0.0938875675201416,0.5789473684210527,0.3208036292935839,16.0,495.0
0.09290407598018646,0.5789473684210527,0.321451717433571,16.0,496.0
0.09256204217672348,0.5789473684210527,0.322099805573558,16.0,497.0
0.09144416451454163,0.5789473684210527,0.32274789371354506,16.0,498.0
0.09122991561889648,0.5789473684210527,0.3233959818535321,16.0,499.0
0.09070524573326111,0.5789473684210527,0.32404406999351915,16.0,500.0
0.09016013890504837,0.5789473684210527,0.32469215813350616,16.0,501.0
0.08997482061386108,0.5789473684210527,0.32534024627349317,16.0,502.0
0.08929659426212311,0.5789473684210527,0.32598833441348024,16.0,503.0
0.08802139014005661,0.5789473684210527,0.32663642255346725,16.0,504.0
0.08771999180316925,0.5789473684210527,0.3272845106934543,16.0,505.0
0.08695803582668304,0.5789473684210527,0.32793259883344134,16.0,506.0
0.08693123608827591,0.5789473684210527,0.3285806869734284,16.0,507.0
0.08482114970684052,0.5789473684210527,0.3292287751134154,16.0,508.0
0.08204322308301926,0.5789473684210527,0.3298768632534025,16.0,509.0
0.08171529322862625,0.5789473684210527,0.3305249513933895,16.0,510.0
0.08023469895124435,0.5789473684210527,0.3311730395333765,16.0,511.0
0.07964865863323212,0.5789473684210527,0.3318211276733636,16.0,512.0
0.07871482521295547,0.5789473684210527,0.3324692158133506,16.0,513.0
0.07740548253059387,0.5789473684210527,0.33311730395333766,16.0,514.0
0.0771806538105011,0.5789473684210527,0.3337653920933247,16.0,515.0
0.07689043134450912,0.5789473684210527,0.33441348023331174,16.0,516.0
0.07613334059715271,0.5789473684210527,0.33506156837329876,16.0,517.0
0.07576308399438858,0.5789473684210527,0.3357096565132858,16.0,518.0
0.07399003207683563,0.5789473684210527,0.33635774465327284,16.0,519.0
0.07178179919719696,0.5789473684210527,0.3370058327932599,16.0,520.0
0.07128363847732544,0.5789473684210527,0.3376539209332469,16.0,521.0
0.07029791921377182,0.5789473684210527,0.33830200907323393,16.0,522.0
0.06954003870487213,0.5789473684210527,0.338950097213221,16.0,523.0
0.06947122514247894,0.5789473684210527,0.339598185353208,16.0,524.0
0.06839320808649063,0.5789473684210527,0.3402462734931951,16.0,525.0
0.06824293732643127,0.5789473684210527,0.3408943616331821,16.0,526.0
0.06686408072710037,0.5789473684210527,0.34154244977316917,16.0,527.0
0.06630279123783112,0.5789473684210527,0.3421905379131562,16.0,528.0
0.06326980888843536,0.5789473684210527,0.34283862605314325,16.0,529.0
0.06190086528658867,0.5789473684210527,0.34348671419313026,16.0,530.0
0.05995655059814453,0.5789473684210527,0.34413480233311733,16.0,531.0
0.05974312871694565,0.5789473684210527,0.34478289047310434,16.0,532.0
0.05795901268720627,0.5789473684210527,0.34543097861309136,16.0,533.0
0.05795779451727867,0.5789473684210527,0.3460790667530784,16.0,534.0
0.05726051330566406,0.5789473684210527,0.34672715489306544,16.0,535.0
0.056719161570072174,0.5789473684210527,0.3473752430330525,16.0,536.0
0.0554012693464756,0.5789473684210527,0.3480233311730395,16.0,537.0
0.05518151819705963,0.5789473684210527,0.3486714193130266,16.0,538.0
0.05448248237371445,0.5789473684210527,0.3493195074530136,16.0,539.0
0.05210733786225319,0.5789473684210527,0.34996759559300067,16.0,540.0
0.05173575505614281,0.5789473684210527,0.3506156837329877,16.0,541.0
0.049342989921569824,0.5789473684210527,0.35126377187297475,16.0,542.0
0.04912726208567619,0.5789473684210527,0.35191186001296176,16.0,543.0
0.048597052693367004,0.5789473684210527,0.3525599481529488,16.0,544.0
0.04706761986017227,0.5789473684210527,0.35320803629293585,16.0,545.0
0.04638611525297165,0.5789473684210527,0.35385612443292286,16.0,546.0
0.046125058084726334,0.5789473684210527,0.3545042125729099,16.0,547.0
0.04592563956975937,0.5789473684210527,0.35515230071289694,16.0,548.0
0.045855067670345306,0.5789473684210527,0.355800388852884,16.0,549.0
0.04525715485215187,0.5789473684210527,0.356448476992871,16.0,550.0
0.04462216794490814,0.5789473684210527,0.3570965651328581,16.0,551.0
0.04442915692925453,0.5789473684210527,0.3577446532728451,16.0,552.0
0.04390470311045647,0.5789473684210527,0.35839274141283217,16.0,553.0
0.04152096062898636,0.5789473684210527,0.3590408295528192,16.0,554.0
0.041359830647706985,0.5789473684210527,0.3596889176928062,16.0,555.0
0.04064326733350754,0.5789473684210527,0.36033700583279327,16.0,556.0
0.039250023663043976,0.5789473684210527,0.3609850939727803,16.0,557.0
0.03855803608894348,0.5789473684210527,0.36163318211276735,16.0,558.0
0.03777419775724411,0.5789473684210527,0.36228127025275436,16.0,559.0
0.035638511180877686,0.5789473684210527,0.36292935839274143,16.0,560.0
0.03508475422859192,0.5789473684210527,0.36357744653272844,16.0,561.0
0.03479411453008652,0.5789473684210527,0.3642255346727155,16.0,562.0
0.033949870616197586,0.5789473684210527,0.3648736228127025,16.0,563.0
0.03256302699446678,0.5789473684210527,0.36552171095268954,16.0,564.0
0.03123425506055355,0.5789473684210527,0.3661697990926766,16.0,565.0
0.031001411378383636,0.5789473684210527,0.3668178872326636,16.0,566.0
0.03065267764031887,0.5789473684210527,0.3674659753726507,16.0,567.0
0.02874019555747509,0.5789473684210527,0.3681140635126377,16.0,568.0
0.027359724044799805,0.5789473684210527,0.36876215165262477,16.0,569.0
0.02729489468038082,0.5789473684210527,0.3694102397926118,16.0,570.0
0.027089210227131844,0.5789473684210527,0.37005832793259885,16.0,571.0
0.02689734846353531,0.5789473684210527,0.37070641607258586,16.0,572.0
0.026412343606352806,0.5789473684210527,0.37135450421257293,16.0,573.0
0.026397140696644783,0.5789473684210527,0.37200259235255995,16.0,574.0
0.024739960208535194,0.5789473684210527,0.37265068049254696,16.0,575.0
0.02336128242313862,0.5789473684210527,0.37329876863253403,16.0,576.0
0.021647851914167404,0.5789473684210527,0.37394685677252104,16.0,577.0
0.019974496215581894,0.5789473684210527,0.3745949449125081,16.0,578.0
0.01875925250351429,0.5789473684210527,0.3752430330524951,16.0,579.0
0.01717248372733593,0.5789473684210527,0.3758911211924822,16.0,580.0
0.017044270411133766,0.5789473684210527,0.3765392093324692,16.0,581.0
0.016517559066414833,0.5789473684210527,0.3771872974724563,16.0,582.0
0.01624291203916073,0.5789473684210527,0.3778353856124433,16.0,583.0
0.013007774949073792,0.5789473684210527,0.37848347375243035,16.0,584.0
0.011269653216004372,0.5789473684210527,0.37913156189241737,16.0,585.0
0.011105313897132874,0.5789473684210527,0.3797796500324044,16.0,586.0
0.009744062088429928,0.5789473684210527,0.38042773817239145,16.0,587.0
0.00791624840348959,0.5789473684210527,0.38107582631237846,16.0,588.0
0.007666225545108318,0.5789473684210527,0.38172391445236553,16.0,589.0
0.007414281368255615,0.5789473684210527,0.38237200259235254,16.0,590.0
0.00562362652271986,0.5789473684210527,0.3830200907323396,16.0,591.0
0.0047981757670640945,0.5789473684210527,0.3836681788723266,16.0,592.0
0.004725978709757328,0.5789473684210527,0.3843162670123137,16.0,593.0
0.003947402350604534,0.5789473684210527,0.3849643551523007,16.0,594.0
0.00221724109724164,0.5789473684210527,0.3856124432922878,16.0,595.0
0.0004044144006911665,0.5789473684210527,0.3862605314322748,16.0,596.0
0.00040178553899750113,0.5789473684210527,0.3869086195722618,16.0,597.0
0.00020755772129632533,0.5789473684210527,0.38755670771224887,16.0,598.0
-0.003298590425401926,0.5789473684210527,0.3882047958522359,16.0,599.0
-0.010623007081449032,0.5789473684210527,0.38885288399222295,16.0,600.0
-0.011769909411668777,0.5789473684210527,0.38950097213220997,16.0,601.0
-0.012147917412221432,0.5789473684210527,0.39014906027219703,16.0,602.0
-0.012835758738219738,0.5789473684210527,0.39079714841218405,16.0,603.0
-0.01292856689542532,0.5789473684210527,0.3914452365521711,16.0,604.0
-0.013289764523506165,0.5789473684210527,0.39209332469215813,16.0,605.0
-0.013451955281198025,0.5789473684210527,0.3927414128321452,16.0,606.0
-0.013623331673443317,0.5789473684210527,0.3933895009721322,16.0,607.0
-0.014721773564815521,0.5789473684210527,0.3940375891121192,16.0,608.0
-0.0164619330316782,0.5789473684210527,0.3946856772521063,16.0,609.0
-0.018104391172528267,0.5789473684210527,0.3953337653920933,16.0,610.0
-0.018382269889116287,0.5789473684210527,0.3959818535320804,16.0,611.0
-0.019936732947826385,0.5789473684210527,0.3966299416720674,16.0,612.0
-0.020059410482645035,0.5789473684210527,0.39727802981205446,16.0,613.0
-0.020265981554985046,0.5789473684210527,0.39792611795204147,16.0,614.0
-0.020660122856497765,0.5789473684210527,0.39857420609202854,16.0,615.0
-0.023351673036813736,0.5789473684210527,0.39922229423201555,16.0,616.0
-0.024756580591201782,0.5789473684210527,0.3998703823720026,16.0,617.0
-0.024956680834293365,0.5789473684210527,0.40051847051198963,16.0,618.0
-0.028995152562856674,0.5789473684210527,0.40116655865197665,16.0,619.0
-0.030720151960849762,0.5789473684210527,0.4018146467919637,16.0,620.0
-0.03165643289685249,0.5789473684210527,0.4024627349319507,16.0,621.0
-0.03426989167928696,0.5789473684210527,0.4031108230719378,16.0,622.0
-0.03593026101589203,0.5789473684210527,0.4037589112119248,16.0,623.0
-0.04061564430594444,0.5789473684210527,0.4044069993519119,16.0,624.0
-0.04128250107169151,0.5789473684210527,0.4050550874918989,16.0,625.0
-0.041590381413698196,0.5789473684210527,0.40570317563188596,16.0,626.0
-0.04351024702191353,0.5789473684210527,0.406351263771873,16.0,627.0
-0.044931650161743164,0.5789473684210527,0.40699935191186,16.0,628.0
-0.04533660039305687,0.5789473684210527,0.40764744005184705,16.0,629.0
-0.04686355963349342,0.5789473684210527,0.40829552819183407,16.0,630.0
-0.049614690244197845,0.5789473684210527,0.40894361633182114,16.0,631.0
-0.04962504282593727,0.5789473684210527,0.40959170447180815,16.0,632.0
-0.05179047957062721,0.5789473684210527,0.4102397926117952,16.0,633.0
-0.052200742065906525,0.5789473684210527,0.41088788075178223,16.0,634.0
-0.053564608097076416,0.5789473684210527,0.4115359688917693,16.0,635.0
-0.0539114773273468,0.5789473684210527,0.4121840570317563,16.0,636.0
-0.054954443126916885,0.5789473684210527,0.4128321451717434,16.0,637.0
-0.05679060518741608,0.5789473684210527,0.4134802333117304,16.0,638.0
-0.05985083058476448,0.5789473684210527,0.4141283214517174,16.0,639.0
-0.06150999665260315,0.5789473684210527,0.4147764095917045,16.0,640.0
-0.06535244733095169,0.5789473684210527,0.4154244977316915,16.0,641.0
-0.06701444089412689,0.5789473684210527,0.41607258587167856,16.0,642.0
-0.06737001240253448,0.5789473684210527,0.41672067401166557,16.0,643.0
-0.07312924414873123,0.5789473684210527,0.41736876215165264,16.0,644.0
-0.07554150372743607,0.5789473684210527,0.41801685029163965,16.0,645.0
-0.07819170504808426,0.5789473684210527,0.4186649384316267,16.0,646.0
-0.08199842274188995,0.5789473684210527,0.41931302657161373,16.0,647.0
-0.08201669901609421,0.5789473684210527,0.4199611147116008,16.0,648.0
-0.08419812470674515,0.5789473684210527,0.4206092028515878,16.0,649.0
-0.09165413677692413,0.5789473684210527,0.42125729099157483,16.0,650.0
-0.09586504846811295,0.5789473684210527,0.4219053791315619,16.0,651.0
-0.09616831690073013,0.5789473684210527,0.4225534672715489,16.0,652.0
-0.10084080696105957,0.5789473684210527,0.423201555411536,16.0,653.0
-0.10089059174060822,0.5789473684210527,0.423849643551523,16.0,654.0
-0.10441132634878159,0.5789473684210527,0.42449773169151006,16.0,655.0
-0.10469448566436768,0.5789473684210527,0.4251458198314971,16.0,656.0
-0.10592196136713028,0.5789473684210527,0.42579390797148414,16.0,657.0
-0.10755281895399094,0.5789473684210527,0.42644199611147116,16.0,658.0
-0.11253204941749573,0.5789473684210527,0.4270900842514582,16.0,659.0
-0.1127936989068985,0.5789473684210527,0.42773817239144524,16.0,660.0
-0.11705920100212097,0.5789473684210527,0.42838626053143225,16.0,661.0
-0.12006782740354538,0.5789473684210527,0.4290343486714193,16.0,662.0
-0.12248625606298447,0.5789473684210527,0.42968243681140633,16.0,663.0
-0.12812435626983643,0.5789473684210527,0.4303305249513934,16.0,664.0
-0.12854136526584625,0.5789473684210527,0.4309786130913804,16.0,665.0
-0.1302538514137268,0.5789473684210527,0.4316267012313675,16.0,666.0
-0.13301587104797363,0.5789473684210527,0.4322747893713545,16.0,667.0
-0.13304348289966583,0.5789473684210527,0.43292287751134156,16.0,668.0
-0.13359735906124115,0.5789473684210527,0.4335709656513286,16.0,669.0
-0.1377999484539032,0.5789473684210527,0.43421905379131565,16.0,670.0
-0.13886186480522156,0.5789473684210527,0.43486714193130266,16.0,671.0
-0.1424323469400406,0.5789473684210527,0.43551523007128967,16.0,672.0
-0.14296866953372955,0.5789473684210527,0.43616331821127674,16.0,673.0
-0.1436511129140854,0.5789473684210527,0.43681140635126375,16.0,674.0
-0.14389100670814514,0.5789473684210527,0.4374594944912508,16.0,675.0
-0.14566068351268768,0.5789473684210527,0.43810758263123784,16.0,676.0
-0.147538959980011,0.5789473684210527,0.4387556707712249,16.0,677.0
-0.14965762197971344,0.5789473684210527,0.4394037589112119,16.0,678.0
-0.1553429216146469,0.5789473684210527,0.440051847051199,16.0,679.0
-0.15961381793022156,0.5789473684210527,0.440699935191186,16.0,680.0
-0.15968596935272217,0.5789473684210527,0.44134802333117307,16.0,681.0
-0.16228708624839783,0.5789473684210527,0.4419961114711601,16.0,682.0
-0.1632811427116394,0.5789473684210527,0.4426441996111471,16.0,683.0
-0.16770297288894653,0.5789473684210527,0.44329228775113416,16.0,684.0
-0.16771245002746582,0.5789473684210527,0.4439403758911212,16.0,685.0
-0.1677258014678955,0.5789473684210527,0.44458846403110824,16.0,686.0
-0.16899852454662323,0.5789473684210527,0.44523655217109526,16.0,687.0
-0.17037402093410492,0.5789473684210527,0.4458846403110823,16.0,688.0
-0.1746959686279297,0.5789473684210527,0.44653272845106934,16.0,689.0
-0.17486941814422607,0.5789473684210527,0.4471808165910564,16.0,690.0
-0.17558935284614563,0.5789473684210527,0.4478289047310434,16.0,691.0
-0.17739878594875336,0.5789473684210527,0.44847699287103043,16.0,692.0
-0.17779137194156647,0.5789473684210527,0.4491250810110175,16.0,693.0
-0.17837601900100708,0.5789473684210527,0.4497731691510045,16.0,694.0
-0.18036986887454987,0.5789473684210527,0.4504212572909916,16.0,695.0
-0.18052785098552704,0.5789473684210527,0.4510693454309786,16.0,696.0
-0.1808752566576004,0.5789473684210527,0.45171743357096567,16.0,697.0
-0.18449558317661285,0.5789473684210527,0.4523655217109527,16.0,698.0
-0.19596967101097107,0.5789473684210527,0.45301360985093975,16.0,699.0
-0.19852305948734283,0.5789473684210527,0.45366169799092676,16.0,700.0
-0.2024451494216919,0.5789473684210527,0.45430978613091383,16.0,701.0
-0.20317669212818146,0.5789473684210527,0.45495787427090084,16.0,702.0
-0.20369376242160797,0.5789473684210527,0.45560596241088785,16.0,703.0
-0.20531032979488373,0.5789473684210527,0.4562540505508749,16.0,704.0
-0.2083459496498108,0.5789473684210527,0.45690213869086194,16.0,705.0
-0.2085430771112442,0.5789473684210527,0.457550226830849,16.0,706.0
-0.2128530740737915,0.5789473684210527,0.458198314970836,16.0,707.0
-0.2138800472021103,0.5789473684210527,0.4588464031108231,16.0,708.0
-0.21737684309482574,0.5789473684210527,0.4594944912508101,16.0,709.0
-0.2179144024848938,0.5789473684210527,0.46014257939079717,16.0,710.0
-0.22048251330852509,0.5789473684210527,0.4607906675307842,16.0,711.0
-0.22109869122505188,0.5789473684210527,0.46143875567077125,16.0,712.0
-0.22156007587909698,0.5789473684210527,0.46208684381075826,16.0,713.0
-0.22220493853092194,0.5789473684210527,0.4627349319507453,16.0,714.0
-0.22372551262378693,0.5789473684210527,0.46338302009073234,16.0,715.0
-0.22435258328914642,0.5789473684210527,0.46403110823071936,16.0,716.0
-0.22538551688194275,0.5789473684210527,0.4646791963707064,16.0,717.0
-0.22555571794509888,0.5789473684210527,0.46532728451069344,16.0,718.0
-0.2265416532754898,0.5789473684210527,0.4659753726506805,16.0,719.0
-0.2290613204240799,0.5789473684210527,0.4666234607906675,16.0,720.0
-0.22917434573173523,0.5789473684210527,0.4672715489306546,16.0,721.0
-0.2295101433992386,0.5789473684210527,0.4679196370706416,16.0,722.0
-0.23006190359592438,0.5789473684210527,0.46856772521062867,16.0,723.0
-0.23081806302070618,0.5789473684210527,0.4692158133506157,16.0,724.0
-0.2309299260377884,0.5789473684210527,0.4698639014906027,16.0,725.0
-0.2320222705602646,0.5789473684210527,0.47051198963058977,16.0,726.0
-0.23217056691646576,0.5789473684210527,0.4711600777705768,16.0,727.0
-0.23226889967918396,0.5789473684210527,0.47180816591056385,16.0,728.0
-0.23597371578216553,0.5789473684210527,0.47245625405055086,16.0,729.0
-0.2365388125181198,0.5789473684210527,0.47310434219053793,16.0,730.0
-0.23762433230876923,0.5789473684210527,0.47375243033052494,16.0,731.0
-0.24103660881519318,0.5789473684210527,0.474400518470512,16.0,732.0
-0.24123471975326538,0.5789473684210527,0.475048606610499,16.0,733.0
-0.2419443130493164,0.5789473684210527,0.4756966947504861,16.0,734.0
-0.24435724318027496,0.5789473684210527,0.4763447828904731,16.0,735.0
-0.24503029882907867,0.5789473684210527,0.4769928710304601,16.0,736.0
-0.2481568157672882,0.5789473684210527,0.4776409591704472,16.0,737.0
-0.2500016987323761,0.5789473684210527,0.4782890473104342,16.0,738.0
-0.2516326308250427,0.5789473684210527,0.47893713545042127,16.0,739.0
-0.252006858587265,0.5789473684210527,0.4795852235904083,16.0,740.0
-0.2535814940929413,0.5789473684210527,0.48023331173039535,16.0,741.0
-0.25372305512428284,0.5789473684210527,0.48088139987038236,16.0,742.0
-0.25427883863449097,0.5789473684210527,0.48152948801036943,16.0,743.0
-0.25556299090385437,0.5789473684210527,0.48217757615035645,16.0,744.0
-0.25560861825942993,0.5789473684210527,0.48282566429034346,16.0,745.0
-0.2594837248325348,0.5789473684210527,0.48347375243033053,16.0,746.0
-0.26287174224853516,0.5789473684210527,0.48412184057031754,16.0,747.0
-0.2653690576553345,0.5789473684210527,0.4847699287103046,16.0,748.0
-0.2671906352043152,0.5789473684210527,0.4854180168502916,16.0,749.0
-0.2673881947994232,0.5789473684210527,0.4860661049902787,16.0,750.0
-0.26766544580459595,0.5789473684210527,0.4867141931302657,16.0,751.0
-0.26804426312446594,0.5789473684210527,0.4873622812702528,16.0,752.0
-0.27147993445396423,0.5789473684210527,0.4880103694102398,16.0,753.0
-0.2724594175815582,0.5789473684210527,0.48865845755022685,16.0,754.0
-0.2728394865989685,0.5789473684210527,0.48930654569021387,16.0,755.0
-0.2729732394218445,0.5789473684210527,0.4899546338302009,16.0,756.0
-0.27695897221565247,0.5789473684210527,0.49060272197018795,16.0,757.0
-0.27723199129104614,0.5789473684210527,0.49125081011017496,16.0,758.0
-0.27943962812423706,0.5789473684210527,0.49189889825016203,16.0,759.0
-0.2804388403892517,0.5789473684210527,0.49254698639014904,16.0,760.0
-0.28089234232902527,0.5789473684210527,0.4931950745301361,16.0,761.0
-0.2835842967033386,0.5789473684210527,0.4938431626701231,16.0,762.0
-0.28366559743881226,0.5789473684210527,0.4944912508101102,16.0,763.0
-0.28804537653923035,0.5789473684210527,0.4951393389500972,16.0,764.0
-0.29136398434638977,0.5789473684210527,0.4957874270900843,16.0,765.0
-0.2926042675971985,0.5789473684210527,0.4964355152300713,16.0,766.0
-0.29456406831741333,0.5789473684210527,0.4970836033700583,16.0,767.0
-0.29973679780960083,0.5789473684210527,0.49773169151004537,16.0,768.0
-0.30394211411476135,0.5789473684210527,0.4983797796500324,16.0,769.0
-0.3058648407459259,0.5789473684210527,0.49902786779001945,16.0,770.0
-0.30727237462997437,0.5789473684210527,0.49967595593000647,16.0,771.0
-0.3149127960205078,0.5789473684210527,0.5003240440699935,16.0,772.0
-0.31575313210487366,0.5789473684210527,0.5009721322099806,16.0,773.0
-0.31659138202667236,0.5789473684210527,0.5016202203499676,16.0,774.0
-0.31847265362739563,0.5789473684210527,0.5022683084899546,16.0,775.0
-0.3211240768432617,0.5789473684210527,0.5029163966299417,16.0,776.0
-0.3228270411491394,0.5789473684210527,0.5035644847699287,16.0,777.0
-0.32291293144226074,0.5789473684210527,0.5042125729099157,16.0,778.0
-0.32437798380851746,0.5789473684210527,0.5048606610499028,16.0,779.0
-0.3250349164009094,0.5789473684210527,0.5055087491898899,16.0,780.0
-0.32568907737731934,0.5789473684210527,0.5061568373298768,16.0,781.0
-0.32597455382347107,0.5789473684210527,0.5068049254698639,16.0,782.0
-0.32766613364219666,0.5789473684210527,0.507453013609851,16.0,783.0
-0.33210045099258423,0.5789473684210527,0.508101101749838,16.0,784.0
-0.3343331813812256,0.5789473684210527,0.508749189889825,16.0,785.0
-0.3354548513889313,0.5789473684210527,0.509397278029812,16.0,786.0
-0.33686137199401855,0.5789473684210527,0.5100453661697991,16.0,787.0
-0.34146857261657715,0.5789473684210527,0.5106934543097861,16.0,788.0
-0.34581366181373596,0.5789473684210527,0.5113415424497731,16.0,789.0
-0.34669721126556396,0.5789473684210527,0.5119896305897602,16.0,790.0
-0.3472979664802551,0.5789473684210527,0.5126377187297473,16.0,791.0
-0.3480932414531708,0.5789473684210527,0.5132858068697342,16.0,792.0
-0.3486464023590088,0.5789473684210527,0.5139338950097213,16.0,793.0
-0.34913578629493713,0.5789473684210527,0.5145819831497084,16.0,794.0
-0.35083961486816406,0.5789473684210527,0.5152300712896954,16.0,795.0
-0.3508833646774292,0.5789473684210527,0.5158781594296824,16.0,796.0
-0.3520601689815521,0.5789473684210527,0.5165262475696695,16.0,797.0
-0.3545432686805725,0.5789473684210527,0.5171743357096565,16.0,798.0
-0.3576602637767792,0.5789473684210527,0.5178224238496435,16.0,799.0
-0.36145275831222534,0.5789473684210527,0.5184705119896306,16.0,800.0
-0.3630334138870239,0.5789473684210527,0.5191186001296176,16.0,801.0
-0.36461666226387024,0.5789473684210527,0.5197666882696047,16.0,802.0
-0.3655298352241516,0.5789473684210527,0.5204147764095917,16.0,803.0
-0.37001359462738037,0.5789473684210527,0.5210628645495787,16.0,804.0
-0.3715313673019409,0.5789473684210527,0.5217109526895658,16.0,805.0
-0.37206998467445374,0.5789473684210527,0.5223590408295529,16.0,806.0
-0.3720925748348236,0.5789473684210527,0.5230071289695398,16.0,807.0
-0.3721095621585846,0.5789473684210527,0.5236552171095269,16.0,808.0
-0.37232860922813416,0.5789473684210527,0.524303305249514,16.0,809.0
-0.37302955985069275,0.5789473684210527,0.5249513933895009,16.0,810.0
-0.374271422624588,0.5789473684210527,0.525599481529488,16.0,811.0
-0.37485042214393616,0.5789473684210527,0.5262475696694751,16.0,812.0
-0.3795972466468811,0.5789473684210527,0.5268956578094621,16.0,813.0
-0.38012924790382385,0.5789473684210527,0.5275437459494491,16.0,814.0
-0.38064756989479065,0.5789473684210527,0.5281918340894362,16.0,815.0
-0.38192591071128845,0.5789473684210527,0.5288399222294232,16.0,816.0
-0.38477280735969543,0.5789473684210527,0.5294880103694103,16.0,817.0
-0.3848453164100647,0.5789473684210527,0.5301360985093972,16.0,818.0
-0.3851639926433563,0.5789473684210527,0.5307841866493843,16.0,819.0
-0.38593533635139465,0.5789473684210527,0.5314322747893714,16.0,820.0
-0.38734859228134155,0.5789473684210527,0.5320803629293583,16.0,821.0
-0.38756462931632996,0.5789473684210527,0.5327284510693454,16.0,822.0
-0.38833680748939514,0.5789473684210527,0.5333765392093325,16.0,823.0
-0.3888343572616577,0.5789473684210527,0.5340246273493195,16.0,824.0
-0.3888978958129883,0.5789473684210527,0.5346727154893065,16.0,825.0
-0.38890305161476135,0.5789473684210527,0.5353208036292936,16.0,826.0
-0.39228105545043945,0.5789473684210527,0.5359688917692806,16.0,827.0
-0.39450007677078247,0.5789473684210527,0.5366169799092677,16.0,828.0
-0.39608034491539,0.5789473684210527,0.5372650680492547,16.0,829.0
-0.3990730345249176,0.5789473684210527,0.5379131561892417,16.0,830.0
-0.40191999077796936,0.5789473684210527,0.5385612443292288,16.0,831.0
-0.40221065282821655,0.5789473684210527,0.5392093324692158,16.0,832.0
-0.40262144804000854,0.5789473684210527,0.5398574206092028,16.0,833.0
-0.4032391905784607,0.5789473684210527,0.5405055087491899,16.0,834.0
-0.40352216362953186,0.5789473684210527,0.541153596889177,16.0,835.0
-0.4041811227798462,0.5789473684210527,0.5418016850291639,16.0,836.0
-0.4059494435787201,0.5789473684210527,0.542449773169151,16.0,837.0
-0.4079139828681946,0.5789473684210527,0.5430978613091381,16.0,838.0
-0.4155556261539459,0.5789473684210527,0.5437459494491251,16.0,839.0
-0.4162348806858063,0.5789473684210527,0.5443940375891121,16.0,840.0
-0.41674375534057617,0.5789473684210527,0.5450421257290992,16.0,841.0
-0.4176405966281891,0.5789473684210527,0.5456902138690862,16.0,842.0
-0.4186950922012329,0.5789473684210527,0.5463383020090732,16.0,843.0
-0.42056259512901306,0.5789473684210527,0.5469863901490603,16.0,844.0
-0.42507585883140564,0.5789473684210527,0.5476344782890473,16.0,845.0
-0.4251461625099182,0.5789473684210527,0.5482825664290344,16.0,846.0
-0.42630109190940857,0.5789473684210527,0.5489306545690213,16.0,847.0
-0.42721930146217346,0.5789473684210527,0.5495787427090084,16.0,848.0
-0.4276070296764374,0.5789473684210527,0.5502268308489955,16.0,849.0
-0.4278247356414795,0.5789473684210527,0.5508749189889826,16.0,850.0
-0.4280546307563782,0.5789473684210527,0.5515230071289695,16.0,851.0
-0.4284863770008087,0.5789473684210527,0.5521710952689566,16.0,852.0
-0.4309089481830597,0.5789473684210527,0.5528191834089436,16.0,853.0
-0.4319959580898285,0.5789473684210527,0.5534672715489306,16.0,854.0
-0.4323938488960266,0.5789473684210527,0.5541153596889177,16.0,855.0
-0.43240681290626526,0.5789473684210527,0.5547634478289047,16.0,856.0
-0.4367246627807617,0.5789473684210527,0.5554115359688918,16.0,857.0
-0.4421274960041046,0.5789473684210527,0.5560596241088788,16.0,858.0
-0.4421941637992859,0.5789473684210527,0.5567077122488658,16.0,859.0
-0.4430163502693176,0.5789473684210527,0.5573558003888529,16.0,860.0
-0.44316336512565613,0.5789473684210527,0.55800388852884,16.0,861.0
-0.44483858346939087,0.5789473684210527,0.5586519766688269,16.0,862.0
-0.44520723819732666,0.5789473684210527,0.559300064808814,16.0,863.0
-0.44571614265441895,0.5789473684210527,0.5599481529488011,16.0,864.0
-0.4476887881755829,0.5789473684210527,0.560596241088788,16.0,865.0
-0.44956842064857483,0.5789473684210527,0.5612443292287751,16.0,866.0
-0.451579213142395,0.5789473684210527,0.5618924173687622,16.0,867.0
-0.4520069360733032,0.5789473684210527,0.5625405055087492,16.0,868.0
-0.4535973072052002,0.5789473684210527,0.5631885936487362,16.0,869.0
-0.4539397656917572,0.5789473684210527,0.5638366817887233,16.0,870.0
-0.45695099234580994,0.5789473684210527,0.5644847699287103,16.0,871.0
-0.45742905139923096,0.5789473684210527,0.5651328580686974,16.0,872.0
-0.4579216241836548,0.5789473684210527,0.5657809462086844,16.0,873.0
-0.4592836797237396,0.5789473684210527,0.5664290343486714,16.0,874.0
-0.46013790369033813,0.5789473684210527,0.5670771224886585,16.0,875.0
-0.4612441956996918,0.5789473684210527,0.5677252106286454,16.0,876.0
-0.46419909596443176,0.5789473684210527,0.5683732987686325,16.0,877.0
-0.46491295099258423,0.5789473684210527,0.5690213869086196,16.0,878.0
-0.4663883447647095,0.5789473684210527,0.5696694750486067,16.0,879.0
-0.4674866795539856,0.5789473684210527,0.5703175631885936,16.0,880.0
-0.4682522714138031,0.5789473684210527,0.5709656513285807,16.0,881.0
-0.4696464538574219,0.5789473684210527,0.5716137394685677,16.0,882.0
-0.4714445471763611,0.5789473684210527,0.5722618276085548,16.0,883.0
-0.47226861119270325,0.5789473684210527,0.5729099157485418,16.0,884.0
-0.47313612699508667,0.5789473684210527,0.5735580038885288,16.0,885.0
-0.47343388199806213,0.5789473684210527,0.5742060920285159,16.0,886.0
-0.47358956933021545,0.5789473684210527,0.5748541801685029,16.0,887.0
-0.47394803166389465,0.5789473684210527,0.5755022683084899,16.0,888.0
-0.4758088290691376,0.5789473684210527,0.576150356448477,16.0,889.0
-0.47721385955810547,0.5789473684210527,0.5767984445884641,16.0,890.0
-0.47763440012931824,0.5789473684210527,0.577446532728451,16.0,891.0
-0.47919508814811707,0.5789473684210527,0.5780946208684381,16.0,892.0
-0.4798821806907654,0.5789473684210527,0.5787427090084252,16.0,893.0
-0.4802376627922058,0.5789473684210527,0.5793907971484121,16.0,894.0
-0.4806899428367615,0.5789473684210527,0.5800388852883992,16.0,895.0
-0.48268309235572815,0.5789473684210527,0.5806869734283863,16.0,896.0
-0.48302170634269714,0.5789473684210527,0.5813350615683733,16.0,897.0
-0.48606055974960327,0.5789473684210527,0.5819831497083603,16.0,898.0
-0.4872545897960663,0.5789473684210527,0.5826312378483474,16.0,899.0
-0.48982253670692444,0.5789473684210527,0.5832793259883344,16.0,900.0
-0.49160075187683105,0.5789473684210527,0.5839274141283215,16.0,901.0
-0.4928770661354065,0.5789473684210527,0.5845755022683085,16.0,902.0
-0.4948215186595917,0.5789473684210527,0.5852235904082955,16.0,903.0
-0.49628356099128723,0.5789473684210527,0.5858716785482826,16.0,904.0
-0.5000270009040833,0.5789473684210527,0.5865197666882696,16.0,905.0
-0.5023473501205444,0.5789473684210527,0.5871678548282566,16.0,906.0
-0.5025458335876465,0.5789473684210527,0.5878159429682437,16.0,907.0
-0.5025889873504639,0.5789473684210527,0.5884640311082308,16.0,908.0
-0.5043953061103821,0.5789473684210527,0.5891121192482177,16.0,909.0
-0.5047363042831421,0.5789473684210527,0.5897602073882048,16.0,910.0
-0.5051820278167725,0.5789473684210527,0.5904082955281919,16.0,911.0
-0.5059294104576111,0.5789473684210527,0.5910563836681789,16.0,912.0
-0.5063785910606384,0.5789473684210527,0.5917044718081659,16.0,913.0
-0.5101209878921509,0.5789473684210527,0.592352559948153,16.0,914.0
-0.5103523135185242,0.5789473684210527,0.59300064808814,16.0,915.0
-0.5122635960578918,0.5789473684210527,0.593648736228127,16.0,916.0
-0.5123965740203857,0.5789473684210527,0.594296824368114,16.0,917.0
-0.5136991739273071,0.5789473684210527,0.5949449125081011,16.0,918.0
-0.5150222182273865,0.5789473684210527,0.5955930006480882,16.0,919.0
-0.5150429606437683,0.5789473684210527,0.5962410887880751,16.0,920.0
-0.5152717232704163,0.5789473684210527,0.5968891769280622,16.0,921.0
-0.5177677273750305,0.5789473684210527,0.5975372650680493,16.0,922.0
-0.5180148482322693,0.5789473684210527,0.5981853532080363,16.0,923.0
-0.5186717510223389,0.5789473684210527,0.5988334413480233,16.0,924.0
-0.5195654630661011,0.5789473684210527,0.5994815294880104,16.0,925.0
-0.519815981388092,0.5789473684210527,0.6001296176279974,16.0,926.0
-0.5213452577590942,0.5789473684210527,0.6007777057679844,16.0,927.0
-0.5218251943588257,0.5789473684210527,0.6014257939079715,16.0,928.0
-0.5223657488822937,0.5789473684210527,0.6020738820479585,16.0,929.0
-0.5245800614356995,0.5789473684210527,0.6027219701879456,16.0,930.0
-0.5250429511070251,0.5789473684210527,0.6033700583279326,16.0,931.0
-0.5273736715316772,0.5789473684210527,0.6040181464679196,16.0,932.0
-0.5282720923423767,0.5789473684210527,0.6046662346079067,16.0,933.0
-0.5285398364067078,0.5789473684210527,0.6053143227478938,16.0,934.0
-0.5309014320373535,0.5789473684210527,0.6059624108878807,16.0,935.0
-0.5318399667739868,0.5789473684210527,0.6066104990278678,16.0,936.0
-0.5360625982284546,0.5789473684210527,0.6072585871678549,16.0,937.0
-0.5363783836364746,0.5789473684210527,0.6079066753078418,16.0,938.0
-0.5364129543304443,0.5789473684210527,0.6085547634478289,16.0,939.0
-0.5377982258796692,0.5789473684210527,0.609202851587816,16.0,940.0
-0.5390139222145081,0.5789473684210527,0.609850939727803,16.0,941.0
-0.5402631759643555,0.5789473684210527,0.61049902786779,16.0,942.0
-0.5405985116958618,0.5789473684210527,0.611147116007777,16.0,943.0
-0.5406933426856995,0.5789473684210527,0.6117952041477641,16.0,944.0
-0.5420461297035217,0.5789473684210527,0.6124432922877512,16.0,945.0
-0.5442944169044495,0.5789473684210527,0.6130913804277381,16.0,946.0
-0.5446325540542603,0.5789473684210527,0.6137394685677252,16.0,947.0
-0.5486335158348083,0.5789473684210527,0.6143875567077123,16.0,948.0
-0.5489920973777771,0.5789473684210527,0.6150356448476992,16.0,949.0
-0.5494188070297241,0.5789473684210527,0.6156837329876863,16.0,950.0
-0.5498183369636536,0.5789473684210527,0.6163318211276734,16.0,951.0
-0.5506493449211121,0.5789473684210527,0.6169799092676604,16.0,952.0
-0.5510439276695251,0.5789473684210527,0.6176279974076474,16.0,953.0
-0.5514481067657471,0.5789473684210527,0.6182760855476345,16.0,954.0
-0.5536243319511414,0.5789473684210527,0.6189241736876215,16.0,955.0
-0.5563319325447083,0.5789473684210527,0.6195722618276086,16.0,956.0
-0.5567703247070312,0.5789473684210527,0.6202203499675956,16.0,957.0
-0.5567716360092163,0.5789473684210527,0.6208684381075826,16.0,958.0
-0.5585219264030457,0.5789473684210527,0.6215165262475697,16.0,959.0
-0.5586079359054565,0.5789473684210527,0.6221646143875567,16.0,960.0
-0.5608641505241394,0.5789473684210527,0.6228127025275437,16.0,961.0
-0.5620054006576538,0.5789473684210527,0.6234607906675308,16.0,962.0
-0.5641883611679077,0.5789473684210527,0.6241088788075179,16.0,963.0
-0.568310022354126,0.5789473684210527,0.6247569669475048,16.0,964.0
-0.5730159878730774,0.5789473684210527,0.6254050550874919,16.0,965.0
-0.5738964080810547,0.5789473684210527,0.626053143227479,16.0,966.0
-0.5741096138954163,0.5789473684210527,0.626701231367466,16.0,967.0
-0.5779160857200623,0.5789473684210527,0.627349319507453,16.0,968.0
-0.5832433104515076,0.5789473684210527,0.62799740764744,16.0,969.0
-0.5857673287391663,0.5789473684210527,0.6286454957874271,16.0,970.0
-0.5872483253479004,0.5789473684210527,0.6292935839274141,16.0,971.0
-0.5931193232536316,0.5789473684210527,0.6299416720674011,16.0,972.0
-0.5932675004005432,0.5789473684210527,0.6305897602073882,16.0,973.0
-0.5942388772964478,0.5789473684210527,0.6312378483473753,16.0,974.0
-0.5948889255523682,0.5789473684210527,0.6318859364873622,16.0,975.0
-0.5950228571891785,0.5789473684210527,0.6325340246273493,16.0,976.0
-0.5982040762901306,0.5789473684210527,0.6331821127673364,16.0,977.0
-0.5997268557548523,0.5789473684210527,0.6338302009073234,16.0,978.0
-0.6000882983207703,0.5789473684210527,0.6344782890473104,16.0,979.0
-0.602599024772644,0.5789473684210527,0.6351263771872975,16.0,980.0
-0.6057034730911255,0.5789473684210527,0.6357744653272845,16.0,981.0
-0.6057458519935608,0.5789473684210527,0.6364225534672715,16.0,982.0
-0.607474684715271,0.5789473684210527,0.6370706416072586,16.0,983.0
-0.6085220575332642,0.5789473684210527,0.6377187297472456,16.0,984.0
-0.6103832721710205,0.5789473684210527,0.6383668178872327,16.0,985.0
-0.6109324097633362,0.5789473684210527,0.6390149060272197,16.0,986.0
-0.6112431883811951,0.5789473684210527,0.6396629941672067,16.0,987.0
-0.6123948097229004,0.5789473684210527,0.6403110823071938,16.0,988.0
-0.613829493522644,0.5789473684210527,0.6409591704471809,16.0,989.0
-0.6180837750434875,0.5789473684210527,0.6416072585871678,16.0,990.0
-0.6213507056236267,0.5789473684210527,0.6422553467271549,16.0,991.0
-0.6253757476806641,0.5789473684210527,0.642903434867142,16.0,992.0
-0.62628173828125,0.5789473684210527,0.6435515230071289,16.0,993.0
-0.6295722126960754,0.5789473684210527,0.644199611147116,16.0,994.0
-0.6329125165939331,0.5789473684210527,0.6448476992871031,16.0,995.0
-0.6330674886703491,0.5789473684210527,0.6454957874270901,16.0,996.0
-0.6336016654968262,0.5789473684210527,0.6461438755670771,16.0,997.0
-0.6345846056938171,0.5789473684210527,0.6467919637070642,16.0,998.0
-0.6346948742866516,0.5789473684210527,0.6474400518470512,16.0,999.0
-0.6350333094596863,0.5789473684210527,0.6480881399870383,16.0,1000.0
-0.6376782059669495,0.5789473684210527,0.6487362281270252,16.0,1001.0
-0.6419219970703125,0.5789473684210527,0.6493843162670123,16.0,1002.0
-0.6421658992767334,0.5789473684210527,0.6500324044069994,16.0,1003.0
-0.6470157504081726,0.5789473684210527,0.6506804925469863,16.0,1004.0
-0.6475847959518433,0.5789473684210527,0.6513285806869734,16.0,1005.0
-0.648388683795929,0.5789473684210527,0.6519766688269605,16.0,1006.0
-0.6484725475311279,0.5789473684210527,0.6526247569669476,16.0,1007.0
-0.6495090126991272,0.5789473684210527,0.6532728451069345,16.0,1008.0
-0.6508394479751587,0.5789473684210527,0.6539209332469216,16.0,1009.0
-0.6541868448257446,0.5789473684210527,0.6545690213869086,16.0,1010.0
-0.6591883301734924,0.5789473684210527,0.6552171095268956,16.0,1011.0
-0.6619517803192139,0.5789473684210527,0.6558651976668827,16.0,1012.0
-0.6626263856887817,0.5789473684210527,0.6565132858068697,16.0,1013.0
-0.6626378297805786,0.5789473684210527,0.6571613739468568,16.0,1014.0
-0.6632418036460876,0.5789473684210527,0.6578094620868438,16.0,1015.0
-0.6632457971572876,0.5789473684210527,0.6584575502268308,16.0,1016.0
-0.6645402908325195,0.5789473684210527,0.6591056383668179,16.0,1017.0
-0.666348934173584,0.5789473684210527,0.659753726506805,16.0,1018.0
-0.6680426001548767,0.5789473684210527,0.6604018146467919,16.0,1019.0
-0.6726152300834656,0.5789473684210527,0.661049902786779,16.0,1020.0
-0.6733421683311462,0.5789473684210527,0.6616979909267661,16.0,1021.0
-0.6736001968383789,0.5789473684210527,0.662346079066753,16.0,1022.0
-0.6780722737312317,0.5789473684210527,0.6629941672067401,16.0,1023.0
-0.6783740520477295,0.5789473684210527,0.6636422553467272,16.0,1024.0
-0.6784204840660095,0.5789473684210527,0.6642903434867142,16.0,1025.0
-0.6789422035217285,0.5789473684210527,0.6649384316267012,16.0,1026.0
-0.6791337728500366,0.5789473684210527,0.6655865197666883,16.0,1027.0
-0.6794038414955139,0.5789473684210527,0.6662346079066753,16.0,1028.0
-0.6819279789924622,0.5789473684210527,0.6668826960466624,16.0,1029.0
-0.6825411915779114,0.5789473684210527,0.6675307841866494,16.0,1030.0
-0.682969868183136,0.5789473684210527,0.6681788723266364,16.0,1031.0
-0.6836138367652893,0.5789473684210527,0.6688269604666235,16.0,1032.0
-0.6849424839019775,0.5789473684210527,0.6694750486066104,16.0,1033.0
-0.6870619654655457,0.5789473684210527,0.6701231367465975,16.0,1034.0
-0.687989354133606,0.5789473684210527,0.6707712248865846,16.0,1035.0
-0.688109278678894,0.5789473684210527,0.6714193130265717,16.0,1036.0
-0.6886416673660278,0.5789473684210527,0.6720674011665586,16.0,1037.0
-0.6887745261192322,0.5789473684210527,0.6727154893065457,16.0,1038.0
-0.6916743516921997,0.5789473684210527,0.6733635774465327,16.0,1039.0
-0.6968653202056885,0.5789473684210527,0.6740116655865198,16.0,1040.0
-0.6970837116241455,0.5789473684210527,0.6746597537265068,16.0,1041.0
-0.698424220085144,0.5789473684210527,0.6753078418664938,16.0,1042.0
-0.6985973715782166,0.5789473684210527,0.6759559300064809,16.0,1043.0
-0.6999310255050659,0.5789473684210527,0.6766040181464679,16.0,1044.0
-0.7020693421363831,0.5789473684210527,0.6772521062864549,16.0,1045.0
-0.7034107446670532,0.5789473684210527,0.677900194426442,16.0,1046.0
-0.7046416401863098,0.5789473684210527,0.6785482825664291,16.0,1047.0
-0.7050308585166931,0.5789473684210527,0.679196370706416,16.0,1048.0
-0.705307126045227,0.5789473684210527,0.6798444588464031,16.0,1049.0
-0.7066648006439209,0.5789473684210527,0.6804925469863902,16.0,1050.0
-0.7067482471466064,0.5789473684210527,0.6811406351263772,16.0,1051.0
-0.707787036895752,0.5789473684210527,0.6817887232663642,16.0,1052.0
-0.7078042030334473,0.5789473684210527,0.6824368114063513,16.0,1053.0
-0.7101923823356628,0.5789473684210527,0.6830848995463383,16.0,1054.0
-0.7120428681373596,0.5789473684210527,0.6837329876863253,16.0,1055.0
-0.712945818901062,0.5789473684210527,0.6843810758263124,16.0,1056.0
-0.7137473225593567,0.5789473684210527,0.6850291639662994,16.0,1057.0
-0.7137546539306641,0.5789473684210527,0.6856772521062865,16.0,1058.0
-0.7150520086288452,0.5789473684210527,0.6863253402462735,16.0,1059.0
-0.7157477736473083,0.5789473684210527,0.6869734283862605,16.0,1060.0
-0.7162459492683411,0.5789473684210527,0.6876215165262476,16.0,1061.0
-0.7190515398979187,0.5789473684210527,0.6882696046662347,16.0,1062.0
-0.723701000213623,0.5789473684210527,0.6889176928062216,16.0,1063.0
-0.7237462401390076,0.5789473684210527,0.6895657809462087,16.0,1064.0
-0.7241573929786682,0.5789473684210527,0.6902138690861958,16.0,1065.0
-0.7285789251327515,0.5789473684210527,0.6908619572261827,16.0,1066.0
-0.729120135307312,0.5789473684210527,0.6915100453661698,16.0,1067.0
-0.7292354702949524,0.5789473684210527,0.6921581335061568,16.0,1068.0
-0.7324727177619934,0.5789473684210527,0.6928062216461439,16.0,1069.0
-0.7339398860931396,0.5789473684210527,0.6934543097861309,16.0,1070.0
-0.735476553440094,0.5789473684210527,0.6941023979261179,16.0,1071.0
-0.735489547252655,0.5789473684210527,0.694750486066105,16.0,1072.0
-0.7371609210968018,0.5789473684210527,0.6953985742060921,16.0,1073.0
-0.7382333874702454,0.5789473684210527,0.696046662346079,16.0,1074.0
-0.7423397898674011,0.5789473684210527,0.6966947504860661,16.0,1075.0
-0.7423474192619324,0.5789473684210527,0.6973428386260532,16.0,1076.0
-0.7428826093673706,0.5789473684210527,0.6979909267660401,16.0,1077.0
-0.7444919347763062,0.5789473684210527,0.6986390149060272,16.0,1078.0
-0.7458734512329102,0.5789473684210527,0.6992871030460143,16.0,1079.0
-0.7471764087677002,0.5789473684210527,0.6999351911860013,16.0,1080.0
-0.7484316229820251,0.5789473684210527,0.7005832793259883,16.0,1081.0
-0.7513443231582642,0.5789473684210527,0.7012313674659754,16.0,1082.0
-0.7533800005912781,0.5789473684210527,0.7018794556059624,16.0,1083.0
-0.7550323009490967,0.5789473684210527,0.7025275437459495,16.0,1084.0
-0.7559471130371094,0.5789473684210527,0.7031756318859365,16.0,1085.0
-0.7560022473335266,0.5789473684210527,0.7038237200259235,16.0,1086.0
-0.7572847604751587,0.5789473684210527,0.7044718081659106,16.0,1087.0
-0.7584941983222961,0.5789473684210527,0.7051198963058976,16.0,1088.0
-0.7597849369049072,0.5789473684210527,0.7057679844458846,16.0,1089.0
-0.7607042789459229,0.5789473684210527,0.7064160725858717,16.0,1090.0
-0.7620261311531067,0.5789473684210527,0.7070641607258588,16.0,1091.0
-0.7620349526405334,0.5789473684210527,0.7077122488658457,16.0,1092.0
-0.7628434300422668,0.5789473684210527,0.7083603370058328,16.0,1093.0
-0.7633841037750244,0.5789473684210527,0.7090084251458199,16.0,1094.0
-0.7652893662452698,0.5789473684210527,0.7096565132858069,16.0,1095.0
-0.7655463814735413,0.5789473684210527,0.7103046014257939,16.0,1096.0
-0.7665544152259827,0.5789473684210527,0.710952689565781,16.0,1097.0
-0.7675787806510925,0.5789473684210527,0.711600777705768,16.0,1098.0
-0.7709212899208069,0.5789473684210527,0.712248865845755,16.0,1099.0
-0.771340548992157,0.5789473684210527,0.712896953985742,16.0,1100.0
-0.7721108198165894,0.5789473684210527,0.7135450421257291,16.0,1101.0
-0.7724825739860535,0.5789473684210527,0.7141931302657162,16.0,1102.0
-0.773318350315094,0.5789473684210527,0.7148412184057031,16.0,1103.0
-0.7753060460090637,0.5789473684210527,0.7154893065456902,16.0,1104.0
-0.775557816028595,0.5789473684210527,0.7161373946856773,16.0,1105.0
-0.77777099609375,0.5789473684210527,0.7167854828256643,16.0,1106.0
-0.7807033061981201,0.5789473684210527,0.7174335709656513,16.0,1107.0
-0.7820960879325867,0.5789473684210527,0.7180816591056384,16.0,1108.0
-0.7825741171836853,0.5789473684210527,0.7187297472456254,16.0,1109.0
-0.7826805114746094,0.5789473684210527,0.7193778353856124,16.0,1110.0
-0.7835131287574768,0.5789473684210527,0.7200259235255995,16.0,1111.0
-0.7853375673294067,0.5789473684210527,0.7206740116655865,16.0,1112.0
-0.7891729474067688,0.5789473684210527,0.7213220998055736,16.0,1113.0
-0.7911206483840942,0.5789473684210527,0.7219701879455606,16.0,1114.0
-0.7951759099960327,0.5789473684210527,0.7226182760855476,16.0,1115.0
-0.7981454133987427,0.5789473684210527,0.7232663642255347,16.0,1116.0
-0.7983565926551819,0.5789473684210527,0.7239144523655218,16.0,1117.0
-0.7986983060836792,0.5789473684210527,0.7245625405055087,16.0,1118.0
-0.7988566160202026,0.5789473684210527,0.7252106286454958,16.0,1119.0
-0.8010613918304443,0.5789473684210527,0.7258587167854829,16.0,1120.0
-0.8025190830230713,0.5789473684210527,0.7265068049254698,16.0,1121.0
-0.8030883073806763,0.5789473684210527,0.7271548930654569,16.0,1122.0
-0.8045253157615662,0.5789473684210527,0.727802981205444,16.0,1123.0
-0.8045441508293152,0.5789473684210527,0.728451069345431,16.0,1124.0
-0.8079526424407959,0.5789473684210527,0.729099157485418,16.0,1125.0
-0.8129832744598389,0.5789473684210527,0.729747245625405,16.0,1126.0
-0.81630939245224,0.5789473684210527,0.7303953337653921,16.0,1127.0
-0.8164729475975037,0.5789473684210527,0.7310434219053791,16.0,1128.0
-0.8170993328094482,0.5789473684210527,0.7316915100453661,16.0,1129.0
-0.8202128410339355,0.5789473684210527,0.7323395981853532,16.0,1130.0
-0.8205766677856445,0.5789473684210527,0.7329876863253403,16.0,1131.0
-0.820783793926239,0.5789473684210527,0.7336357744653272,16.0,1132.0
-0.820914626121521,0.5789473684210527,0.7342838626053143,16.0,1133.0
-0.8219240307807922,0.5789473684210527,0.7349319507453014,16.0,1134.0
-0.822430431842804,0.5789473684210527,0.7355800388852884,16.0,1135.0
-0.8230650424957275,0.5789473684210527,0.7362281270252754,16.0,1136.0
-0.8240084648132324,0.5789473684210527,0.7368762151652625,16.0,1137.0
-0.8243305087089539,0.5789473684210527,0.7375243033052495,16.0,1138.0
-0.8261250853538513,0.5789473684210527,0.7381723914452365,16.0,1139.0
-0.8278117775917053,0.5789473684210527,0.7388204795852236,16.0,1140.0
-0.8294278383255005,0.5789473684210527,0.7394685677252106,16.0,1141.0
-0.8305195569992065,0.5789473684210527,0.7401166558651977,16.0,1142.0
-0.8308112621307373,0.5789473684210527,0.7407647440051847,16.0,1143.0
-0.8310521841049194,0.5789473684210527,0.7414128321451717,16.0,1144.0
-0.831724226474762,0.5789473684210527,0.7420609202851588,16.0,1145.0
-0.8318307995796204,0.5789473684210527,0.7427090084251459,16.0,1146.0
-0.8324834704399109,0.5789473684210527,0.7433570965651328,16.0,1147.0
-0.8325626850128174,0.5789473684210527,0.7440051847051199,16.0,1148.0
-0.8339102268218994,0.5789473684210527,0.744653272845107,16.0,1149.0
-0.8353646397590637,0.5789473684210527,0.7453013609850939,16.0,1150.0
-0.8353676199913025,0.5789473684210527,0.745949449125081,16.0,1151.0
-0.8361402153968811,0.5789473684210527,0.7465975372650681,16.0,1152.0
-0.8378298282623291,0.5789473684210527,0.7472456254050551,16.0,1153.0
-0.8388904333114624,0.5789473684210527,0.7478937135450421,16.0,1154.0
-0.8390008807182312,0.5789473684210527,0.7485418016850292,16.0,1155.0
-0.8404704332351685,0.5789473684210527,0.7491898898250162,16.0,1156.0
-0.8411865830421448,0.5789473684210527,0.7498379779650033,16.0,1157.0
-0.8415871262550354,0.5789473684210527,0.7504860661049902,16.0,1158.0
-0.855471134185791,0.5789473684210527,0.7511341542449773,16.0,1159.0
-0.856079638004303,0.5789473684210527,0.7517822423849644,16.0,1160.0
-0.858040988445282,0.5789473684210527,0.7524303305249513,16.0,1161.0
-0.8585402965545654,0.5789473684210527,0.7530784186649384,16.0,1162.0
-0.8588466048240662,0.5789473684210527,0.7537265068049255,16.0,1163.0
-0.8652863502502441,0.5789473684210527,0.7543745949449125,16.0,1164.0
-0.869755208492279,0.5789473684210527,0.7550226830848995,16.0,1165.0
-0.8713183999061584,0.5789473684210527,0.7556707712248866,16.0,1166.0
-0.8714126348495483,0.5789473684210527,0.7563188593648736,16.0,1167.0
-0.8717791438102722,0.5789473684210527,0.7569669475048607,16.0,1168.0
-0.8733463883399963,0.5789473684210527,0.7576150356448477,16.0,1169.0
-0.8734458088874817,0.5789473684210527,0.7582631237848347,16.0,1170.0
-0.87922203540802,0.5789473684210527,0.7589112119248218,16.0,1171.0
-0.8795047402381897,0.5789473684210527,0.7595593000648088,16.0,1172.0
-0.8800222873687744,0.5789473684210527,0.7602073882047958,16.0,1173.0
-0.8800330758094788,0.5789473684210527,0.7608554763447829,16.0,1174.0
-0.880795955657959,0.5789473684210527,0.76150356448477,16.0,1175.0
-0.8825687766075134,0.5789473684210527,0.7621516526247569,16.0,1176.0
-0.8828955888748169,0.5789473684210527,0.762799740764744,16.0,1177.0
-0.884935200214386,0.5789473684210527,0.7634478289047311,16.0,1178.0
-0.8865276575088501,0.5789473684210527,0.7640959170447181,16.0,1179.0
-0.8866462111473083,0.5789473684210527,0.7647440051847051,16.0,1180.0
-0.8885595202445984,0.5789473684210527,0.7653920933246922,16.0,1181.0
-0.8893460631370544,0.5789473684210527,0.7660401814646792,16.0,1182.0
-0.8897070288658142,0.5789473684210527,0.7666882696046662,16.0,1183.0
-0.8898659348487854,0.5789473684210527,0.7673363577446533,16.0,1184.0
-0.8902460932731628,0.5789473684210527,0.7679844458846403,16.0,1185.0
-0.8907707333564758,0.5789473684210527,0.7686325340246274,16.0,1186.0
-0.8931955695152283,0.5789473684210527,0.7692806221646143,16.0,1187.0
-0.8951441645622253,0.5789473684210527,0.7699287103046014,16.0,1188.0
-0.8964065909385681,0.5789473684210527,0.7705767984445885,16.0,1189.0
-0.8973872065544128,0.5789473684210527,0.7712248865845756,16.0,1190.0
-0.8984836935997009,0.5789473684210527,0.7718729747245625,16.0,1191.0
-0.8987338542938232,0.5789473684210527,0.7725210628645496,16.0,1192.0
-0.9002299904823303,0.5789473684210527,0.7731691510045366,16.0,1193.0
-0.9026147127151489,0.5789473684210527,0.7738172391445236,16.0,1194.0
-0.9027477502822876,0.5789473684210527,0.7744653272845107,16.0,1195.0
-0.9034661054611206,0.5789473684210527,0.7751134154244977,16.0,1196.0
-0.9037517309188843,0.5789473684210527,0.7757615035644848,16.0,1197.0
-0.9046011567115784,0.5789473684210527,0.7764095917044718,16.0,1198.0
-0.9046117663383484,0.5789473684210527,0.7770576798444588,16.0,1199.0
-0.904905378818512,0.5789473684210527,0.7777057679844459,16.0,1200.0
-0.9067363739013672,0.5789473684210527,0.778353856124433,16.0,1201.0
-0.9073351621627808,0.5789473684210527,0.7790019442644199,16.0,1202.0
-0.9079303741455078,0.5789473684210527,0.779650032404407,16.0,1203.0
-0.9116736650466919,0.5789473684210527,0.7802981205443941,16.0,1204.0
-0.9141044020652771,0.5789473684210527,0.780946208684381,16.0,1205.0
-0.9142963886260986,0.5789473684210527,0.7815942968243681,16.0,1206.0
-0.9143747687339783,0.5789473684210527,0.7822423849643552,16.0,1207.0
-0.914961040019989,0.5789473684210527,0.7828904731043422,16.0,1208.0
-0.9181883931159973,0.5789473684210527,0.7835385612443292,16.0,1209.0
-0.9185407161712646,0.5789473684210527,0.7841866493843163,16.0,1210.0
-0.9196346998214722,0.5789473684210527,0.7848347375243033,16.0,1211.0
-0.9200250506401062,0.5789473684210527,0.7854828256642904,16.0,1212.0
-0.9204087257385254,0.5789473684210527,0.7861309138042774,16.0,1213.0
-0.9241736531257629,0.5789473684210527,0.7867790019442644,16.0,1214.0
-0.926260232925415,0.5789473684210527,0.7874270900842515,16.0,1215.0
-0.926613986492157,0.5789473684210527,0.7880751782242384,16.0,1216.0
-0.9282422065734863,0.5789473684210527,0.7887232663642255,16.0,1217.0
-0.9286815524101257,0.5789473684210527,0.7893713545042126,16.0,1218.0
-0.9316884279251099,0.5789473684210527,0.7900194426441997,16.0,1219.0
-0.934754490852356,0.5789473684210527,0.7906675307841866,16.0,1220.0
-0.9365372061729431,0.5789473684210527,0.7913156189241737,16.0,1221.0
-0.9370273947715759,0.5789473684210527,0.7919637070641607,16.0,1222.0
-0.9419055581092834,0.5789473684210527,0.7926117952041478,16.0,1223.0
-0.9423235058784485,0.5789473684210527,0.7932598833441348,16.0,1224.0
-0.9457430243492126,0.5789473684210527,0.7939079714841218,16.0,1225.0
-0.9464344382286072,0.5789473684210527,0.7945560596241089,16.0,1226.0
-0.947141170501709,0.5789473684210527,0.7952041477640959,16.0,1227.0
-0.9483374357223511,0.5789473684210527,0.7958522359040829,16.0,1228.0
-0.9496254324913025,0.5789473684210527,0.79650032404407,16.0,1229.0
-0.9500868916511536,0.5789473684210527,0.7971484121840571,16.0,1230.0
-0.9503633975982666,0.5789473684210527,0.797796500324044,16.0,1231.0
-0.9506821036338806,0.5789473684210527,0.7984445884640311,16.0,1232.0
-0.9519861340522766,0.5789473684210527,0.7990926766040182,16.0,1233.0
-0.9528306722640991,0.5789473684210527,0.7997407647440052,16.0,1234.0
-0.9540257453918457,0.5789473684210527,0.8003888528839922,16.0,1235.0
-0.9607228636741638,0.5789473684210527,0.8010369410239793,16.0,1236.0
-0.9651978015899658,0.5789473684210527,0.8016850291639663,16.0,1237.0
-0.9692362546920776,0.5789473684210527,0.8023331173039533,16.0,1238.0
-0.9711065888404846,0.5789473684210527,0.8029812054439404,16.0,1239.0
-0.9751719236373901,0.5789473684210527,0.8036292935839274,16.0,1240.0
-0.9790107607841492,0.5789473684210527,0.8042773817239145,16.0,1241.0
-0.9815068244934082,0.5789473684210527,0.8049254698639015,16.0,1242.0
-0.9816177487373352,0.5789473684210527,0.8055735580038885,16.0,1243.0
-0.9902215003967285,0.5789473684210527,0.8062216461438756,16.0,1244.0
-0.9905630946159363,0.5789473684210527,0.8068697342838627,16.0,1245.0
-0.9950217604637146,0.5789473684210527,0.8075178224238496,16.0,1246.0
-0.9954075813293457,0.5789473684210527,0.8081659105638367,16.0,1247.0
-0.9973642230033875,0.5789473684210527,0.8088139987038238,16.0,1248.0
-0.9989050626754761,0.5789473684210527,0.8094620868438107,16.0,1249.0
-1.0020166635513306,0.5789473684210527,0.8101101749837978,16.0,1250.0
-1.0044347047805786,0.5789473684210527,0.8107582631237849,16.0,1251.0
-1.0072007179260254,0.5789473684210527,0.8114063512637719,16.0,1252.0
-1.0088717937469482,0.5789473684210527,0.8120544394037589,16.0,1253.0
-1.0092412233352661,0.5789473684210527,0.812702527543746,16.0,1254.0
-1.0101332664489746,0.5789473684210527,0.813350615683733,16.0,1255.0
-1.0115947723388672,0.5789473684210527,0.81399870382372,16.0,1256.0
-1.0155433416366577,0.5789473684210527,0.814646791963707,16.0,1257.0
-1.0163273811340332,0.5789473684210527,0.8152948801036941,16.0,1258.0
-1.0163389444351196,0.5789473684210527,0.8159429682436812,16.0,1259.0
-1.0165306329727173,0.5789473684210527,0.8165910563836681,16.0,1260.0
-1.0167598724365234,0.5789473684210527,0.8172391445236552,16.0,1261.0
-1.0198719501495361,0.5789473684210527,0.8178872326636423,16.0,1262.0
-1.021438479423523,0.5789473684210527,0.8185353208036293,16.0,1263.0
-1.0216820240020752,0.5789473684210527,0.8191834089436163,16.0,1264.0
-1.027845859527588,0.5789473684210527,0.8198314970836034,16.0,1265.0
-1.0281319618225098,0.5789473684210527,0.8204795852235904,16.0,1266.0
-1.0302252769470215,0.5789473684210527,0.8211276733635774,16.0,1267.0
-1.030717372894287,0.5789473684210527,0.8217757615035645,16.0,1268.0
-1.0331522226333618,0.5789473684210527,0.8224238496435515,16.0,1269.0
-1.0331931114196777,0.5789473684210527,0.8230719377835386,16.0,1270.0
-1.0335290431976318,0.5789473684210527,0.8237200259235256,16.0,1271.0
-1.033914566040039,0.5789473684210527,0.8243681140635126,16.0,1272.0
-1.0376936197280884,0.5789473684210527,0.8250162022034997,16.0,1273.0
-1.038327693939209,0.5789473684210527,0.8256642903434868,16.0,1274.0
-1.0395087003707886,0.5789473684210527,0.8263123784834737,16.0,1275.0
-1.040066123008728,0.5789473684210527,0.8269604666234608,16.0,1276.0
-1.041517734527588,0.5789473684210527,0.8276085547634479,16.0,1277.0
-1.0423012971878052,0.5789473684210527,0.8282566429034348,16.0,1278.0
-1.0423698425292969,0.5789473684210527,0.8289047310434219,16.0,1279.0
-1.0460765361785889,0.5789473684210527,0.829552819183409,16.0,1280.0
-1.0486053228378296,0.5789473684210527,0.830200907323396,16.0,1281.0
-1.0486949682235718,0.5789473684210527,0.830848995463383,16.0,1282.0
-1.0491150617599487,0.5789473684210527,0.83149708360337,16.0,1283.0
-1.049470067024231,0.5789473684210527,0.8321451717433571,16.0,1284.0
-1.0518609285354614,0.5789473684210527,0.8327932598833442,16.0,1285.0
-1.052883267402649,0.5789473684210527,0.8334413480233311,16.0,1286.0
-1.0541408061981201,0.5789473684210527,0.8340894361633182,16.0,1287.0
-1.054611086845398,0.5789473684210527,0.8347375243033053,16.0,1288.0
-1.055574655532837,0.5789473684210527,0.8353856124432922,16.0,1289.0
-1.0585339069366455,0.5789473684210527,0.8360337005832793,16.0,1290.0
-1.0591048002243042,0.5789473684210527,0.8366817887232664,16.0,1291.0
-1.0598660707473755,0.5789473684210527,0.8373298768632534,16.0,1292.0
-1.0618677139282227,0.5789473684210527,0.8379779650032404,16.0,1293.0
-1.0662449598312378,0.5789473684210527,0.8386260531432275,16.0,1294.0
-1.0669751167297363,0.5789473684210527,0.8392741412832145,16.0,1295.0
-1.0681575536727905,0.5789473684210527,0.8399222294232016,16.0,1296.0
-1.0689059495925903,0.5789473684210527,0.8405703175631886,16.0,1297.0
-1.0700299739837646,0.5789473684210527,0.8412184057031756,16.0,1298.0
-1.0712045431137085,0.5789473684210527,0.8418664938431627,16.0,1299.0
-1.0717841386795044,0.5789473684210527,0.8425145819831497,16.0,1300.0
-1.0739428997039795,0.5789473684210527,0.8431626701231367,16.0,1301.0
-1.0795146226882935,0.5789473684210527,0.8438107582631238,16.0,1302.0
-1.079751968383789,0.5789473684210527,0.8444588464031109,16.0,1303.0
-1.0801011323928833,0.5789473684210527,0.8451069345430978,16.0,1304.0
-1.0853627920150757,0.5789473684210527,0.8457550226830849,16.0,1305.0
-1.0868594646453857,0.5789473684210527,0.846403110823072,16.0,1306.0
-1.0885694026947021,0.5789473684210527,0.847051198963059,16.0,1307.0
-1.0889346599578857,0.5789473684210527,0.847699287103046,16.0,1308.0
-1.0892281532287598,0.5789473684210527,0.848347375243033,16.0,1309.0
-1.0930289030075073,0.5789473684210527,0.8489954633830201,16.0,1310.0
-1.0987383127212524,0.5789473684210527,0.8496435515230071,16.0,1311.0
-1.1004810333251953,0.5789473684210527,0.8502916396629941,16.0,1312.0
-1.1008728742599487,0.5789473684210527,0.8509397278029812,16.0,1313.0
-1.1009796857833862,0.5789473684210527,0.8515878159429683,16.0,1314.0
-1.1027930974960327,0.5789473684210527,0.8522359040829552,16.0,1315.0
-1.1047391891479492,0.5789473684210527,0.8528839922229423,16.0,1316.0
-1.1050928831100464,0.5789473684210527,0.8535320803629294,16.0,1317.0
-1.1054013967514038,0.5789473684210527,0.8541801685029164,16.0,1318.0
-1.1088474988937378,0.5789473684210527,0.8548282566429034,16.0,1319.0
-1.1126664876937866,0.5789473684210527,0.8554763447828905,16.0,1320.0
-1.116603136062622,0.5789473684210527,0.8561244329228775,16.0,1321.0
-1.1177603006362915,0.5789473684210527,0.8567725210628645,16.0,1322.0
-1.1187777519226074,0.5789473684210527,0.8574206092028516,16.0,1323.0
-1.1202011108398438,0.5789473684210527,0.8580686973428386,16.0,1324.0
-1.1217131614685059,0.5789473684210527,0.8587167854828257,16.0,1325.0
-1.1218223571777344,0.5789473684210527,0.8593648736228127,16.0,1326.0
-1.1221445798873901,0.5789473684210527,0.8600129617627997,16.0,1327.0
-1.1226965188980103,0.5789473684210527,0.8606610499027868,16.0,1328.0
-1.1258927583694458,0.5789473684210527,0.8613091380427739,16.0,1329.0
-1.1264623403549194,0.5789473684210527,0.8619572261827608,16.0,1330.0
-1.1267366409301758,0.5789473684210527,0.8626053143227479,16.0,1331.0
-1.1273022890090942,0.5789473684210527,0.863253402462735,16.0,1332.0
-1.1278897523880005,0.5789473684210527,0.8639014906027219,16.0,1333.0
-1.1298089027404785,0.5789473684210527,0.864549578742709,16.0,1334.0
-1.1340523958206177,0.5789473684210527,0.8651976668826961,16.0,1335.0
-1.135109543800354,0.5789473684210527,0.8658457550226831,16.0,1336.0
-1.1360652446746826,0.5789473684210527,0.8664938431626701,16.0,1337.0
-1.1365493535995483,0.5789473684210527,0.8671419313026572,16.0,1338.0
-1.1377836465835571,0.5789473684210527,0.8677900194426442,16.0,1339.0
-1.1407866477966309,0.5789473684210527,0.8684381075826313,16.0,1340.0
-1.1409659385681152,0.5789473684210527,0.8690861957226182,16.0,1341.0
-1.1410056352615356,0.5789473684210527,0.8697342838626053,16.0,1342.0
-1.1429921388626099,0.5789473684210527,0.8703823720025924,16.0,1343.0
-1.1431188583374023,0.5789473684210527,0.8710304601425793,16.0,1344.0
-1.147652268409729,0.5789473684210527,0.8716785482825664,16.0,1345.0
-1.1491446495056152,0.5789473684210527,0.8723266364225535,16.0,1346.0
-1.1495599746704102,0.5789473684210527,0.8729747245625405,16.0,1347.0
-1.1500805616378784,0.5789473684210527,0.8736228127025275,16.0,1348.0
-1.1502790451049805,0.5789473684210527,0.8742709008425146,16.0,1349.0
-1.1521657705307007,0.5789473684210527,0.8749189889825016,16.0,1350.0
-1.1535791158676147,0.5789473684210527,0.8755670771224887,16.0,1351.0
-1.1544384956359863,0.5789473684210527,0.8762151652624757,16.0,1352.0
-1.1557222604751587,0.5789473684210527,0.8768632534024627,16.0,1353.0
-1.1563643217086792,0.5789473684210527,0.8775113415424498,16.0,1354.0
-1.161020040512085,0.5789473684210527,0.8781594296824368,16.0,1355.0
-1.162874698638916,0.5789473684210527,0.8788075178224238,16.0,1356.0
-1.1641967296600342,0.5789473684210527,0.8794556059624109,16.0,1357.0
-1.165124535560608,0.5789473684210527,0.880103694102398,16.0,1358.0
-1.1690115928649902,0.5789473684210527,0.8807517822423849,16.0,1359.0
-1.1708168983459473,0.5789473684210527,0.881399870382372,16.0,1360.0
-1.1749786138534546,0.5789473684210527,0.8820479585223591,16.0,1361.0
-1.1755291223526,0.5789473684210527,0.8826960466623461,16.0,1362.0
-1.180924892425537,0.5789473684210527,0.8833441348023331,16.0,1363.0
-1.1817642450332642,0.5789473684210527,0.8839922229423202,16.0,1364.0
-1.1825913190841675,0.5789473684210527,0.8846403110823072,16.0,1365.0
-1.1849629878997803,0.5789473684210527,0.8852883992222942,16.0,1366.0
-1.1850744485855103,0.5789473684210527,0.8859364873622813,16.0,1367.0
-1.1856858730316162,0.5789473684210527,0.8865845755022683,16.0,1368.0
-1.1866278648376465,0.5789473684210527,0.8872326636422554,16.0,1369.0
-1.1884909868240356,0.5789473684210527,0.8878807517822424,16.0,1370.0
-1.1889787912368774,0.5789473684210527,0.8885288399222294,16.0,1371.0
-1.1920299530029297,0.5789473684210527,0.8891769280622165,16.0,1372.0
-1.1938297748565674,0.5789473684210527,0.8898250162022034,16.0,1373.0
-1.193874478340149,0.5789473684210527,0.8904731043421905,16.0,1374.0
-1.1977320909500122,0.5789473684210527,0.8911211924821776,16.0,1375.0
-1.204704999923706,0.5789473684210527,0.8917692806221647,16.0,1376.0
-1.205485224723816,0.5789473684210527,0.8924173687621516,16.0,1377.0
-1.205895185470581,0.5789473684210527,0.8930654569021387,16.0,1378.0
-1.208892822265625,0.5789473684210527,0.8937135450421257,16.0,1379.0
-1.2102402448654175,0.5789473684210527,0.8943616331821128,16.0,1380.0
-1.211601734161377,0.5789473684210527,0.8950097213220998,16.0,1381.0
-1.212483286857605,0.5789473684210527,0.8956578094620868,16.0,1382.0
-1.2196123600006104,0.5789473684210527,0.8963058976020739,16.0,1383.0
-1.2208633422851562,0.5789473684210527,0.8969539857420609,16.0,1384.0
-1.2209559679031372,0.5789473684210527,0.8976020738820479,16.0,1385.0
-1.221786379814148,0.5789473684210527,0.898250162022035,16.0,1386.0
-1.2218581438064575,0.5789473684210527,0.8988982501620221,16.0,1387.0
-1.2228429317474365,0.5789473684210527,0.899546338302009,16.0,1388.0
-1.2235002517700195,0.5789473684210527,0.9001944264419961,16.0,1389.0
-1.2271593809127808,0.5789473684210527,0.9008425145819832,16.0,1390.0
-1.2297041416168213,0.5789473684210527,0.9014906027219702,16.0,1391.0
-1.2298272848129272,0.5789473684210527,0.9021386908619572,16.0,1392.0
-1.2311441898345947,0.5789473684210527,0.9027867790019443,16.0,1393.0
-1.2321194410324097,0.5789473684210527,0.9034348671419313,16.0,1394.0
-1.2344293594360352,0.5789473684210527,0.9040829552819183,16.0,1395.0
-1.2416175603866577,0.5789473684210527,0.9047310434219054,16.0,1396.0
-1.2418392896652222,0.5789473684210527,0.9053791315618924,16.0,1397.0
-1.2426888942718506,0.5789473684210527,0.9060272197018795,16.0,1398.0
-1.2432600259780884,0.5789473684210527,0.9066753078418665,16.0,1399.0
-1.2441567182540894,0.5789473684210527,0.9073233959818535,16.0,1400.0
-1.2469384670257568,0.5789473684210527,0.9079714841218406,16.0,1401.0
-1.2471656799316406,0.5789473684210527,0.9086195722618277,16.0,1402.0
-1.247199296951294,0.5789473684210527,0.9092676604018146,16.0,1403.0
-1.2494145631790161,0.5789473684210527,0.9099157485418017,16.0,1404.0
-1.2511317729949951,0.5789473684210527,0.9105638366817888,16.0,1405.0
-1.2518328428268433,0.5789473684210527,0.9112119248217757,16.0,1406.0
-1.2541651725769043,0.5789473684210527,0.9118600129617628,16.0,1407.0
-1.2581590414047241,0.5789473684210527,0.9125081011017498,16.0,1408.0
-1.2598130702972412,0.5789473684210527,0.9131561892417369,16.0,1409.0
-1.259924292564392,0.5789473684210527,0.9138042773817239,16.0,1410.0
-1.2607789039611816,0.5789473684210527,0.9144523655217109,16.0,1411.0
-1.2610327005386353,0.5789473684210527,0.915100453661698,16.0,1412.0
-1.2618727684020996,0.5789473684210527,0.9157485418016851,16.0,1413.0
-1.2626057863235474,0.5789473684210527,0.916396629941672,16.0,1414.0
-1.2653394937515259,0.5789473684210527,0.9170447180816591,16.0,1415.0
-1.267019510269165,0.5789473684210527,0.9176928062216462,16.0,1416.0
-1.272202968597412,0.5789473684210527,0.9183408943616331,16.0,1417.0
-1.2754453420639038,0.5789473684210527,0.9189889825016202,16.0,1418.0
-1.2758288383483887,0.5789473684210527,0.9196370706416073,16.0,1419.0
-1.297834873199463,0.5789473684210527,0.9202851587815943,16.0,1420.0
-1.3000963926315308,0.5789473684210527,0.9209332469215813,16.0,1421.0
-1.3078314065933228,0.5789473684210527,0.9215813350615684,16.0,1422.0
-1.3212844133377075,0.5789473684210527,0.9222294232015554,16.0,1423.0
-1.3216722011566162,0.5789473684210527,0.9228775113415425,16.0,1424.0
-1.3245939016342163,0.5789473684210527,0.9235255994815295,16.0,1425.0
-1.3400895595550537,0.5789473684210527,0.9241736876215165,16.0,1426.0
-1.349664568901062,0.5789473684210527,0.9248217757615036,16.0,1427.0
-1.3568947315216064,0.5789473684210527,0.9254698639014906,16.0,1428.0
-1.3731920719146729,0.5789473684210527,0.9261179520414776,16.0,1429.0
-1.3741868734359741,0.5789473684210527,0.9267660401814647,16.0,1430.0
-1.3745098114013672,0.5789473684210527,0.9274141283214518,16.0,1431.0
-1.38114333152771,0.5789473684210527,0.9280622164614387,16.0,1432.0
-1.393527626991272,0.5789473684210527,0.9287103046014258,16.0,1433.0
-1.3984432220458984,0.5789473684210527,0.9293583927414129,16.0,1434.0
-1.4033594131469727,0.5789473684210527,0.9300064808813999,16.0,1435.0
-1.4034745693206787,0.5789473684210527,0.9306545690213869,16.0,1436.0
-1.4067260026931763,0.5789473684210527,0.931302657161374,16.0,1437.0
-1.412722110748291,0.5789473684210527,0.931950745301361,16.0,1438.0
-1.4395095109939575,0.5789473684210527,0.932598833441348,16.0,1439.0
-1.4440770149230957,0.5789473684210527,0.933246921581335,16.0,1440.0
-1.4463356733322144,0.5789473684210527,0.9338950097213221,16.0,1441.0
-1.4469152688980103,0.5789473684210527,0.9345430978613092,16.0,1442.0
-1.4482629299163818,0.5789473684210527,0.9351911860012961,16.0,1443.0
-1.452436089515686,0.5789473684210527,0.9358392741412832,16.0,1444.0
-1.4628169536590576,0.5789473684210527,0.9364873622812703,16.0,1445.0
-1.473051905632019,0.5789473684210527,0.9371354504212573,16.0,1446.0
-1.4812921285629272,0.5789473684210527,0.9377835385612443,16.0,1447.0
-1.481919527053833,0.5789473684210527,0.9384316267012314,16.0,1448.0
-1.4836344718933105,0.5789473684210527,0.9390797148412184,16.0,1449.0
-1.487624168395996,0.5789473684210527,0.9397278029812054,16.0,1450.0
-1.4889075756072998,0.5789473684210527,0.9403758911211925,16.0,1451.0
-1.5236085653305054,0.5789473684210527,0.9410239792611795,16.0,1452.0
-1.5296931266784668,0.5789473684210527,0.9416720674011666,16.0,1453.0
-1.5384702682495117,0.5789473684210527,0.9423201555411536,16.0,1454.0
-1.5431315898895264,0.5789473684210527,0.9429682436811406,16.0,1455.0
-1.543704867362976,0.5789473684210527,0.9436163318211277,16.0,1456.0
-1.556710958480835,0.5789473684210527,0.9442644199611148,16.0,1457.0
-1.5571801662445068,0.5789473684210527,0.9449125081011017,16.0,1458.0
-1.5650248527526855,0.5789473684210527,0.9455605962410888,16.0,1459.0
-1.5683592557907104,0.5789473684210527,0.9462086843810759,16.0,1460.0
-1.5702753067016602,0.5789473684210527,0.9468567725210628,16.0,1461.0
-1.571113109588623,0.5789473684210527,0.9475048606610499,16.0,1462.0
-1.5796476602554321,0.5789473684210527,0.948152948801037,16.0,1463.0
-1.5797940492630005,0.5789473684210527,0.948801036941024,16.0,1464.0
-1.5836060047149658,0.5789473684210527,0.949449125081011,16.0,1465.0
-1.5928388833999634,0.5789473684210527,0.950097213220998,16.0,1466.0
-1.5972579717636108,0.5789473684210527,0.9507453013609851,16.0,1467.0
-1.608971357345581,0.5789473684210527,0.9513933895009722,16.0,1468.0
-1.6155459880828857,0.5789473684210527,0.9520414776409591,16.0,1469.0
-1.6170861721038818,0.5789473684210527,0.9526895657809462,16.0,1470.0
-1.6284056901931763,0.5789473684210527,0.9533376539209333,16.0,1471.0
-1.630246639251709,0.5789473684210527,0.9539857420609202,16.0,1472.0
-1.6303880214691162,0.5789473684210527,0.9546338302009073,16.0,1473.0
-1.6349976062774658,0.5789473684210527,0.9552819183408944,16.0,1474.0
-1.6369638442993164,0.5789473684210527,0.9559300064808814,16.0,1475.0
-1.6421477794647217,0.5789473684210527,0.9565780946208684,16.0,1476.0
-1.6427267789840698,0.5789473684210527,0.9572261827608555,16.0,1477.0
-1.6438493728637695,0.5789473684210527,0.9578742709008425,16.0,1478.0
-1.6470272541046143,0.5789473684210527,0.9585223590408296,16.0,1479.0
-1.6477007865905762,0.5789473684210527,0.9591704471808166,16.0,1480.0
-1.6560215950012207,0.5789473684210527,0.9598185353208036,16.0,1481.0
-1.6613014936447144,0.5789473684210527,0.9604666234607907,16.0,1482.0
-1.6659276485443115,0.5789473684210527,0.9611147116007777,16.0,1483.0
-1.6678242683410645,0.5789473684210527,0.9617627997407647,16.0,1484.0
-1.6686629056930542,0.5789473684210527,0.9624108878807518,16.0,1485.0
-1.6803628206253052,0.5789473684210527,0.9630589760207389,16.0,1486.0
-1.695457100868225,0.5789473684210527,0.9637070641607258,16.0,1487.0
-1.6990426778793335,0.5789473684210527,0.9643551523007129,16.0,1488.0
-1.7148257493972778,0.5789473684210527,0.9650032404407,16.0,1489.0
-1.7166019678115845,0.5789473684210527,0.9656513285806869,16.0,1490.0
-1.7286161184310913,0.5789473684210527,0.966299416720674,16.0,1491.0
-1.7417945861816406,0.5789473684210527,0.9669475048606611,16.0,1492.0
-1.758909821510315,0.5789473684210527,0.9675955930006481,16.0,1493.0
-1.761077880859375,0.5789473684210527,0.9682436811406351,16.0,1494.0
-1.7617021799087524,0.5789473684210527,0.9688917692806222,16.0,1495.0
-1.7652088403701782,0.5789473684210527,0.9695398574206092,16.0,1496.0
-1.766424536705017,0.5789473684210527,0.9701879455605963,16.0,1497.0
-1.7761266231536865,0.5789473684210527,0.9708360337005832,16.0,1498.0
-1.7805850505828857,0.5789473684210527,0.9714841218405703,16.0,1499.0
-1.7946676015853882,0.5789473684210527,0.9721322099805574,16.0,1500.0
-1.8105123043060303,0.5789473684210527,0.9727802981205443,16.0,1501.0
-1.8449053764343262,0.5789473684210527,0.9734283862605314,16.0,1502.0
-1.8545255661010742,0.5789473684210527,0.9740764744005185,16.0,1503.0
-1.8607850074768066,0.5789473684210527,0.9747245625405055,16.0,1504.0
-1.8852311372756958,0.5789473684210527,0.9753726506804925,16.0,1505.0
-1.895714521408081,0.5789473684210527,0.9760207388204796,16.0,1506.0
-1.9037110805511475,0.5789473684210527,0.9766688269604666,16.0,1507.0
-1.9063154458999634,0.5789473684210527,0.9773169151004537,16.0,1508.0
-1.9084471464157104,0.5789473684210527,0.9779650032404407,16.0,1509.0
-1.9246900081634521,0.5789473684210527,0.9786130913804277,16.0,1510.0
-1.9362035989761353,0.5789473684210527,0.9792611795204148,16.0,1511.0
-1.9494634866714478,0.5789473684210527,0.9799092676604018,16.0,1512.0
-1.9604532718658447,0.5789473684210527,0.9805573558003888,16.0,1513.0
-1.962137222290039,0.5789473684210527,0.9812054439403759,16.0,1514.0
-1.9908711910247803,0.5789473684210527,0.981853532080363,16.0,1515.0
-2.026139974594116,0.5789473684210527,0.9825016202203499,16.0,1516.0
-2.0293374061584473,0.5789473684210527,0.983149708360337,16.0,1517.0
-2.0419809818267822,0.5789473684210527,0.9837977965003241,16.0,1518.0
-2.0565037727355957,0.5789473684210527,0.9844458846403111,16.0,1519.0
-2.072664260864258,0.5789473684210527,0.9850939727802981,16.0,1520.0
-2.108402729034424,0.5789473684210527,0.9857420609202852,16.0,1521.0
-2.2310054302215576,0.5789473684210527,0.9863901490602722,16.0,1522.0
-2.2714624404907227,0.5789473684210527,0.9870382372002592,16.0,1523.0
-2.2991647720336914,0.5789473684210527,0.9876863253402463,16.0,1524.0
-2.3037924766540527,0.5789473684210527,0.9883344134802333,16.0,1525.0
-2.4406051635742188,0.5789473684210527,0.9889825016202204,16.0,1526.0
-2.487844228744507,0.5789473684210527,0.9896305897602073,16.0,1527.0
