score_threshold,miss_rate,FPPW,TP,FP
2.337373733520508,0.9736842105263158,0.0,1.0,0.0
1.6174471378326416,0.9736842105263158,0.0006480881399870382,1.0,1.0
1.4341223239898682,0.9473684210526316,0.0012961762799740765,2.0,2.0
1.4270139932632446,0.9473684210526316,0.0019442644199611147,2.0,3.0
1.4236773252487183,0.9473684210526316,0.002592352559948153,2.0,4.0
1.4234087467193604,0.9473684210526316,0.0032404406999351912,2.0,5.0
1.418138861656189,0.9473684210526316,0.0038885288399222295,2.0,6.0
1.3739482164382935,0.9210526315789473,0.004536616979909268,3.0,7.0
1.351243495941162,0.8947368421052632,0.005184705119896306,4.0,8.0
1.3506741523742676,0.8947368421052632,0.005832793259883344,4.0,9.0
1.3491939306259155,0.8947368421052632,0.0064808813998703824,4.0,10.0
1.3240702152252197,0.868421052631579,0.007128969539857421,5.0,11.0
1.3217707872390747,0.868421052631579,0.007777057679844459,5.0,12.0
1.2527364492416382,0.868421052631579,0.008425145819831496,5.0,13.0
1.2330950498580933,0.868421052631579,0.009073233959818535,5.0,14.0
1.2278505563735962,0.868421052631579,0.009721322099805573,5.0,15.0
1.167858600616455,0.868421052631579,0.010369410239792612,5.0,16.0
1.1541829109191895,0.868421052631579,0.01101749837977965,5.0,17.0
1.1524118185043335,0.868421052631579,0.011665586519766688,5.0,18.0
1.1473137140274048,0.8421052631578947,0.012313674659753726,6.0,19.0
1.1151491403579712,0.8157894736842105,0.012961762799740765,7.0,20.0
1.115112543106079,0.8157894736842105,0.013609850939727802,7.0,21.0
1.0966731309890747,0.8157894736842105,0.014257939079714841,7.0,22.0
1.0922354459762573,0.8157894736842105,0.014906027219701879,7.0,23.0
1.083642601966858,0.8157894736842105,0.015554115359688918,7.0,24.0
1.067247748374939,0.8157894736842105,0.016202203499675955,7.0,25.0
1.0452460050582886,0.8157894736842105,0.016850291639662993,7.0,26.0
1.0312533378601074,0.8157894736842105,0.017498379779650033,7.0,27.0
1.0308917760849,0.8157894736842105,0.01814646791963707,7.0,28.0
1.0271308422088623,0.8157894736842105,0.018794556059624108,7.0,29.0
1.0171678066253662,0.7894736842105263,0.019442644199611146,8.0,30.0
1.0156997442245483,0.7894736842105263,0.020090732339598186,8.0,31.0
1.0039598941802979,0.7894736842105263,0.020738820479585224,8.0,32.0
0.9898828864097595,0.7894736842105263,0.02138690861957226,8.0,33.0
0.9852291345596313,0.7894736842105263,0.0220349967595593,8.0,34.0
0.9701975584030151,0.7631578947368421,0.02268308489954634,9.0,35.0
0.9649010300636292,0.736842105263158,0.023331173039533377,10.0,36.0
0.9626120924949646,0.736842105263158,0.023979261179520414,10.0,37.0
0.9565443992614746,0.736842105263158,0.02462734931950745,10.0,38.0
0.9551145434379578,0.736842105263158,0.025275437459494492,10.0,39.0
0.9538686871528625,0.736842105263158,0.02592352559948153,10.0,40.0
0.9500823020935059,0.736842105263158,0.026571613739468567,10.0,41.0
0.942643940448761,0.7105263157894737,0.027219701879455604,11.0,42.0
0.9116082191467285,0.7105263157894737,0.027867790019442645,11.0,43.0
0.894037127494812,0.7105263157894737,0.028515878159429683,11.0,44.0
0.8858090043067932,0.7105263157894737,0.02916396629941672,11.0,45.0
0.8839489221572876,0.7105263157894737,0.029812054439403757,11.0,46.0
0.8722929358482361,0.7105263157894737,0.0304601425793908,11.0,47.0
0.8699647188186646,0.7105263157894737,0.031108230719377836,11.0,48.0
0.8615337014198303,0.7105263157894737,0.031756318859364877,11.0,49.0
0.8606597185134888,0.7105263157894737,0.03240440699935191,11.0,50.0
0.858797013759613,0.7105263157894737,0.03305249513933895,11.0,51.0
0.8574863076210022,0.7105263157894737,0.033700583279325985,11.0,52.0
0.8553950190544128,0.7105263157894737,0.034348671419313026,11.0,53.0
0.8549955487251282,0.7105263157894737,0.03499675955930007,11.0,54.0
0.853262722492218,0.7105263157894737,0.0356448476992871,11.0,55.0
0.8514566421508789,0.7105263157894737,0.03629293583927414,11.0,56.0
0.8498790860176086,0.7105263157894737,0.03694102397926118,11.0,57.0
0.8479059338569641,0.7105263157894737,0.037589112119248216,11.0,58.0
0.8380131721496582,0.7105263157894737,0.03823720025923526,11.0,59.0
0.8324628472328186,0.7105263157894737,0.03888528839922229,11.0,60.0
0.8311920166015625,0.7105263157894737,0.03953337653920933,11.0,61.0
0.8231356143951416,0.7105263157894737,0.04018146467919637,11.0,62.0
0.8132060766220093,0.7105263157894737,0.04082955281918341,11.0,63.0
0.8119875192642212,0.7105263157894737,0.04147764095917045,11.0,64.0
0.8080381751060486,0.7105263157894737,0.04212572909915749,11.0,65.0
0.8056655526161194,0.7105263157894737,0.04277381723914452,11.0,66.0
0.7970273494720459,0.7105263157894737,0.04342190537913156,11.0,67.0
0.7890644073486328,0.7105263157894737,0.0440699935191186,11.0,68.0
0.7831642627716064,0.7105263157894737,0.04471808165910564,11.0,69.0
0.7736314535140991,0.7105263157894737,0.04536616979909268,11.0,70.0
0.7734443545341492,0.7105263157894737,0.04601425793907971,11.0,71.0
0.7721068263053894,0.7105263157894737,0.046662346079066754,11.0,72.0
0.7663108110427856,0.7105263157894737,0.047310434219053794,11.0,73.0
0.7586157321929932,0.7105263157894737,0.04795852235904083,11.0,74.0
0.7483213543891907,0.7105263157894737,0.04860661049902787,11.0,75.0
0.7468827366828918,0.7105263157894737,0.0492546986390149,11.0,76.0
0.7459737062454224,0.7105263157894737,0.049902786779001944,11.0,77.0
0.7425920963287354,0.7105263157894737,0.050550874918988985,11.0,78.0
0.7421762943267822,0.7105263157894737,0.05119896305897602,11.0,79.0
0.7377169132232666,0.7105263157894737,0.05184705119896306,11.0,80.0
0.7370182275772095,0.7105263157894737,0.0524951393389501,11.0,81.0
0.7358754873275757,0.7105263157894737,0.053143227478937134,11.0,82.0
0.7268179059028625,0.7105263157894737,0.053791315618924175,11.0,83.0
0.7259095907211304,0.6842105263157895,0.05443940375891121,12.0,84.0
0.724830687046051,0.6842105263157895,0.05508749189889825,12.0,85.0
0.7245990037918091,0.6842105263157895,0.05573558003888529,12.0,86.0
0.7139014005661011,0.6578947368421053,0.056383668178872325,13.0,87.0
0.7099764347076416,0.6578947368421053,0.057031756318859365,13.0,88.0
0.7087712287902832,0.6578947368421053,0.057679844458846406,13.0,89.0
0.7078444361686707,0.6578947368421053,0.05832793259883344,13.0,90.0
0.7070266008377075,0.6578947368421053,0.05897602073882048,13.0,91.0
0.7067559957504272,0.6578947368421053,0.059624108878807515,13.0,92.0
0.7030320763587952,0.6578947368421053,0.060272197018794556,13.0,93.0
0.6871667504310608,0.6578947368421053,0.0609202851587816,13.0,94.0
0.686069667339325,0.6578947368421053,0.06156837329876863,13.0,95.0
0.6858311891555786,0.6578947368421053,0.06221646143875567,13.0,96.0
0.684381365776062,0.6578947368421053,0.06286454957874271,13.0,97.0
0.6814367175102234,0.6578947368421053,0.06351263771872975,13.0,98.0
0.6789645552635193,0.6578947368421053,0.06416072585871678,13.0,99.0
0.6774598956108093,0.6578947368421053,0.06480881399870382,13.0,100.0
0.6743914484977722,0.6578947368421053,0.06545690213869086,13.0,101.0
0.6740795969963074,0.6578947368421053,0.0661049902786779,13.0,102.0
0.6673083901405334,0.6578947368421053,0.06675307841866494,13.0,103.0
0.6653902530670166,0.6578947368421053,0.06740116655865197,13.0,104.0
0.662937343120575,0.6578947368421053,0.06804925469863901,13.0,105.0
0.6613913178443909,0.6578947368421053,0.06869734283862605,13.0,106.0
0.6548408269882202,0.6578947368421053,0.06934543097861309,13.0,107.0
0.6526346802711487,0.6578947368421053,0.06999351911860013,13.0,108.0
0.6524169445037842,0.6578947368421053,0.07064160725858717,13.0,109.0
0.651204526424408,0.6578947368421053,0.0712896953985742,13.0,110.0
0.6498324275016785,0.6578947368421053,0.07193778353856124,13.0,111.0
0.6484639644622803,0.6578947368421053,0.07258587167854828,13.0,112.0
0.6480923295021057,0.6578947368421053,0.07323395981853532,13.0,113.0
0.6474899649620056,0.6578947368421053,0.07388204795852236,13.0,114.0
0.6422431468963623,0.6578947368421053,0.07453013609850939,13.0,115.0
0.6378588676452637,0.6578947368421053,0.07517822423849643,13.0,116.0
0.6369112133979797,0.6578947368421053,0.07582631237848347,13.0,117.0
0.6361881494522095,0.6578947368421053,0.07647440051847051,13.0,118.0
0.6310344338417053,0.6578947368421053,0.07712248865845756,13.0,119.0
0.6238889098167419,0.631578947368421,0.07777057679844458,14.0,120.0
0.6218822598457336,0.631578947368421,0.07841866493843162,14.0,121.0
0.6168146729469299,0.631578947368421,0.07906675307841866,14.0,122.0
0.6152804493904114,0.631578947368421,0.0797148412184057,14.0,123.0
0.6143537163734436,0.631578947368421,0.08036292935839275,14.0,124.0
0.6140069961547852,0.631578947368421,0.08101101749837979,14.0,125.0
0.612489640712738,0.631578947368421,0.08165910563836681,14.0,126.0
0.6072130799293518,0.631578947368421,0.08230719377835385,14.0,127.0
0.6039665341377258,0.631578947368421,0.0829552819183409,14.0,128.0
0.6029976606369019,0.631578947368421,0.08360337005832794,14.0,129.0
0.591907262802124,0.631578947368421,0.08425145819831498,14.0,130.0
0.5900008678436279,0.631578947368421,0.084899546338302,14.0,131.0
0.5868880152702332,0.631578947368421,0.08554763447828904,14.0,132.0
0.5848954916000366,0.631578947368421,0.08619572261827609,14.0,133.0
0.5828186273574829,0.631578947368421,0.08684381075826313,14.0,134.0
0.5813642144203186,0.631578947368421,0.08749189889825017,14.0,135.0
0.5802037715911865,0.631578947368421,0.0881399870382372,14.0,136.0
0.5778776407241821,0.631578947368421,0.08878807517822424,14.0,137.0
0.5757442712783813,0.631578947368421,0.08943616331821128,14.0,138.0
0.573276937007904,0.631578947368421,0.09008425145819832,14.0,139.0
0.5691677927970886,0.631578947368421,0.09073233959818536,14.0,140.0
0.5630140900611877,0.631578947368421,0.09138042773817238,14.0,141.0
0.5625697374343872,0.631578947368421,0.09202851587815943,14.0,142.0
0.5592334866523743,0.631578947368421,0.09267660401814647,14.0,143.0
0.5554108619689941,0.631578947368421,0.09332469215813351,14.0,144.0
0.5448595285415649,0.631578947368421,0.09397278029812055,14.0,145.0
0.5438232421875,0.631578947368421,0.09462086843810759,14.0,146.0
0.5419715046882629,0.631578947368421,0.09526895657809462,14.0,147.0
0.5370302796363831,0.631578947368421,0.09591704471808166,14.0,148.0
0.5357841849327087,0.631578947368421,0.0965651328580687,14.0,149.0
0.5344849228858948,0.631578947368421,0.09721322099805574,14.0,150.0
0.53374844789505,0.631578947368421,0.09786130913804278,14.0,151.0
0.5321556329727173,0.631578947368421,0.0985093972780298,14.0,152.0
0.5297121405601501,0.631578947368421,0.09915748541801685,14.0,153.0
0.5266003608703613,0.631578947368421,0.09980557355800389,14.0,154.0
0.5253787040710449,0.631578947368421,0.10045366169799093,14.0,155.0
0.5209445953369141,0.631578947368421,0.10110174983797797,14.0,156.0
0.5172486305236816,0.631578947368421,0.101749837977965,14.0,157.0
0.5170191526412964,0.631578947368421,0.10239792611795204,14.0,158.0
0.5143948793411255,0.631578947368421,0.10304601425793908,14.0,159.0
0.5134484171867371,0.631578947368421,0.10369410239792612,14.0,160.0
0.5108053088188171,0.631578947368421,0.10434219053791316,14.0,161.0
0.5076475739479065,0.631578947368421,0.1049902786779002,14.0,162.0
0.5066710114479065,0.631578947368421,0.10563836681788723,14.0,163.0
0.5058130025863647,0.631578947368421,0.10628645495787427,14.0,164.0
0.5046638250350952,0.631578947368421,0.10693454309786131,14.0,165.0
0.5029356479644775,0.631578947368421,0.10758263123784835,14.0,166.0
0.5023317337036133,0.631578947368421,0.10823071937783539,14.0,167.0
0.4970303475856781,0.631578947368421,0.10887880751782242,14.0,168.0
0.49355435371398926,0.631578947368421,0.10952689565780946,14.0,169.0
0.4918893277645111,0.631578947368421,0.1101749837977965,14.0,170.0
0.49177032709121704,0.631578947368421,0.11082307193778354,14.0,171.0
0.49119052290916443,0.631578947368421,0.11147116007777058,14.0,172.0
0.4908175468444824,0.631578947368421,0.11211924821775761,14.0,173.0
0.4879953861236572,0.631578947368421,0.11276733635774465,14.0,174.0
0.48746272921562195,0.631578947368421,0.11341542449773169,14.0,175.0
0.48736506700515747,0.631578947368421,0.11406351263771873,14.0,176.0
0.483309805393219,0.631578947368421,0.11471160077770577,14.0,177.0
0.4823662042617798,0.631578947368421,0.11535968891769281,14.0,178.0
0.48045212030410767,0.631578947368421,0.11600777705767984,14.0,179.0
0.47741466760635376,0.631578947368421,0.11665586519766688,14.0,180.0
0.47548526525497437,0.631578947368421,0.11730395333765392,14.0,181.0
0.47288721799850464,0.631578947368421,0.11795204147764096,14.0,182.0
0.4649640917778015,0.631578947368421,0.118600129617628,14.0,183.0
0.46256381273269653,0.631578947368421,0.11924821775761503,14.0,184.0
0.46148616075515747,0.631578947368421,0.11989630589760207,14.0,185.0
0.4587440490722656,0.631578947368421,0.12054439403758911,14.0,186.0
0.4581553041934967,0.631578947368421,0.12119248217757615,14.0,187.0
0.4579293429851532,0.631578947368421,0.1218405703175632,14.0,188.0
0.45788639783859253,0.631578947368421,0.12248865845755022,14.0,189.0
0.4541972875595093,0.631578947368421,0.12313674659753726,14.0,190.0
0.4516473710536957,0.631578947368421,0.1237848347375243,14.0,191.0
0.45137786865234375,0.631578947368421,0.12443292287751134,14.0,192.0
0.45066145062446594,0.631578947368421,0.12508101101749838,14.0,193.0
0.4488578140735626,0.631578947368421,0.12572909915748542,14.0,194.0
0.44588348269462585,0.631578947368421,0.12637718729747247,14.0,195.0
0.44395729899406433,0.631578947368421,0.1270252754374595,14.0,196.0
0.4426515996456146,0.631578947368421,0.12767336357744652,14.0,197.0
0.43974918127059937,0.631578947368421,0.12832145171743356,14.0,198.0
0.4390670955181122,0.631578947368421,0.1289695398574206,14.0,199.0
0.43364229798316956,0.631578947368421,0.12961762799740764,14.0,200.0
0.4277530610561371,0.631578947368421,0.13026571613739468,14.0,201.0
0.42743444442749023,0.631578947368421,0.13091380427738172,14.0,202.0
0.42421796917915344,0.631578947368421,0.13156189241736876,14.0,203.0
0.4229828119277954,0.631578947368421,0.1322099805573558,14.0,204.0
0.4225231111049652,0.631578947368421,0.13285806869734285,14.0,205.0
0.41909104585647583,0.631578947368421,0.1335061568373299,14.0,206.0
0.41907191276550293,0.631578947368421,0.13415424497731693,14.0,207.0
0.41714590787887573,0.631578947368421,0.13480233311730394,14.0,208.0
0.4153437316417694,0.631578947368421,0.13545042125729098,14.0,209.0
0.4147731363773346,0.631578947368421,0.13609850939727802,14.0,210.0
0.41120555996894836,0.631578947368421,0.13674659753726506,14.0,211.0
0.4070224165916443,0.631578947368421,0.1373946856772521,14.0,212.0
0.40163731575012207,0.631578947368421,0.13804277381723914,14.0,213.0
0.40063947439193726,0.631578947368421,0.13869086195722619,14.0,214.0
0.4006071984767914,0.631578947368421,0.13933895009721323,14.0,215.0
0.4002622365951538,0.631578947368421,0.13998703823720027,14.0,216.0
0.39920487999916077,0.631578947368421,0.1406351263771873,14.0,217.0
0.3988420367240906,0.631578947368421,0.14128321451717435,14.0,218.0
0.3953211009502411,0.631578947368421,0.14193130265716136,14.0,219.0
0.3948308229446411,0.631578947368421,0.1425793907971484,14.0,220.0
0.3941297233104706,0.631578947368421,0.14322747893713544,14.0,221.0
0.3937567174434662,0.631578947368421,0.14387556707712248,14.0,222.0
0.3910220265388489,0.631578947368421,0.14452365521710953,14.0,223.0
0.39044898748397827,0.631578947368421,0.14517174335709657,14.0,224.0
0.38527047634124756,0.631578947368421,0.1458198314970836,14.0,225.0
0.3842141032218933,0.631578947368421,0.14646791963707065,14.0,226.0
0.3812050223350525,0.631578947368421,0.1471160077770577,14.0,227.0
0.38050925731658936,0.631578947368421,0.14776409591704473,14.0,228.0
0.37981662154197693,0.631578947368421,0.14841218405703174,14.0,229.0
0.3775462806224823,0.631578947368421,0.14906027219701878,14.0,230.0
0.3743782639503479,0.631578947368421,0.14970836033700582,14.0,231.0
0.3719327747821808,0.631578947368421,0.15035644847699287,14.0,232.0
0.37052011489868164,0.631578947368421,0.1510045366169799,14.0,233.0
0.36740532517433167,0.631578947368421,0.15165262475696695,14.0,234.0
0.36700353026390076,0.631578947368421,0.152300712896954,14.0,235.0
0.3663507401943207,0.631578947368421,0.15294880103694103,14.0,236.0
0.365043580532074,0.631578947368421,0.15359688917692807,14.0,237.0
0.36430928111076355,0.631578947368421,0.1542449773169151,14.0,238.0
0.3638312816619873,0.631578947368421,0.15489306545690215,14.0,239.0
0.36120322346687317,0.631578947368421,0.15554115359688916,14.0,240.0
0.36116981506347656,0.631578947368421,0.1561892417368762,14.0,241.0
0.35914868116378784,0.631578947368421,0.15683732987686325,14.0,242.0
0.3564276695251465,0.631578947368421,0.1574854180168503,14.0,243.0
0.35621052980422974,0.631578947368421,0.15813350615683733,14.0,244.0
0.35049283504486084,0.631578947368421,0.15878159429682437,14.0,245.0
0.35029590129852295,0.631578947368421,0.1594296824368114,14.0,246.0
0.34970706701278687,0.631578947368421,0.16007777057679845,14.0,247.0
0.3496938943862915,0.631578947368421,0.1607258587167855,14.0,248.0
0.34660661220550537,0.631578947368421,0.16137394685677253,14.0,249.0
0.3456617593765259,0.631578947368421,0.16202203499675957,14.0,250.0
0.3428061008453369,0.631578947368421,0.16267012313674659,14.0,251.0
0.3426486849784851,0.631578947368421,0.16331821127673363,14.0,252.0
0.3383699953556061,0.631578947368421,0.16396629941672067,14.0,253.0
0.3342705965042114,0.631578947368421,0.1646143875567077,14.0,254.0
0.3333999812602997,0.631578947368421,0.16526247569669475,14.0,255.0
0.3309462070465088,0.631578947368421,0.1659105638366818,14.0,256.0
0.3284388482570648,0.631578947368421,0.16655865197666883,14.0,257.0
0.32841700315475464,0.631578947368421,0.16720674011665587,14.0,258.0
0.32800641655921936,0.631578947368421,0.1678548282566429,14.0,259.0
0.3270365297794342,0.631578947368421,0.16850291639662995,14.0,260.0
0.3257133662700653,0.631578947368421,0.16915100453661697,14.0,261.0
0.32569724321365356,0.631578947368421,0.169799092676604,14.0,262.0
0.32503053545951843,0.631578947368421,0.17044718081659105,14.0,263.0
0.32299426198005676,0.631578947368421,0.1710952689565781,14.0,264.0
0.3225497603416443,0.631578947368421,0.17174335709656513,14.0,265.0
0.3175077736377716,0.631578947368421,0.17239144523655217,14.0,266.0
0.3149413764476776,0.631578947368421,0.1730395333765392,14.0,267.0
0.3143136203289032,0.631578947368421,0.17368762151652625,14.0,268.0
0.3141748011112213,0.631578947368421,0.1743357096565133,14.0,269.0
0.3125787377357483,0.631578947368421,0.17498379779650033,14.0,270.0
0.31210631132125854,0.631578947368421,0.17563188593648738,14.0,271.0
0.3120499551296234,0.631578947368421,0.1762799740764744,14.0,272.0
0.3109028935432434,0.631578947368421,0.17692806221646143,14.0,273.0
0.31014126539230347,0.631578947368421,0.17757615035644847,14.0,274.0
0.30440253019332886,0.631578947368421,0.1782242384964355,14.0,275.0
0.3028789162635803,0.631578947368421,0.17887232663642255,14.0,276.0
0.3027202785015106,0.631578947368421,0.1795204147764096,14.0,277.0
0.3015841543674469,0.631578947368421,0.18016850291639663,14.0,278.0
0.30134427547454834,0.631578947368421,0.18081659105638367,14.0,279.0
0.30098575353622437,0.631578947368421,0.18146467919637072,14.0,280.0
0.29970335960388184,0.631578947368421,0.18211276733635776,14.0,281.0
0.2963154911994934,0.631578947368421,0.18276085547634477,14.0,282.0
0.2958831787109375,0.631578947368421,0.1834089436163318,14.0,283.0
0.2945719361305237,0.631578947368421,0.18405703175631885,14.0,284.0
0.29447129368782043,0.631578947368421,0.1847051198963059,14.0,285.0
0.2944130301475525,0.631578947368421,0.18535320803629293,14.0,286.0
0.2934878468513489,0.631578947368421,0.18600129617627997,14.0,287.0
0.29295194149017334,0.631578947368421,0.18664938431626701,14.0,288.0
0.2881002128124237,0.631578947368421,0.18729747245625405,14.0,289.0
0.28791144490242004,0.631578947368421,0.1879455605962411,14.0,290.0
0.2874487042427063,0.631578947368421,0.18859364873622814,14.0,291.0
0.28684350848197937,0.631578947368421,0.18924173687621518,14.0,292.0
0.28658056259155273,0.631578947368421,0.1898898250162022,14.0,293.0
0.2862307131290436,0.631578947368421,0.19053791315618923,14.0,294.0
0.28468057513237,0.631578947368421,0.19118600129617627,14.0,295.0
0.2842545509338379,0.631578947368421,0.1918340894361633,14.0,296.0
0.2839711606502533,0.631578947368421,0.19248217757615035,14.0,297.0
0.28368663787841797,0.631578947368421,0.1931302657161374,14.0,298.0
0.27860939502716064,0.631578947368421,0.19377835385612444,14.0,299.0
0.2778840959072113,0.631578947368421,0.19442644199611148,14.0,300.0
0.2778185307979584,0.631578947368421,0.19507453013609852,14.0,301.0
0.27704405784606934,0.631578947368421,0.19572261827608556,14.0,302.0
0.2766522765159607,0.631578947368421,0.1963707064160726,14.0,303.0
0.2758827209472656,0.631578947368421,0.1970187945560596,14.0,304.0
0.27512091398239136,0.631578947368421,0.19766688269604665,14.0,305.0
0.27406442165374756,0.631578947368421,0.1983149708360337,14.0,306.0
0.27151069045066833,0.631578947368421,0.19896305897602073,14.0,307.0
0.26847773790359497,0.631578947368421,0.19961114711600778,14.0,308.0
0.2673324644565582,0.631578947368421,0.20025923525599482,14.0,309.0
0.264980673789978,0.631578947368421,0.20090732339598186,14.0,310.0
0.26428085565567017,0.631578947368421,0.2015554115359689,14.0,311.0
0.2638298273086548,0.631578947368421,0.20220349967595594,14.0,312.0
0.26277101039886475,0.631578947368421,0.20285158781594298,14.0,313.0
0.2600069046020508,0.6052631578947368,0.20349967595593,15.0,314.0
0.2575632333755493,0.6052631578947368,0.20414776409591703,15.0,315.0
0.25499340891838074,0.6052631578947368,0.20479585223590407,15.0,316.0
0.25426366925239563,0.6052631578947368,0.20544394037589112,15.0,317.0
0.24977721273899078,0.6052631578947368,0.20609202851587816,15.0,318.0
0.24918578565120697,0.6052631578947368,0.2067401166558652,15.0,319.0
0.24883443117141724,0.6052631578947368,0.20738820479585224,15.0,320.0
0.24848058819770813,0.6052631578947368,0.20803629293583928,15.0,321.0
0.2464769184589386,0.6052631578947368,0.20868438107582632,15.0,322.0
0.24610739946365356,0.6052631578947368,0.20933246921581336,15.0,323.0
0.24494773149490356,0.6052631578947368,0.2099805573558004,15.0,324.0
0.2428528517484665,0.6052631578947368,0.21062864549578741,15.0,325.0
0.24060702323913574,0.6052631578947368,0.21127673363577446,15.0,326.0
0.23958241939544678,0.6052631578947368,0.2119248217757615,15.0,327.0
0.23750928044319153,0.6052631578947368,0.21257290991574854,15.0,328.0
0.2373296469449997,0.6052631578947368,0.21322099805573558,15.0,329.0
0.23626750707626343,0.6052631578947368,0.21386908619572262,15.0,330.0
0.23456934094429016,0.6052631578947368,0.21451717433570966,15.0,331.0
0.23455902934074402,0.6052631578947368,0.2151652624756967,15.0,332.0
0.23347613215446472,0.6052631578947368,0.21581335061568374,15.0,333.0
0.23293724656105042,0.6052631578947368,0.21646143875567078,15.0,334.0
0.23269332945346832,0.6052631578947368,0.21710952689565782,15.0,335.0
0.23266318440437317,0.6052631578947368,0.21775761503564484,15.0,336.0
0.23224422335624695,0.6052631578947368,0.21840570317563188,15.0,337.0
0.23146773874759674,0.6052631578947368,0.21905379131561892,15.0,338.0
0.23066596686840057,0.6052631578947368,0.21970187945560596,15.0,339.0
0.22893376648426056,0.6052631578947368,0.220349967595593,15.0,340.0
0.22729027271270752,0.6052631578947368,0.22099805573558004,15.0,341.0
0.22443194687366486,0.6052631578947368,0.22164614387556708,15.0,342.0
0.2239711880683899,0.6052631578947368,0.22229423201555412,15.0,343.0
0.223430335521698,0.6052631578947368,0.22294232015554116,15.0,344.0
0.22281605005264282,0.6052631578947368,0.2235904082955282,15.0,345.0
0.221991166472435,0.6052631578947368,0.22423849643551522,15.0,346.0
0.22106526792049408,0.6052631578947368,0.22488658457550226,15.0,347.0
0.2184986174106598,0.6052631578947368,0.2255346727154893,15.0,348.0
0.2155110090970993,0.6052631578947368,0.22618276085547634,15.0,349.0
0.21501675248146057,0.6052631578947368,0.22683084899546338,15.0,350.0
0.2145392745733261,0.6052631578947368,0.22747893713545042,15.0,351.0
0.21358893811702728,0.6052631578947368,0.22812702527543746,15.0,352.0
0.21356739103794098,0.6052631578947368,0.2287751134154245,15.0,353.0
0.21264813840389252,0.6052631578947368,0.22942320155541154,15.0,354.0
0.21199192106723785,0.6052631578947368,0.23007128969539858,15.0,355.0
0.20992618799209595,0.6052631578947368,0.23071937783538563,15.0,356.0
0.20983026921749115,0.6052631578947368,0.23136746597537264,15.0,357.0
0.2062661051750183,0.6052631578947368,0.23201555411535968,15.0,358.0
0.20472489297389984,0.6052631578947368,0.23266364225534672,15.0,359.0
0.204595685005188,0.6052631578947368,0.23331173039533376,15.0,360.0
0.20441380143165588,0.6052631578947368,0.2339598185353208,15.0,361.0
0.20206867158412933,0.6052631578947368,0.23460790667530784,15.0,362.0
0.20122398436069489,0.6052631578947368,0.23525599481529488,15.0,363.0
0.19927461445331573,0.6052631578947368,0.23590408295528192,15.0,364.0
0.19923990964889526,0.6052631578947368,0.23655217109526896,15.0,365.0
0.19900554418563843,0.6052631578947368,0.237200259235256,15.0,366.0
0.19822266697883606,0.6052631578947368,0.23784834737524305,15.0,367.0
0.1981661319732666,0.6052631578947368,0.23849643551523006,15.0,368.0
0.19757845997810364,0.6052631578947368,0.2391445236552171,15.0,369.0
0.1971321851015091,0.6052631578947368,0.23979261179520414,15.0,370.0
0.19508695602416992,0.6052631578947368,0.24044069993519118,15.0,371.0
0.19357576966285706,0.6052631578947368,0.24108878807517822,15.0,372.0
0.19346883893013,0.6052631578947368,0.24173687621516526,15.0,373.0
0.19297514855861664,0.6052631578947368,0.2423849643551523,15.0,374.0
0.19285370409488678,0.6052631578947368,0.24303305249513935,15.0,375.0
0.1927901655435562,0.6052631578947368,0.2436811406351264,15.0,376.0
0.19206513464450836,0.6052631578947368,0.24432922877511343,15.0,377.0
0.19197112321853638,0.6052631578947368,0.24497731691510044,15.0,378.0
0.189918652176857,0.6052631578947368,0.24562540505508748,15.0,379.0
0.18579944968223572,0.6052631578947368,0.24627349319507452,15.0,380.0
0.1839926540851593,0.6052631578947368,0.24692158133506156,15.0,381.0
0.1839190125465393,0.6052631578947368,0.2475696694750486,15.0,382.0
0.18347281217575073,0.6052631578947368,0.24821775761503564,15.0,383.0
0.1825137883424759,0.6052631578947368,0.24886584575502269,15.0,384.0
0.18224897980690002,0.6052631578947368,0.24951393389500973,15.0,385.0
0.18202154338359833,0.6052631578947368,0.25016202203499677,15.0,386.0
0.18179793655872345,0.6052631578947368,0.2508101101749838,15.0,387.0
0.1817176342010498,0.6052631578947368,0.25145819831497085,15.0,388.0
0.1814190298318863,0.6052631578947368,0.25210628645495786,15.0,389.0
0.17679305374622345,0.6052631578947368,0.25275437459494493,15.0,390.0
0.1763337254524231,0.6052631578947368,0.25340246273493194,15.0,391.0
0.17583002150058746,0.6052631578947368,0.254050550874919,15.0,392.0
0.1740725189447403,0.6052631578947368,0.254698639014906,15.0,393.0
0.17406617105007172,0.6052631578947368,0.25534672715489304,15.0,394.0
0.17385482788085938,0.6052631578947368,0.2559948152948801,15.0,395.0
0.17378821969032288,0.6052631578947368,0.2566429034348671,15.0,396.0
0.17251846194267273,0.6052631578947368,0.2572909915748542,15.0,397.0
0.1717887967824936,0.6052631578947368,0.2579390797148412,15.0,398.0
0.17137949168682098,0.6052631578947368,0.25858716785482827,15.0,399.0
0.16956880688667297,0.6052631578947368,0.2592352559948153,15.0,400.0
0.16678066551685333,0.6052631578947368,0.25988334413480235,15.0,401.0
0.1667432337999344,0.6052631578947368,0.26053143227478937,15.0,402.0
0.1667211949825287,0.6052631578947368,0.26117952041477643,15.0,403.0
0.16665545105934143,0.6052631578947368,0.26182760855476345,15.0,404.0
0.16491852700710297,0.6052631578947368,0.26247569669475046,15.0,405.0
0.16317878663539886,0.6052631578947368,0.26312378483473753,15.0,406.0
0.16224618256092072,0.6052631578947368,0.26377187297472454,15.0,407.0
0.16218715906143188,0.6052631578947368,0.2644199611147116,15.0,408.0
0.16133281588554382,0.6052631578947368,0.2650680492546986,15.0,409.0
0.16107584536075592,0.6052631578947368,0.2657161373946857,15.0,410.0
0.15886951982975006,0.6052631578947368,0.2663642255346727,15.0,411.0
0.15749460458755493,0.6052631578947368,0.2670123136746598,15.0,412.0
0.15653902292251587,0.6052631578947368,0.2676604018146468,15.0,413.0
0.1556357741355896,0.6052631578947368,0.26830848995463386,15.0,414.0
0.15087199211120605,0.6052631578947368,0.26895657809462087,15.0,415.0
0.1505167931318283,0.6052631578947368,0.2696046662346079,15.0,416.0
0.15019990503787994,0.6052631578947368,0.27025275437459495,15.0,417.0
0.14864346385002136,0.6052631578947368,0.27090084251458196,15.0,418.0
0.14807240664958954,0.6052631578947368,0.27154893065456903,15.0,419.0
0.1473311483860016,0.6052631578947368,0.27219701879455604,15.0,420.0
0.14285030961036682,0.6052631578947368,0.2728451069345431,15.0,421.0
0.14174966514110565,0.6052631578947368,0.2734931950745301,15.0,422.0
0.14095091819763184,0.6052631578947368,0.2741412832145172,15.0,423.0
0.1408068835735321,0.6052631578947368,0.2747893713545042,15.0,424.0
0.13980326056480408,0.6052631578947368,0.2754374594944913,15.0,425.0
0.13912852108478546,0.6052631578947368,0.2760855476344783,15.0,426.0
0.13834619522094727,0.6052631578947368,0.2767336357744653,15.0,427.0
0.13728269934654236,0.6052631578947368,0.27738172391445237,15.0,428.0
0.13721220195293427,0.6052631578947368,0.2780298120544394,15.0,429.0
0.13715453445911407,0.6052631578947368,0.27867790019442645,15.0,430.0
0.13673053681850433,0.6052631578947368,0.27932598833441347,15.0,431.0
0.13575702905654907,0.6052631578947368,0.27997407647440054,15.0,432.0
0.13476279377937317,0.6052631578947368,0.28062216461438755,15.0,433.0
0.1311527043581009,0.6052631578947368,0.2812702527543746,15.0,434.0
0.13056503236293793,0.6052631578947368,0.28191834089436163,15.0,435.0
0.12985597550868988,0.6052631578947368,0.2825664290343487,15.0,436.0
0.12792658805847168,0.6052631578947368,0.2832145171743357,15.0,437.0
0.1272350549697876,0.6052631578947368,0.2838626053143227,15.0,438.0
0.12541575729846954,0.6052631578947368,0.2845106934543098,15.0,439.0
0.1254013031721115,0.6052631578947368,0.2851587815942968,15.0,440.0
0.1252884566783905,0.6052631578947368,0.2858068697342839,15.0,441.0
0.12470225244760513,0.6052631578947368,0.2864549578742709,15.0,442.0
0.12453661113977432,0.6052631578947368,0.28710304601425796,15.0,443.0
0.12304269522428513,0.6052631578947368,0.28775113415424497,15.0,444.0
0.12113635241985321,0.6052631578947368,0.28839922229423204,15.0,445.0
0.12018751353025436,0.6052631578947368,0.28904731043421905,15.0,446.0
0.11927750706672668,0.6052631578947368,0.28969539857420606,15.0,447.0
0.11742384731769562,0.6052631578947368,0.29034348671419313,15.0,448.0
0.11667999625205994,0.6052631578947368,0.29099157485418015,15.0,449.0
0.11626388132572174,0.6052631578947368,0.2916396629941672,15.0,450.0
0.11535879224538803,0.6052631578947368,0.29228775113415423,15.0,451.0
0.11487001180648804,0.6052631578947368,0.2929358392741413,15.0,452.0
0.113963283598423,0.6052631578947368,0.2935839274141283,15.0,453.0
0.1099056527018547,0.6052631578947368,0.2942320155541154,15.0,454.0
0.10970248281955719,0.6052631578947368,0.2948801036941024,15.0,455.0
0.10588186979293823,0.6052631578947368,0.29552819183408946,15.0,456.0
0.10556589812040329,0.6052631578947368,0.2961762799740765,15.0,457.0
0.1051463782787323,0.6052631578947368,0.2968243681140635,15.0,458.0
0.10425794124603271,0.6052631578947368,0.29747245625405055,15.0,459.0
0.10381627082824707,0.6052631578947368,0.29812054439403757,15.0,460.0
0.10378211736679077,0.6052631578947368,0.29876863253402464,15.0,461.0
0.10307839512825012,0.6052631578947368,0.29941672067401165,15.0,462.0
0.10081569105386734,0.6052631578947368,0.3000648088139987,15.0,463.0
0.10047782212495804,0.6052631578947368,0.30071289695398573,15.0,464.0
0.10015411674976349,0.6052631578947368,0.3013609850939728,15.0,465.0
0.10000031441450119,0.6052631578947368,0.3020090732339598,15.0,466.0
0.09877962619066238,0.6052631578947368,0.3026571613739469,15.0,467.0
0.09754574298858643,0.6052631578947368,0.3033052495139339,15.0,468.0
0.09449373930692673,0.6052631578947368,0.3039533376539209,15.0,469.0
0.09225983917713165,0.6052631578947368,0.304601425793908,15.0,470.0
0.09200021624565125,0.6052631578947368,0.305249513933895,15.0,471.0
0.09144612401723862,0.6052631578947368,0.30589760207388206,15.0,472.0
0.09108329564332962,0.6052631578947368,0.30654569021386907,15.0,473.0
0.0907406210899353,0.6052631578947368,0.30719377835385614,15.0,474.0
0.09055475890636444,0.6052631578947368,0.30784186649384315,15.0,475.0
0.08981914073228836,0.6052631578947368,0.3084899546338302,15.0,476.0
0.08762667328119278,0.6052631578947368,0.30913804277381723,15.0,477.0
0.08703602850437164,0.6052631578947368,0.3097861309138043,15.0,478.0
0.08622302114963531,0.6052631578947368,0.3104342190537913,15.0,479.0
0.08580661565065384,0.6052631578947368,0.31108230719377833,15.0,480.0
0.08577703684568405,0.6052631578947368,0.3117303953337654,15.0,481.0
0.08571141213178635,0.6052631578947368,0.3123784834737524,15.0,482.0
0.08484714478254318,0.6052631578947368,0.3130265716137395,15.0,483.0
0.083345927298069,0.6052631578947368,0.3136746597537265,15.0,484.0
0.08312266319990158,0.6052631578947368,0.31432274789371356,15.0,485.0
0.08239363878965378,0.6052631578947368,0.3149708360337006,15.0,486.0
0.08148141205310822,0.6052631578947368,0.31561892417368764,15.0,487.0
0.08081536740064621,0.6052631578947368,0.31626701231367466,15.0,488.0
0.0806175172328949,0.6052631578947368,0.3169151004536617,15.0,489.0
0.07628188282251358,0.6052631578947368,0.31756318859364874,15.0,490.0
0.07247262448072433,0.6052631578947368,0.31821127673363575,15.0,491.0
0.06968632340431213,0.6052631578947368,0.3188593648736228,15.0,492.0
0.06921496987342834,0.6052631578947368,0.31950745301360983,15.0,493.0
0.06904450803995132,0.6052631578947368,0.3201555411535969,15.0,494.0
0.06851691752672195,0.6052631578947368,0.3208036292935839,15.0,495.0
0.06815249472856522,0.6052631578947368,0.321451717433571,15.0,496.0
0.06803109496831894,0.6052631578947368,0.322099805573558,15.0,497.0
0.06726223230361938,0.6052631578947368,0.32274789371354506,15.0,498.0
0.06646116822957993,0.6052631578947368,0.3233959818535321,15.0,499.0
0.06643633544445038,0.6052631578947368,0.32404406999351915,15.0,500.0
0.06636381894350052,0.6052631578947368,0.32469215813350616,15.0,501.0
0.06559718400239944,0.6052631578947368,0.32534024627349317,15.0,502.0
0.065433070063591,0.6052631578947368,0.32598833441348024,15.0,503.0
0.06270727515220642,0.6052631578947368,0.32663642255346725,15.0,504.0
0.06151112541556358,0.6052631578947368,0.3272845106934543,15.0,505.0
0.061057817190885544,0.6052631578947368,0.32793259883344134,15.0,506.0
0.06023528799414635,0.6052631578947368,0.3285806869734284,15.0,507.0
0.059917911887168884,0.6052631578947368,0.3292287751134154,15.0,508.0
0.05885450914502144,0.6052631578947368,0.3298768632534025,15.0,509.0
0.05864044651389122,0.6052631578947368,0.3305249513933895,15.0,510.0
0.05848441645503044,0.6052631578947368,0.3311730395333765,15.0,511.0
0.05723140016198158,0.6052631578947368,0.3318211276733636,15.0,512.0
0.056502487510442734,0.6052631578947368,0.3324692158133506,15.0,513.0
0.05558090656995773,0.6052631578947368,0.33311730395333766,15.0,514.0
0.055563315749168396,0.6052631578947368,0.3337653920933247,15.0,515.0
0.053771719336509705,0.6052631578947368,0.33441348023331174,15.0,516.0
0.04967273399233818,0.6052631578947368,0.33506156837329876,15.0,517.0
0.048998940736055374,0.6052631578947368,0.3357096565132858,15.0,518.0
0.04838630557060242,0.6052631578947368,0.33635774465327284,15.0,519.0
0.04698605462908745,0.6052631578947368,0.3370058327932599,15.0,520.0
0.046633124351501465,0.6052631578947368,0.3376539209332469,15.0,521.0
0.04603709280490875,0.6052631578947368,0.33830200907323393,15.0,522.0
0.04536844417452812,0.6052631578947368,0.338950097213221,15.0,523.0
0.0447225458920002,0.6052631578947368,0.339598185353208,15.0,524.0
0.04456745833158493,0.6052631578947368,0.3402462734931951,15.0,525.0
0.044003650546073914,0.6052631578947368,0.3408943616331821,15.0,526.0
0.043367840349674225,0.6052631578947368,0.34154244977316917,15.0,527.0
0.042564719915390015,0.6052631578947368,0.3421905379131562,15.0,528.0
0.041238490492105484,0.6052631578947368,0.34283862605314325,15.0,529.0
0.04045341536402702,0.6052631578947368,0.34348671419313026,15.0,530.0
0.03969741612672806,0.6052631578947368,0.34413480233311733,15.0,531.0
0.039533425122499466,0.6052631578947368,0.34478289047310434,15.0,532.0
0.03948419541120529,0.6052631578947368,0.34543097861309136,15.0,533.0
0.03898521140217781,0.6052631578947368,0.3460790667530784,15.0,534.0
0.03782837092876434,0.6052631578947368,0.34672715489306544,15.0,535.0
0.03736589848995209,0.6052631578947368,0.3473752430330525,15.0,536.0
0.03715146332979202,0.6052631578947368,0.3480233311730395,15.0,537.0
0.037045132368803024,0.6052631578947368,0.3486714193130266,15.0,538.0
0.03624217212200165,0.6052631578947368,0.3493195074530136,15.0,539.0
0.03462645411491394,0.6052631578947368,0.34996759559300067,15.0,540.0
0.03030611015856266,0.6052631578947368,0.3506156837329877,15.0,541.0
0.028953732922673225,0.6052631578947368,0.35126377187297475,15.0,542.0
0.02628319337964058,0.6052631578947368,0.35191186001296176,15.0,543.0
0.024598954245448112,0.6052631578947368,0.3525599481529488,15.0,544.0
0.0244147926568985,0.6052631578947368,0.35320803629293585,15.0,545.0
0.023788535967469215,0.6052631578947368,0.35385612443292286,15.0,546.0
0.023427512496709824,0.6052631578947368,0.3545042125729099,15.0,547.0
0.02174394205212593,0.6052631578947368,0.35515230071289694,15.0,548.0
0.020215673372149467,0.6052631578947368,0.355800388852884,15.0,549.0
0.017361823469400406,0.6052631578947368,0.356448476992871,15.0,550.0
0.01733950711786747,0.6052631578947368,0.3570965651328581,15.0,551.0
0.015548262745141983,0.6052631578947368,0.3577446532728451,15.0,552.0
0.01538536325097084,0.6052631578947368,0.35839274141283217,15.0,553.0
0.01522196177393198,0.6052631578947368,0.3590408295528192,15.0,554.0
0.014560523442924023,0.6052631578947368,0.3596889176928062,15.0,555.0
0.013219324871897697,0.6052631578947368,0.36033700583279327,15.0,556.0
0.012970593757927418,0.6052631578947368,0.3609850939727803,15.0,557.0
0.011219999752938747,0.6052631578947368,0.36163318211276735,15.0,558.0
0.010667640715837479,0.6052631578947368,0.36228127025275436,15.0,559.0
0.007944218814373016,0.6052631578947368,0.36292935839274143,15.0,560.0
0.00750013766810298,0.6052631578947368,0.36357744653272844,15.0,561.0
0.00567453121766448,0.6052631578947368,0.3642255346727155,15.0,562.0
0.004304266534745693,0.6052631578947368,0.3648736228127025,15.0,563.0
0.00411498686298728,0.6052631578947368,0.36552171095268954,15.0,564.0
0.002379745477810502,0.6052631578947368,0.3661697990926766,15.0,565.0
0.0018404109869152308,0.6052631578947368,0.3668178872326636,15.0,566.0
0.001346180448308587,0.6052631578947368,0.3674659753726507,15.0,567.0
0.0013036212185397744,0.6052631578947368,0.3681140635126377,15.0,568.0
-0.001392687321640551,0.6052631578947368,0.36876215165262477,15.0,569.0
-0.0019912212155759335,0.6052631578947368,0.3694102397926118,15.0,570.0
-0.0021849905606359243,0.6052631578947368,0.37005832793259885,15.0,571.0
-0.004436081741005182,0.6052631578947368,0.37070641607258586,15.0,572.0
-0.006278988439589739,0.6052631578947368,0.37135450421257293,15.0,573.0
-0.00727886101230979,0.6052631578947368,0.37200259235255995,15.0,574.0
-0.007395199500024319,0.6052631578947368,0.37265068049254696,15.0,575.0
-0.008103307336568832,0.6052631578947368,0.37329876863253403,15.0,576.0
-0.008389035239815712,0.6052631578947368,0.37394685677252104,15.0,577.0
-0.00878281332552433,0.6052631578947368,0.3745949449125081,15.0,578.0
-0.009341150522232056,0.6052631578947368,0.3752430330524951,15.0,579.0
-0.009613445959985256,0.6052631578947368,0.3758911211924822,15.0,580.0
-0.009741335175931454,0.6052631578947368,0.3765392093324692,15.0,581.0
-0.011122227646410465,0.6052631578947368,0.3771872974724563,15.0,582.0
-0.011630097404122353,0.6052631578947368,0.3778353856124433,15.0,583.0
-0.011653675697743893,0.6052631578947368,0.37848347375243035,15.0,584.0
-0.012452377937734127,0.6052631578947368,0.37913156189241737,15.0,585.0
-0.012936868704855442,0.6052631578947368,0.3797796500324044,15.0,586.0
-0.013691671192646027,0.6052631578947368,0.38042773817239145,15.0,587.0
-0.013691844418644905,0.6052631578947368,0.38107582631237846,15.0,588.0
-0.013853373005986214,0.6052631578947368,0.38172391445236553,15.0,589.0
-0.014489802531898022,0.6052631578947368,0.38237200259235254,15.0,590.0
-0.01712777093052864,0.6052631578947368,0.3830200907323396,15.0,591.0
-0.01786310039460659,0.6052631578947368,0.3836681788723266,15.0,592.0
-0.018622448667883873,0.6052631578947368,0.3843162670123137,15.0,593.0
-0.019081421196460724,0.6052631578947368,0.3849643551523007,15.0,594.0
-0.01938072219491005,0.6052631578947368,0.3856124432922878,15.0,595.0
-0.01961132138967514,0.6052631578947368,0.3862605314322748,15.0,596.0
-0.019784141331911087,0.6052631578947368,0.3869086195722618,15.0,597.0
-0.021260196343064308,0.6052631578947368,0.38755670771224887,15.0,598.0
-0.02238304913043976,0.6052631578947368,0.3882047958522359,15.0,599.0
-0.02435392513871193,0.6052631578947368,0.38885288399222295,15.0,600.0
-0.02464083582162857,0.6052631578947368,0.38950097213220997,15.0,601.0
-0.025772027671337128,0.6052631578947368,0.39014906027219703,15.0,602.0
-0.026547878980636597,0.6052631578947368,0.39079714841218405,15.0,603.0
-0.02745075896382332,0.6052631578947368,0.3914452365521711,15.0,604.0
-0.029509523883461952,0.6052631578947368,0.39209332469215813,15.0,605.0
-0.029652506113052368,0.6052631578947368,0.3927414128321452,15.0,606.0
-0.029937734827399254,0.6052631578947368,0.3933895009721322,15.0,607.0
-0.030429348349571228,0.6052631578947368,0.3940375891121192,15.0,608.0
-0.030533934012055397,0.6052631578947368,0.3946856772521063,15.0,609.0
-0.030614148825407028,0.6052631578947368,0.3953337653920933,15.0,610.0
-0.03159348666667938,0.6052631578947368,0.3959818535320804,15.0,611.0
-0.0320468433201313,0.6052631578947368,0.3966299416720674,15.0,612.0
-0.03211711719632149,0.6052631578947368,0.39727802981205446,15.0,613.0
-0.03222744166851044,0.6052631578947368,0.39792611795204147,15.0,614.0
-0.0323699414730072,0.6052631578947368,0.39857420609202854,15.0,615.0
-0.03396013379096985,0.6052631578947368,0.39922229423201555,15.0,616.0
-0.034290168434381485,0.6052631578947368,0.3998703823720026,15.0,617.0
-0.03492382913827896,0.6052631578947368,0.40051847051198963,15.0,618.0
-0.035172052681446075,0.6052631578947368,0.40116655865197665,15.0,619.0
-0.035177674144506454,0.6052631578947368,0.4018146467919637,15.0,620.0
-0.036431606858968735,0.6052631578947368,0.4024627349319507,15.0,621.0
-0.03678521513938904,0.6052631578947368,0.4031108230719378,15.0,622.0
-0.03729497268795967,0.6052631578947368,0.4037589112119248,15.0,623.0
-0.04008326306939125,0.6052631578947368,0.4044069993519119,15.0,624.0
-0.04487757012248039,0.6052631578947368,0.4050550874918989,15.0,625.0
-0.04507774859666824,0.6052631578947368,0.40570317563188596,15.0,626.0
-0.04691559821367264,0.6052631578947368,0.406351263771873,15.0,627.0
-0.047740913927555084,0.6052631578947368,0.40699935191186,15.0,628.0
-0.04840751364827156,0.6052631578947368,0.40764744005184705,15.0,629.0
-0.05138169974088669,0.6052631578947368,0.40829552819183407,15.0,630.0
-0.0525045283138752,0.6052631578947368,0.40894361633182114,15.0,631.0
-0.05492866411805153,0.6052631578947368,0.40959170447180815,15.0,632.0
-0.05612252652645111,0.6052631578947368,0.4102397926117952,15.0,633.0
-0.05787520483136177,0.6052631578947368,0.41088788075178223,15.0,634.0
-0.05788439139723778,0.6052631578947368,0.4115359688917693,15.0,635.0
-0.06339527666568756,0.6052631578947368,0.4121840570317563,15.0,636.0
-0.06620921194553375,0.6052631578947368,0.4128321451717434,15.0,637.0
-0.06798046082258224,0.6052631578947368,0.4134802333117304,15.0,638.0
-0.06854239106178284,0.6052631578947368,0.4141283214517174,15.0,639.0
-0.06911792606115341,0.6052631578947368,0.4147764095917045,15.0,640.0
-0.06979180127382278,0.6052631578947368,0.4154244977316915,15.0,641.0
-0.070182666182518,0.6052631578947368,0.41607258587167856,15.0,642.0
-0.07216004282236099,0.6052631578947368,0.41672067401166557,15.0,643.0
-0.07264421880245209,0.6052631578947368,0.41736876215165264,15.0,644.0
-0.07348713278770447,0.6052631578947368,0.41801685029163965,15.0,645.0
-0.0737900659441948,0.6052631578947368,0.4186649384316267,15.0,646.0
-0.0742991492152214,0.6052631578947368,0.41931302657161373,15.0,647.0
-0.07466507703065872,0.6052631578947368,0.4199611147116008,15.0,648.0
-0.07731295377016068,0.6052631578947368,0.4206092028515878,15.0,649.0
-0.07950732856988907,0.6052631578947368,0.42125729099157483,15.0,650.0
-0.08420168608427048,0.6052631578947368,0.4219053791315619,15.0,651.0
-0.08663482218980789,0.6052631578947368,0.4225534672715489,15.0,652.0
-0.0874553844332695,0.6052631578947368,0.423201555411536,15.0,653.0
-0.08797933906316757,0.6052631578947368,0.423849643551523,15.0,654.0
-0.08947699517011642,0.6052631578947368,0.42449773169151006,15.0,655.0
-0.09153392910957336,0.5789473684210527,0.4251458198314971,16.0,656.0
-0.09159516543149948,0.5789473684210527,0.42579390797148414,16.0,657.0
-0.09336463361978531,0.5789473684210527,0.42644199611147116,16.0,658.0
-0.0944843515753746,0.5789473684210527,0.4270900842514582,16.0,659.0
-0.09505897015333176,0.5789473684210527,0.42773817239144524,16.0,660.0
-0.09610448032617569,0.5789473684210527,0.42838626053143225,16.0,661.0
-0.09783009439706802,0.5789473684210527,0.4290343486714193,16.0,662.0
-0.1032850593328476,0.5789473684210527,0.42968243681140633,16.0,663.0
-0.10411419719457626,0.5789473684210527,0.4303305249513934,16.0,664.0
-0.1095678061246872,0.5789473684210527,0.4309786130913804,16.0,665.0
-0.1103767603635788,0.5789473684210527,0.4316267012313675,16.0,666.0
-0.11247663199901581,0.5789473684210527,0.4322747893713545,16.0,667.0
-0.11374356597661972,0.5789473684210527,0.43292287751134156,16.0,668.0
-0.11568719893693924,0.5789473684210527,0.4335709656513286,16.0,669.0
-0.11609884351491928,0.5789473684210527,0.43421905379131565,16.0,670.0
-0.11737556755542755,0.5789473684210527,0.43486714193130266,16.0,671.0
-0.11927822232246399,0.5789473684210527,0.43551523007128967,16.0,672.0
-0.12402933835983276,0.5789473684210527,0.43616331821127674,16.0,673.0
-0.12457018345594406,0.5789473684210527,0.43681140635126375,16.0,674.0
-0.12496977299451828,0.5789473684210527,0.4374594944912508,16.0,675.0
-0.12505048513412476,0.5789473684210527,0.43810758263123784,16.0,676.0
-0.12576080858707428,0.5789473684210527,0.4387556707712249,16.0,677.0
-0.12599769234657288,0.5789473684210527,0.4394037589112119,16.0,678.0
-0.12666165828704834,0.5789473684210527,0.440051847051199,16.0,679.0
-0.13862746953964233,0.5789473684210527,0.440699935191186,16.0,680.0
-0.13899189233779907,0.5789473684210527,0.44134802333117307,16.0,681.0
-0.13942305743694305,0.5789473684210527,0.4419961114711601,16.0,682.0
-0.13977031409740448,0.5789473684210527,0.4426441996111471,16.0,683.0
-0.14113450050354004,0.5789473684210527,0.44329228775113416,16.0,684.0
-0.14256834983825684,0.5789473684210527,0.4439403758911212,16.0,685.0
-0.1449909210205078,0.5789473684210527,0.44458846403110824,16.0,686.0
-0.14656385779380798,0.5789473684210527,0.44523655217109526,16.0,687.0
-0.14754964411258698,0.5789473684210527,0.4458846403110823,16.0,688.0
-0.15044154226779938,0.5789473684210527,0.44653272845106934,16.0,689.0
-0.15084432065486908,0.5789473684210527,0.4471808165910564,16.0,690.0
-0.15850692987442017,0.5789473684210527,0.4478289047310434,16.0,691.0
-0.1599964052438736,0.5789473684210527,0.44847699287103043,16.0,692.0
-0.16161900758743286,0.5789473684210527,0.4491250810110175,16.0,693.0
-0.16900359094142914,0.5789473684210527,0.4497731691510045,16.0,694.0
-0.17313414812088013,0.5789473684210527,0.4504212572909916,16.0,695.0
-0.17553162574768066,0.5789473684210527,0.4510693454309786,16.0,696.0
-0.18201853334903717,0.5789473684210527,0.45171743357096567,16.0,697.0
-0.1848727911710739,0.5789473684210527,0.4523655217109527,16.0,698.0
-0.18676885962486267,0.5789473684210527,0.45301360985093975,16.0,699.0
-0.18752099573612213,0.5789473684210527,0.45366169799092676,16.0,700.0
-0.18753266334533691,0.5789473684210527,0.45430978613091383,16.0,701.0
-0.18815526366233826,0.5789473684210527,0.45495787427090084,16.0,702.0
-0.18870864808559418,0.5789473684210527,0.45560596241088785,16.0,703.0
-0.19020503759384155,0.5789473684210527,0.4562540505508749,16.0,704.0
-0.19125352799892426,0.5789473684210527,0.45690213869086194,16.0,705.0
-0.1928858458995819,0.5789473684210527,0.457550226830849,16.0,706.0
-0.19427907466888428,0.5789473684210527,0.458198314970836,16.0,707.0
-0.1944015622138977,0.5789473684210527,0.4588464031108231,16.0,708.0
-0.19523009657859802,0.5789473684210527,0.4594944912508101,16.0,709.0
-0.1985500603914261,0.5789473684210527,0.46014257939079717,16.0,710.0
-0.19857855141162872,0.5789473684210527,0.4607906675307842,16.0,711.0
-0.20433266460895538,0.5789473684210527,0.46143875567077125,16.0,712.0
-0.20591911673545837,0.5789473684210527,0.46208684381075826,16.0,713.0
-0.2070700079202652,0.5789473684210527,0.4627349319507453,16.0,714.0
-0.2090088576078415,0.5789473684210527,0.46338302009073234,16.0,715.0
-0.20993368327617645,0.5789473684210527,0.46403110823071936,16.0,716.0
-0.21026980876922607,0.5789473684210527,0.4646791963707064,16.0,717.0
-0.22126950323581696,0.5789473684210527,0.46532728451069344,16.0,718.0
-0.2215886414051056,0.5789473684210527,0.4659753726506805,16.0,719.0
-0.2216642051935196,0.5789473684210527,0.4666234607906675,16.0,720.0
-0.22222426533699036,0.5789473684210527,0.4672715489306546,16.0,721.0
-0.22224634885787964,0.5789473684210527,0.4679196370706416,16.0,722.0
-0.2242470681667328,0.5789473684210527,0.46856772521062867,16.0,723.0
-0.2280830591917038,0.5789473684210527,0.4692158133506157,16.0,724.0
-0.230389803647995,0.5789473684210527,0.4698639014906027,16.0,725.0
-0.23092298209667206,0.5789473684210527,0.47051198963058977,16.0,726.0
-0.2313721776008606,0.5789473684210527,0.4711600777705768,16.0,727.0
-0.23180025815963745,0.5789473684210527,0.47180816591056385,16.0,728.0
-0.23331943154335022,0.5789473684210527,0.47245625405055086,16.0,729.0
-0.23397894203662872,0.5789473684210527,0.47310434219053793,16.0,730.0
-0.23561154305934906,0.5789473684210527,0.47375243033052494,16.0,731.0
-0.236297607421875,0.5789473684210527,0.474400518470512,16.0,732.0
-0.23637516796588898,0.5789473684210527,0.475048606610499,16.0,733.0
-0.2364196628332138,0.5789473684210527,0.4756966947504861,16.0,734.0
-0.23983606696128845,0.5789473684210527,0.4763447828904731,16.0,735.0
-0.24074818193912506,0.5789473684210527,0.4769928710304601,16.0,736.0
-0.24207501113414764,0.5789473684210527,0.4776409591704472,16.0,737.0
-0.2444378137588501,0.5789473684210527,0.4782890473104342,16.0,738.0
-0.24471354484558105,0.5789473684210527,0.47893713545042127,16.0,739.0
-0.2450118362903595,0.5789473684210527,0.4795852235904083,16.0,740.0
-0.24513722956180573,0.5789473684210527,0.48023331173039535,16.0,741.0
-0.24584119021892548,0.5789473684210527,0.48088139987038236,16.0,742.0
-0.25001296401023865,0.5789473684210527,0.48152948801036943,16.0,743.0
-0.25050732493400574,0.5789473684210527,0.48217757615035645,16.0,744.0
-0.2510300576686859,0.5789473684210527,0.48282566429034346,16.0,745.0
-0.2519715428352356,0.5789473684210527,0.48347375243033053,16.0,746.0
-0.25335273146629333,0.5789473684210527,0.48412184057031754,16.0,747.0
-0.2539253234863281,0.5789473684210527,0.4847699287103046,16.0,748.0
-0.261475533246994,0.5789473684210527,0.4854180168502916,16.0,749.0
-0.2619134187698364,0.5789473684210527,0.4860661049902787,16.0,750.0
-0.2622543275356293,0.5789473684210527,0.4867141931302657,16.0,751.0
-0.26304754614830017,0.5789473684210527,0.4873622812702528,16.0,752.0
-0.2670517861843109,0.5789473684210527,0.4880103694102398,16.0,753.0
-0.2676675617694855,0.5789473684210527,0.48865845755022685,16.0,754.0
-0.2679973244667053,0.5789473684210527,0.48930654569021387,16.0,755.0
-0.26807335019111633,0.5789473684210527,0.4899546338302009,16.0,756.0
-0.2681921422481537,0.5789473684210527,0.49060272197018795,16.0,757.0
-0.2699737250804901,0.5789473684210527,0.49125081011017496,16.0,758.0
-0.2706439793109894,0.5789473684210527,0.49189889825016203,16.0,759.0
-0.27204012870788574,0.5789473684210527,0.49254698639014904,16.0,760.0
-0.27322399616241455,0.5789473684210527,0.4931950745301361,16.0,761.0
-0.27402734756469727,0.5789473684210527,0.4938431626701231,16.0,762.0
-0.281411349773407,0.5789473684210527,0.4944912508101102,16.0,763.0
-0.2824287414550781,0.5789473684210527,0.4951393389500972,16.0,764.0
-0.28323599696159363,0.5789473684210527,0.4957874270900843,16.0,765.0
-0.28364798426628113,0.5789473684210527,0.4964355152300713,16.0,766.0
-0.28429996967315674,0.5789473684210527,0.4970836033700583,16.0,767.0
-0.2845921814441681,0.5789473684210527,0.49773169151004537,16.0,768.0
-0.28535106778144836,0.5789473684210527,0.4983797796500324,16.0,769.0
-0.2865275740623474,0.5789473684210527,0.49902786779001945,16.0,770.0
-0.28750675916671753,0.5789473684210527,0.49967595593000647,16.0,771.0
-0.2902204394340515,0.5789473684210527,0.5003240440699935,16.0,772.0
-0.2913981080055237,0.5789473684210527,0.5009721322099806,16.0,773.0
-0.2931073009967804,0.5789473684210527,0.5016202203499676,16.0,774.0
-0.2932682931423187,0.5789473684210527,0.5022683084899546,16.0,775.0
-0.2951359748840332,0.5789473684210527,0.5029163966299417,16.0,776.0
-0.29798486828804016,0.5789473684210527,0.5035644847699287,16.0,777.0
-0.3011806607246399,0.5789473684210527,0.5042125729099157,16.0,778.0
-0.30420196056365967,0.5789473684210527,0.5048606610499028,16.0,779.0
-0.3047417402267456,0.5789473684210527,0.5055087491898899,16.0,780.0
-0.3048870265483856,0.5789473684210527,0.5061568373298768,16.0,781.0
-0.305775910615921,0.5789473684210527,0.5068049254698639,16.0,782.0
-0.30631065368652344,0.5789473684210527,0.507453013609851,16.0,783.0
-0.30888840556144714,0.5789473684210527,0.508101101749838,16.0,784.0
-0.31102657318115234,0.5789473684210527,0.508749189889825,16.0,785.0
-0.3115765452384949,0.5789473684210527,0.509397278029812,16.0,786.0
-0.312992662191391,0.5789473684210527,0.5100453661697991,16.0,787.0
-0.3131416440010071,0.5789473684210527,0.5106934543097861,16.0,788.0
-0.3133406937122345,0.5789473684210527,0.5113415424497731,16.0,789.0
-0.3134225308895111,0.5789473684210527,0.5119896305897602,16.0,790.0
-0.31439104676246643,0.5789473684210527,0.5126377187297473,16.0,791.0
-0.3155480921268463,0.5789473684210527,0.5132858068697342,16.0,792.0
-0.3156028687953949,0.5789473684210527,0.5139338950097213,16.0,793.0
-0.3169400095939636,0.5789473684210527,0.5145819831497084,16.0,794.0
-0.31746014952659607,0.5789473684210527,0.5152300712896954,16.0,795.0
-0.3198404610157013,0.5789473684210527,0.5158781594296824,16.0,796.0
-0.3208008110523224,0.5789473684210527,0.5165262475696695,16.0,797.0
-0.32207077741622925,0.5789473684210527,0.5171743357096565,16.0,798.0
-0.32221904397010803,0.5789473684210527,0.5178224238496435,16.0,799.0
-0.3233470320701599,0.5789473684210527,0.5184705119896306,16.0,800.0
-0.32844847440719604,0.5789473684210527,0.5191186001296176,16.0,801.0
-0.32949098944664,0.5789473684210527,0.5197666882696047,16.0,802.0
-0.3297586739063263,0.5789473684210527,0.5204147764095917,16.0,803.0
-0.3305884599685669,0.5789473684210527,0.5210628645495787,16.0,804.0
-0.33200570940971375,0.5789473684210527,0.5217109526895658,16.0,805.0
-0.33303868770599365,0.5789473684210527,0.5223590408295529,16.0,806.0
-0.33472031354904175,0.5789473684210527,0.5230071289695398,16.0,807.0
-0.33489128947257996,0.5789473684210527,0.5236552171095269,16.0,808.0
-0.335805743932724,0.5789473684210527,0.524303305249514,16.0,809.0
-0.33766797184944153,0.5789473684210527,0.5249513933895009,16.0,810.0
-0.33785200119018555,0.5789473684210527,0.525599481529488,16.0,811.0
-0.3382801115512848,0.5789473684210527,0.5262475696694751,16.0,812.0
-0.3395288586616516,0.5789473684210527,0.5268956578094621,16.0,813.0
-0.3399558365345001,0.5789473684210527,0.5275437459494491,16.0,814.0
-0.3446725904941559,0.5789473684210527,0.5281918340894362,16.0,815.0
-0.3462253212928772,0.5789473684210527,0.5288399222294232,16.0,816.0
-0.3487388789653778,0.5789473684210527,0.5294880103694103,16.0,817.0
-0.3490135371685028,0.5789473684210527,0.5301360985093972,16.0,818.0
-0.34946754574775696,0.5789473684210527,0.5307841866493843,16.0,819.0
-0.35170334577560425,0.5789473684210527,0.5314322747893714,16.0,820.0
-0.35204750299453735,0.5789473684210527,0.5320803629293583,16.0,821.0
-0.35331904888153076,0.5789473684210527,0.5327284510693454,16.0,822.0
-0.35425668954849243,0.5789473684210527,0.5333765392093325,16.0,823.0
-0.3582919239997864,0.5789473684210527,0.5340246273493195,16.0,824.0
-0.3588705062866211,0.5789473684210527,0.5346727154893065,16.0,825.0
-0.35923829674720764,0.5789473684210527,0.5353208036292936,16.0,826.0
-0.3626611828804016,0.5789473684210527,0.5359688917692806,16.0,827.0
-0.3630455732345581,0.5789473684210527,0.5366169799092677,16.0,828.0
-0.36373192071914673,0.5789473684210527,0.5372650680492547,16.0,829.0
-0.36417219042778015,0.5789473684210527,0.5379131561892417,16.0,830.0
-0.365599125623703,0.5789473684210527,0.5385612443292288,16.0,831.0
-0.36610162258148193,0.5789473684210527,0.5392093324692158,16.0,832.0
-0.36932700872421265,0.5789473684210527,0.5398574206092028,16.0,833.0
-0.369690865278244,0.5789473684210527,0.5405055087491899,16.0,834.0
-0.3700043261051178,0.5789473684210527,0.541153596889177,16.0,835.0
-0.3703920245170593,0.5789473684210527,0.5418016850291639,16.0,836.0
-0.3726356327533722,0.5789473684210527,0.542449773169151,16.0,837.0
-0.3732912838459015,0.5789473684210527,0.5430978613091381,16.0,838.0
-0.3740813732147217,0.5789473684210527,0.5437459494491251,16.0,839.0
-0.3781372606754303,0.5789473684210527,0.5443940375891121,16.0,840.0
-0.3782740533351898,0.5789473684210527,0.5450421257290992,16.0,841.0
-0.37956205010414124,0.5789473684210527,0.5456902138690862,16.0,842.0
-0.3807733952999115,0.5789473684210527,0.5463383020090732,16.0,843.0
-0.3847867250442505,0.5789473684210527,0.5469863901490603,16.0,844.0
-0.3853023946285248,0.5789473684210527,0.5476344782890473,16.0,845.0
-0.3855326771736145,0.5789473684210527,0.5482825664290344,16.0,846.0
-0.3857550323009491,0.5789473684210527,0.5489306545690213,16.0,847.0
-0.38811665773391724,0.5789473684210527,0.5495787427090084,16.0,848.0
-0.38969168066978455,0.5789473684210527,0.5502268308489955,16.0,849.0
-0.38985970616340637,0.5789473684210527,0.5508749189889826,16.0,850.0
-0.389981746673584,0.5789473684210527,0.5515230071289695,16.0,851.0
-0.3912334144115448,0.5789473684210527,0.5521710952689566,16.0,852.0
-0.3929174840450287,0.5789473684210527,0.5528191834089436,16.0,853.0
-0.39389124512672424,0.5789473684210527,0.5534672715489306,16.0,854.0
-0.3939112722873688,0.5789473684210527,0.5541153596889177,16.0,855.0
-0.3972848355770111,0.5789473684210527,0.5547634478289047,16.0,856.0
-0.39923274517059326,0.5789473684210527,0.5554115359688918,16.0,857.0
-0.40612727403640747,0.5789473684210527,0.5560596241088788,16.0,858.0
-0.40775543451309204,0.5789473684210527,0.5567077122488658,16.0,859.0
-0.40941134095191956,0.5789473684210527,0.5573558003888529,16.0,860.0
-0.40964165329933167,0.5789473684210527,0.55800388852884,16.0,861.0
-0.41076794266700745,0.5789473684210527,0.5586519766688269,16.0,862.0
-0.4115949273109436,0.5789473684210527,0.559300064808814,16.0,863.0
-0.41349542140960693,0.5789473684210527,0.5599481529488011,16.0,864.0
-0.4136168658733368,0.5789473684210527,0.560596241088788,16.0,865.0
-0.41956329345703125,0.5789473684210527,0.5612443292287751,16.0,866.0
-0.42112886905670166,0.5789473684210527,0.5618924173687622,16.0,867.0
-0.4228784739971161,0.5789473684210527,0.5625405055087492,16.0,868.0
-0.4283390939235687,0.5789473684210527,0.5631885936487362,16.0,869.0
-0.431418240070343,0.5789473684210527,0.5638366817887233,16.0,870.0
-0.4314243793487549,0.5789473684210527,0.5644847699287103,16.0,871.0
-0.4333336055278778,0.5789473684210527,0.5651328580686974,16.0,872.0
-0.4341857135295868,0.5789473684210527,0.5657809462086844,16.0,873.0
-0.4360274076461792,0.5789473684210527,0.5664290343486714,16.0,874.0
-0.4364349842071533,0.5789473684210527,0.5670771224886585,16.0,875.0
-0.43782687187194824,0.5789473684210527,0.5677252106286454,16.0,876.0
-0.437867671251297,0.5789473684210527,0.5683732987686325,16.0,877.0
-0.4379535913467407,0.5789473684210527,0.5690213869086196,16.0,878.0
-0.4382125735282898,0.5789473684210527,0.5696694750486067,16.0,879.0
-0.4391222596168518,0.5789473684210527,0.5703175631885936,16.0,880.0
-0.4396621882915497,0.5789473684210527,0.5709656513285807,16.0,881.0
-0.44092226028442383,0.5789473684210527,0.5716137394685677,16.0,882.0
-0.44359996914863586,0.5789473684210527,0.5722618276085548,16.0,883.0
-0.4494268596172333,0.5789473684210527,0.5729099157485418,16.0,884.0
-0.45114704966545105,0.5789473684210527,0.5735580038885288,16.0,885.0
-0.45256656408309937,0.5789473684210527,0.5742060920285159,16.0,886.0
-0.45409658551216125,0.5789473684210527,0.5748541801685029,16.0,887.0
-0.45686227083206177,0.5789473684210527,0.5755022683084899,16.0,888.0
-0.45689839124679565,0.5789473684210527,0.576150356448477,16.0,889.0
-0.45863986015319824,0.5789473684210527,0.5767984445884641,16.0,890.0
-0.45989057421684265,0.5789473684210527,0.577446532728451,16.0,891.0
-0.4624168872833252,0.5789473684210527,0.5780946208684381,16.0,892.0
-0.46270978450775146,0.5789473684210527,0.5787427090084252,16.0,893.0
-0.4641464054584503,0.5789473684210527,0.5793907971484121,16.0,894.0
-0.46499234437942505,0.5789473684210527,0.5800388852883992,16.0,895.0
-0.4650648534297943,0.5789473684210527,0.5806869734283863,16.0,896.0
-0.46576371788978577,0.5789473684210527,0.5813350615683733,16.0,897.0
-0.46604928374290466,0.5789473684210527,0.5819831497083603,16.0,898.0
-0.4672139883041382,0.5789473684210527,0.5826312378483474,16.0,899.0
-0.4675069749355316,0.5789473684210527,0.5832793259883344,16.0,900.0
-0.47005730867385864,0.5789473684210527,0.5839274141283215,16.0,901.0
-0.4708099067211151,0.5789473684210527,0.5845755022683085,16.0,902.0
-0.4742435812950134,0.5789473684210527,0.5852235904082955,16.0,903.0
-0.47582384943962097,0.5789473684210527,0.5858716785482826,16.0,904.0
-0.4774986803531647,0.5789473684210527,0.5865197666882696,16.0,905.0
-0.4775022566318512,0.5789473684210527,0.5871678548282566,16.0,906.0
-0.47949931025505066,0.5789473684210527,0.5878159429682437,16.0,907.0
-0.48075273633003235,0.5789473684210527,0.5884640311082308,16.0,908.0
-0.48143404722213745,0.5789473684210527,0.5891121192482177,16.0,909.0
-0.4815066158771515,0.5789473684210527,0.5897602073882048,16.0,910.0
-0.48199713230133057,0.5789473684210527,0.5904082955281919,16.0,911.0
-0.4822405278682709,0.5789473684210527,0.5910563836681789,16.0,912.0
-0.4832194745540619,0.5789473684210527,0.5917044718081659,16.0,913.0
-0.4838566184043884,0.5789473684210527,0.592352559948153,16.0,914.0
-0.49252456426620483,0.5789473684210527,0.59300064808814,16.0,915.0
-0.4932745695114136,0.5789473684210527,0.593648736228127,16.0,916.0
-0.49352583289146423,0.5789473684210527,0.594296824368114,16.0,917.0
-0.49420759081840515,0.5789473684210527,0.5949449125081011,16.0,918.0
-0.49465179443359375,0.5789473684210527,0.5955930006480882,16.0,919.0
-0.497537761926651,0.5789473684210527,0.5962410887880751,16.0,920.0
-0.4998181164264679,0.5789473684210527,0.5968891769280622,16.0,921.0
-0.5007296204566956,0.5789473684210527,0.5975372650680493,16.0,922.0
-0.5042890310287476,0.5789473684210527,0.5981853532080363,16.0,923.0
-0.5083894729614258,0.5789473684210527,0.5988334413480233,16.0,924.0
-0.5142726302146912,0.5789473684210527,0.5994815294880104,16.0,925.0
-0.5144872069358826,0.5789473684210527,0.6001296176279974,16.0,926.0
-0.5181106328964233,0.5789473684210527,0.6007777057679844,16.0,927.0
-0.5184465646743774,0.5789473684210527,0.6014257939079715,16.0,928.0
-0.5205933451652527,0.5789473684210527,0.6020738820479585,16.0,929.0
-0.5231893062591553,0.5789473684210527,0.6027219701879456,16.0,930.0
-0.5232560038566589,0.5789473684210527,0.6033700583279326,16.0,931.0
-0.5264425277709961,0.5789473684210527,0.6040181464679196,16.0,932.0
-0.5283663868904114,0.5789473684210527,0.6046662346079067,16.0,933.0
-0.5304936766624451,0.5789473684210527,0.6053143227478938,16.0,934.0
-0.5355938673019409,0.5789473684210527,0.6059624108878807,16.0,935.0
-0.5388846397399902,0.5789473684210527,0.6066104990278678,16.0,936.0
-0.5403988361358643,0.5789473684210527,0.6072585871678549,16.0,937.0
-0.5421440601348877,0.5789473684210527,0.6079066753078418,16.0,938.0
-0.5421640872955322,0.5789473684210527,0.6085547634478289,16.0,939.0
-0.5426402688026428,0.5789473684210527,0.609202851587816,16.0,940.0
-0.5447558164596558,0.5789473684210527,0.609850939727803,16.0,941.0
-0.5507741570472717,0.5789473684210527,0.61049902786779,16.0,942.0
-0.555596113204956,0.5789473684210527,0.611147116007777,16.0,943.0
-0.5563189387321472,0.5789473684210527,0.6117952041477641,16.0,944.0
-0.5601935386657715,0.5789473684210527,0.6124432922877512,16.0,945.0
-0.5606034994125366,0.5789473684210527,0.6130913804277381,16.0,946.0
-0.5612736344337463,0.5789473684210527,0.6137394685677252,16.0,947.0
-0.5630613565444946,0.5789473684210527,0.6143875567077123,16.0,948.0
-0.564582884311676,0.5789473684210527,0.6150356448476992,16.0,949.0
-0.5647947192192078,0.5789473684210527,0.6156837329876863,16.0,950.0
-0.5680634379386902,0.5789473684210527,0.6163318211276734,16.0,951.0
-0.5683269500732422,0.5789473684210527,0.6169799092676604,16.0,952.0
-0.5691630840301514,0.5789473684210527,0.6176279974076474,16.0,953.0
-0.5700087547302246,0.5789473684210527,0.6182760855476345,16.0,954.0
-0.5709730982780457,0.5789473684210527,0.6189241736876215,16.0,955.0
-0.5712295770645142,0.5789473684210527,0.6195722618276086,16.0,956.0
-0.5733639597892761,0.5789473684210527,0.6202203499675956,16.0,957.0
-0.577668309211731,0.5789473684210527,0.6208684381075826,16.0,958.0
-0.5814207196235657,0.5789473684210527,0.6215165262475697,16.0,959.0
-0.5842072367668152,0.5789473684210527,0.6221646143875567,16.0,960.0
-0.5871908068656921,0.5789473684210527,0.6228127025275437,16.0,961.0
-0.5882844924926758,0.5789473684210527,0.6234607906675308,16.0,962.0
-0.5926172733306885,0.5789473684210527,0.6241088788075179,16.0,963.0
-0.5929562449455261,0.5789473684210527,0.6247569669475048,16.0,964.0
-0.5955139994621277,0.5789473684210527,0.6254050550874919,16.0,965.0
-0.5972270965576172,0.5789473684210527,0.626053143227479,16.0,966.0
-0.6000897884368896,0.5789473684210527,0.626701231367466,16.0,967.0
-0.6001119017601013,0.5789473684210527,0.627349319507453,16.0,968.0
-0.6002563238143921,0.5789473684210527,0.62799740764744,16.0,969.0
-0.6004112362861633,0.5789473684210527,0.6286454957874271,16.0,970.0
-0.6054668426513672,0.5789473684210527,0.6292935839274141,16.0,971.0
-0.6059941053390503,0.5789473684210527,0.6299416720674011,16.0,972.0
-0.608436107635498,0.5789473684210527,0.6305897602073882,16.0,973.0
-0.6087294816970825,0.5789473684210527,0.6312378483473753,16.0,974.0
-0.6087718605995178,0.5789473684210527,0.6318859364873622,16.0,975.0
-0.6088835000991821,0.5789473684210527,0.6325340246273493,16.0,976.0
-0.6127347350120544,0.5789473684210527,0.6331821127673364,16.0,977.0
-0.6127448678016663,0.5789473684210527,0.6338302009073234,16.0,978.0
-0.6139417886734009,0.5789473684210527,0.6344782890473104,16.0,979.0
-0.6154417991638184,0.5789473684210527,0.6351263771872975,16.0,980.0
-0.6154507994651794,0.5789473684210527,0.6357744653272845,16.0,981.0
-0.6174119114875793,0.5789473684210527,0.6364225534672715,16.0,982.0
-0.6181680560112,0.5789473684210527,0.6370706416072586,16.0,983.0
-0.6182066202163696,0.5789473684210527,0.6377187297472456,16.0,984.0
-0.6190374493598938,0.5789473684210527,0.6383668178872327,16.0,985.0
-0.6207159161567688,0.5789473684210527,0.6390149060272197,16.0,986.0
-0.6227224469184875,0.5789473684210527,0.6396629941672067,16.0,987.0
-0.6250680088996887,0.5789473684210527,0.6403110823071938,16.0,988.0
-0.6250928044319153,0.5789473684210527,0.6409591704471809,16.0,989.0
-0.6251031160354614,0.5789473684210527,0.6416072585871678,16.0,990.0
-0.6276448965072632,0.5789473684210527,0.6422553467271549,16.0,991.0
-0.6280257105827332,0.5789473684210527,0.642903434867142,16.0,992.0
-0.6299773454666138,0.5789473684210527,0.6435515230071289,16.0,993.0
-0.6302395462989807,0.5789473684210527,0.644199611147116,16.0,994.0
-0.6326896548271179,0.5789473684210527,0.6448476992871031,16.0,995.0
-0.6331877112388611,0.5789473684210527,0.6454957874270901,16.0,996.0
-0.6338909268379211,0.5789473684210527,0.6461438755670771,16.0,997.0
-0.6341189742088318,0.5789473684210527,0.6467919637070642,16.0,998.0
-0.635256826877594,0.5789473684210527,0.6474400518470512,16.0,999.0
-0.6364771723747253,0.5789473684210527,0.6480881399870383,16.0,1000.0
-0.6379889845848083,0.5789473684210527,0.6487362281270252,16.0,1001.0
-0.6390352249145508,0.5789473684210527,0.6493843162670123,16.0,1002.0
-0.6408612728118896,0.5789473684210527,0.6500324044069994,16.0,1003.0
-0.6433531045913696,0.5789473684210527,0.6506804925469863,16.0,1004.0
-0.6438088417053223,0.5789473684210527,0.6513285806869734,16.0,1005.0
-0.6461582779884338,0.5789473684210527,0.6519766688269605,16.0,1006.0
-0.6483089327812195,0.5789473684210527,0.6526247569669476,16.0,1007.0
-0.6496738791465759,0.5789473684210527,0.6532728451069345,16.0,1008.0
-0.6526551842689514,0.5789473684210527,0.6539209332469216,16.0,1009.0
-0.6590564846992493,0.5789473684210527,0.6545690213869086,16.0,1010.0
-0.6598213315010071,0.5789473684210527,0.6552171095268956,16.0,1011.0
-0.6623162627220154,0.5789473684210527,0.6558651976668827,16.0,1012.0
-0.6626777648925781,0.5789473684210527,0.6565132858068697,16.0,1013.0
-0.6667386293411255,0.5789473684210527,0.6571613739468568,16.0,1014.0
-0.6667449474334717,0.5789473684210527,0.6578094620868438,16.0,1015.0
-0.6677045226097107,0.5789473684210527,0.6584575502268308,16.0,1016.0
-0.6688586473464966,0.5789473684210527,0.6591056383668179,16.0,1017.0
-0.6690667867660522,0.5789473684210527,0.659753726506805,16.0,1018.0
-0.6692149043083191,0.5789473684210527,0.6604018146467919,16.0,1019.0
-0.6694854497909546,0.5789473684210527,0.661049902786779,16.0,1020.0
-0.6727541089057922,0.5789473684210527,0.6616979909267661,16.0,1021.0
-0.675017237663269,0.5789473684210527,0.662346079066753,16.0,1022.0
-0.6776516437530518,0.5789473684210527,0.6629941672067401,16.0,1023.0
-0.6790089011192322,0.5789473684210527,0.6636422553467272,16.0,1024.0
-0.6838294267654419,0.5789473684210527,0.6642903434867142,16.0,1025.0
-0.6842309832572937,0.5789473684210527,0.6649384316267012,16.0,1026.0
-0.684598445892334,0.5789473684210527,0.6655865197666883,16.0,1027.0
-0.6857792735099792,0.5789473684210527,0.6662346079066753,16.0,1028.0
-0.686005175113678,0.5789473684210527,0.6668826960466624,16.0,1029.0
-0.6872655749320984,0.5789473684210527,0.6675307841866494,16.0,1030.0
-0.6899193525314331,0.5789473684210527,0.6681788723266364,16.0,1031.0
-0.690499484539032,0.5789473684210527,0.6688269604666235,16.0,1032.0
-0.6907051801681519,0.5789473684210527,0.6694750486066104,16.0,1033.0
-0.6942985653877258,0.5789473684210527,0.6701231367465975,16.0,1034.0
-0.6952987313270569,0.5789473684210527,0.6707712248865846,16.0,1035.0
-0.6985822319984436,0.5789473684210527,0.6714193130265717,16.0,1036.0
-0.6990378499031067,0.5789473684210527,0.6720674011665586,16.0,1037.0
-0.7021148800849915,0.5789473684210527,0.6727154893065457,16.0,1038.0
-0.7033278942108154,0.5789473684210527,0.6733635774465327,16.0,1039.0
-0.7042056918144226,0.5789473684210527,0.6740116655865198,16.0,1040.0
-0.7047709226608276,0.5789473684210527,0.6746597537265068,16.0,1041.0
-0.7049416303634644,0.5789473684210527,0.6753078418664938,16.0,1042.0
-0.7053511142730713,0.5789473684210527,0.6759559300064809,16.0,1043.0
-0.7062366008758545,0.5789473684210527,0.6766040181464679,16.0,1044.0
-0.7064635753631592,0.5789473684210527,0.6772521062864549,16.0,1045.0
-0.7072962522506714,0.5789473684210527,0.677900194426442,16.0,1046.0
-0.7081981897354126,0.5789473684210527,0.6785482825664291,16.0,1047.0
-0.7138045430183411,0.5789473684210527,0.679196370706416,16.0,1048.0
-0.7138415575027466,0.5789473684210527,0.6798444588464031,16.0,1049.0
-0.7153640389442444,0.5789473684210527,0.6804925469863902,16.0,1050.0
-0.7155441641807556,0.5789473684210527,0.6811406351263772,16.0,1051.0
-0.7178365588188171,0.5789473684210527,0.6817887232663642,16.0,1052.0
-0.7179479598999023,0.5789473684210527,0.6824368114063513,16.0,1053.0
-0.7184529304504395,0.5789473684210527,0.6830848995463383,16.0,1054.0
-0.7194881439208984,0.5789473684210527,0.6837329876863253,16.0,1055.0
-0.7215303778648376,0.5789473684210527,0.6843810758263124,16.0,1056.0
-0.722017228603363,0.5789473684210527,0.6850291639662994,16.0,1057.0
-0.7241561412811279,0.5789473684210527,0.6856772521062865,16.0,1058.0
-0.725910484790802,0.5789473684210527,0.6863253402462735,16.0,1059.0
-0.7276743054389954,0.5789473684210527,0.6869734283862605,16.0,1060.0
-0.7289060354232788,0.5789473684210527,0.6876215165262476,16.0,1061.0
-0.7308792471885681,0.5789473684210527,0.6882696046662347,16.0,1062.0
-0.7312920689582825,0.5789473684210527,0.6889176928062216,16.0,1063.0
-0.7315943241119385,0.5789473684210527,0.6895657809462087,16.0,1064.0
-0.7332408428192139,0.5789473684210527,0.6902138690861958,16.0,1065.0
-0.733293890953064,0.5789473684210527,0.6908619572261827,16.0,1066.0
-0.7372419238090515,0.5789473684210527,0.6915100453661698,16.0,1067.0
-0.7372782230377197,0.5789473684210527,0.6921581335061568,16.0,1068.0
-0.7378491163253784,0.5789473684210527,0.6928062216461439,16.0,1069.0
-0.738409161567688,0.5789473684210527,0.6934543097861309,16.0,1070.0
-0.739590585231781,0.5789473684210527,0.6941023979261179,16.0,1071.0
-0.7400473952293396,0.5789473684210527,0.694750486066105,16.0,1072.0
-0.7415590286254883,0.5789473684210527,0.6953985742060921,16.0,1073.0
-0.7416397333145142,0.5789473684210527,0.696046662346079,16.0,1074.0
-0.7447598576545715,0.5789473684210527,0.6966947504860661,16.0,1075.0
-0.744924008846283,0.5789473684210527,0.6973428386260532,16.0,1076.0
-0.7464384436607361,0.5789473684210527,0.6979909267660401,16.0,1077.0
-0.747062087059021,0.5789473684210527,0.6986390149060272,16.0,1078.0
-0.7473741769790649,0.5789473684210527,0.6992871030460143,16.0,1079.0
-0.7480029463768005,0.5789473684210527,0.6999351911860013,16.0,1080.0
-0.7498465776443481,0.5789473684210527,0.7005832793259883,16.0,1081.0
-0.7504488229751587,0.5789473684210527,0.7012313674659754,16.0,1082.0
-0.7567312717437744,0.5789473684210527,0.7018794556059624,16.0,1083.0
-0.7592310309410095,0.5789473684210527,0.7025275437459495,16.0,1084.0
-0.7623634338378906,0.5789473684210527,0.7031756318859365,16.0,1085.0
-0.7624208331108093,0.5789473684210527,0.7038237200259235,16.0,1086.0
-0.7626199126243591,0.5789473684210527,0.7044718081659106,16.0,1087.0
-0.7628804445266724,0.5789473684210527,0.7051198963058976,16.0,1088.0
-0.7636212110519409,0.5789473684210527,0.7057679844458846,16.0,1089.0
-0.7640586495399475,0.5789473684210527,0.7064160725858717,16.0,1090.0
-0.7650529146194458,0.5789473684210527,0.7070641607258588,16.0,1091.0
-0.7653335928916931,0.5789473684210527,0.7077122488658457,16.0,1092.0
-0.7653892636299133,0.5789473684210527,0.7083603370058328,16.0,1093.0
-0.7687404155731201,0.5789473684210527,0.7090084251458199,16.0,1094.0
-0.7691885232925415,0.5789473684210527,0.7096565132858069,16.0,1095.0
-0.7695332765579224,0.5789473684210527,0.7103046014257939,16.0,1096.0
-0.7708818912506104,0.5789473684210527,0.710952689565781,16.0,1097.0
-0.7709468603134155,0.5789473684210527,0.711600777705768,16.0,1098.0
-0.7718051075935364,0.5789473684210527,0.712248865845755,16.0,1099.0
-0.7744466066360474,0.5789473684210527,0.712896953985742,16.0,1100.0
-0.7765001654624939,0.5789473684210527,0.7135450421257291,16.0,1101.0
-0.7769334316253662,0.5789473684210527,0.7141931302657162,16.0,1102.0
-0.7789678573608398,0.5789473684210527,0.7148412184057031,16.0,1103.0
-0.779742419719696,0.5789473684210527,0.7154893065456902,16.0,1104.0
-0.7817121744155884,0.5789473684210527,0.7161373946856773,16.0,1105.0
-0.7931060791015625,0.5789473684210527,0.7167854828256643,16.0,1106.0
-0.7946837544441223,0.5789473684210527,0.7174335709656513,16.0,1107.0
-0.7949060797691345,0.5789473684210527,0.7180816591056384,16.0,1108.0
-0.7949708700180054,0.5789473684210527,0.7187297472456254,16.0,1109.0
-0.7960469126701355,0.5789473684210527,0.7193778353856124,16.0,1110.0
-0.7978781461715698,0.5789473684210527,0.7200259235255995,16.0,1111.0
-0.7991309762001038,0.5789473684210527,0.7206740116655865,16.0,1112.0
-0.801146388053894,0.5789473684210527,0.7213220998055736,16.0,1113.0
-0.8043676614761353,0.5789473684210527,0.7219701879455606,16.0,1114.0
-0.8055362105369568,0.5789473684210527,0.7226182760855476,16.0,1115.0
-0.8064395189285278,0.5789473684210527,0.7232663642255347,16.0,1116.0
-0.8076246976852417,0.5789473684210527,0.7239144523655218,16.0,1117.0
-0.8128594756126404,0.5789473684210527,0.7245625405055087,16.0,1118.0
-0.813210666179657,0.5789473684210527,0.7252106286454958,16.0,1119.0
-0.816592276096344,0.5789473684210527,0.7258587167854829,16.0,1120.0
-0.8185604810714722,0.5789473684210527,0.7265068049254698,16.0,1121.0
-0.8202154636383057,0.5789473684210527,0.7271548930654569,16.0,1122.0
-0.8243016600608826,0.5789473684210527,0.727802981205444,16.0,1123.0
-0.8271607160568237,0.5789473684210527,0.728451069345431,16.0,1124.0
-0.8284003734588623,0.5789473684210527,0.729099157485418,16.0,1125.0
-0.8295103311538696,0.5789473684210527,0.729747245625405,16.0,1126.0
-0.8325583934783936,0.5789473684210527,0.7303953337653921,16.0,1127.0
-0.8328827023506165,0.5789473684210527,0.7310434219053791,16.0,1128.0
-0.8377485275268555,0.5789473684210527,0.7316915100453661,16.0,1129.0
-0.8378121256828308,0.5789473684210527,0.7323395981853532,16.0,1130.0
-0.8439584970474243,0.5789473684210527,0.7329876863253403,16.0,1131.0
-0.8465332388877869,0.5789473684210527,0.7336357744653272,16.0,1132.0
-0.8501721620559692,0.5789473684210527,0.7342838626053143,16.0,1133.0
-0.8524268865585327,0.5789473684210527,0.7349319507453014,16.0,1134.0
-0.8531139492988586,0.5789473684210527,0.7355800388852884,16.0,1135.0
-0.8541646599769592,0.5789473684210527,0.7362281270252754,16.0,1136.0
-0.8556853532791138,0.5789473684210527,0.7368762151652625,16.0,1137.0
-0.8557740449905396,0.5789473684210527,0.7375243033052495,16.0,1138.0
-0.8573920726776123,0.5789473684210527,0.7381723914452365,16.0,1139.0
-0.8597331643104553,0.5789473684210527,0.7388204795852236,16.0,1140.0
-0.863427460193634,0.5789473684210527,0.7394685677252106,16.0,1141.0
-0.8660423755645752,0.5789473684210527,0.7401166558651977,16.0,1142.0
-0.8672677278518677,0.5789473684210527,0.7407647440051847,16.0,1143.0
-0.8710843920707703,0.5789473684210527,0.7414128321451717,16.0,1144.0
-0.8713161945343018,0.5789473684210527,0.7420609202851588,16.0,1145.0
-0.8735859990119934,0.5789473684210527,0.7427090084251459,16.0,1146.0
-0.876343846321106,0.5789473684210527,0.7433570965651328,16.0,1147.0
-0.8783079981803894,0.5789473684210527,0.7440051847051199,16.0,1148.0
-0.8790150284767151,0.5789473684210527,0.744653272845107,16.0,1149.0
-0.8792319297790527,0.5789473684210527,0.7453013609850939,16.0,1150.0
-0.8821213841438293,0.5789473684210527,0.745949449125081,16.0,1151.0
-0.8837295174598694,0.5789473684210527,0.7465975372650681,16.0,1152.0
-0.8856261372566223,0.5789473684210527,0.7472456254050551,16.0,1153.0
-0.8873286247253418,0.5789473684210527,0.7478937135450421,16.0,1154.0
-0.8882587552070618,0.5789473684210527,0.7485418016850292,16.0,1155.0
-0.8912525177001953,0.5789473684210527,0.7491898898250162,16.0,1156.0
-0.8913174271583557,0.5789473684210527,0.7498379779650033,16.0,1157.0
-0.8936363458633423,0.5789473684210527,0.7504860661049902,16.0,1158.0
-0.894061803817749,0.5789473684210527,0.7511341542449773,16.0,1159.0
-0.8954208493232727,0.5789473684210527,0.7517822423849644,16.0,1160.0
-0.8957145810127258,0.5789473684210527,0.7524303305249513,16.0,1161.0
-0.8959717154502869,0.5789473684210527,0.7530784186649384,16.0,1162.0
-0.896856427192688,0.5789473684210527,0.7537265068049255,16.0,1163.0
-0.8996500968933105,0.5789473684210527,0.7543745949449125,16.0,1164.0
-0.9017326235771179,0.5789473684210527,0.7550226830848995,16.0,1165.0
-0.9019176959991455,0.5789473684210527,0.7556707712248866,16.0,1166.0
-0.9084984660148621,0.5789473684210527,0.7563188593648736,16.0,1167.0
-0.9147676229476929,0.5789473684210527,0.7569669475048607,16.0,1168.0
-0.9200056195259094,0.5789473684210527,0.7576150356448477,16.0,1169.0
-0.922095775604248,0.5789473684210527,0.7582631237848347,16.0,1170.0
-0.9239149689674377,0.5789473684210527,0.7589112119248218,16.0,1171.0
-0.9244946241378784,0.5789473684210527,0.7595593000648088,16.0,1172.0
-0.9258992671966553,0.5789473684210527,0.7602073882047958,16.0,1173.0
-0.9263384342193604,0.5789473684210527,0.7608554763447829,16.0,1174.0
-0.9267579317092896,0.5789473684210527,0.76150356448477,16.0,1175.0
-0.9286155104637146,0.5789473684210527,0.7621516526247569,16.0,1176.0
-0.9304276704788208,0.5789473684210527,0.762799740764744,16.0,1177.0
-0.9304290413856506,0.5789473684210527,0.7634478289047311,16.0,1178.0
-0.9308664798736572,0.5789473684210527,0.7640959170447181,16.0,1179.0
-0.9322347640991211,0.5789473684210527,0.7647440051847051,16.0,1180.0
-0.9335461854934692,0.5789473684210527,0.7653920933246922,16.0,1181.0
-0.9393574595451355,0.5789473684210527,0.7660401814646792,16.0,1182.0
-0.942633330821991,0.5789473684210527,0.7666882696046662,16.0,1183.0
-0.9442057609558105,0.5789473684210527,0.7673363577446533,16.0,1184.0
-0.9447397589683533,0.5789473684210527,0.7679844458846403,16.0,1185.0
-0.9455664753913879,0.5789473684210527,0.7686325340246274,16.0,1186.0
-0.946149468421936,0.5789473684210527,0.7692806221646143,16.0,1187.0
-0.9476523399353027,0.5789473684210527,0.7699287103046014,16.0,1188.0
-0.9481943249702454,0.5789473684210527,0.7705767984445885,16.0,1189.0
-0.9552800059318542,0.5789473684210527,0.7712248865845756,16.0,1190.0
-0.955949068069458,0.5789473684210527,0.7718729747245625,16.0,1191.0
-0.9559513330459595,0.5789473684210527,0.7725210628645496,16.0,1192.0
-0.9626228213310242,0.5789473684210527,0.7731691510045366,16.0,1193.0
-0.9646109938621521,0.5789473684210527,0.7738172391445236,16.0,1194.0
-0.9672173261642456,0.5789473684210527,0.7744653272845107,16.0,1195.0
-0.9690812230110168,0.5789473684210527,0.7751134154244977,16.0,1196.0
-0.9691665172576904,0.5789473684210527,0.7757615035644848,16.0,1197.0
-0.9710866212844849,0.5789473684210527,0.7764095917044718,16.0,1198.0
-0.9734256863594055,0.5789473684210527,0.7770576798444588,16.0,1199.0
-0.9753744602203369,0.5789473684210527,0.7777057679844459,16.0,1200.0
-0.9777858853340149,0.5789473684210527,0.778353856124433,16.0,1201.0
-0.9807857275009155,0.5789473684210527,0.7790019442644199,16.0,1202.0
-0.981172502040863,0.5789473684210527,0.779650032404407,16.0,1203.0
-0.9816546440124512,0.5789473684210527,0.7802981205443941,16.0,1204.0
-0.9833330512046814,0.5789473684210527,0.780946208684381,16.0,1205.0
-0.986569344997406,0.5789473684210527,0.7815942968243681,16.0,1206.0
-0.9869376420974731,0.5789473684210527,0.7822423849643552,16.0,1207.0
-0.9927243590354919,0.5789473684210527,0.7828904731043422,16.0,1208.0
-0.9938862919807434,0.5789473684210527,0.7835385612443292,16.0,1209.0
-0.9987951517105103,0.5789473684210527,0.7841866493843163,16.0,1210.0
-1.0046242475509644,0.5789473684210527,0.7848347375243033,16.0,1211.0
-1.0055346488952637,0.5789473684210527,0.7854828256642904,16.0,1212.0
-1.0067232847213745,0.5789473684210527,0.7861309138042774,16.0,1213.0
-1.0079009532928467,0.5789473684210527,0.7867790019442644,16.0,1214.0
-1.0093001127243042,0.5789473684210527,0.7874270900842515,16.0,1215.0
-1.0099316835403442,0.5789473684210527,0.7880751782242384,16.0,1216.0
-1.0102750062942505,0.5789473684210527,0.7887232663642255,16.0,1217.0
-1.01030433177948,0.5789473684210527,0.7893713545042126,16.0,1218.0
-1.0112991333007812,0.5789473684210527,0.7900194426441997,16.0,1219.0
-1.0118476152420044,0.5789473684210527,0.7906675307841866,16.0,1220.0
-1.0129811763763428,0.5789473684210527,0.7913156189241737,16.0,1221.0
-1.0132466554641724,0.5789473684210527,0.7919637070641607,16.0,1222.0
-1.0162076950073242,0.5789473684210527,0.7926117952041478,16.0,1223.0
-1.0180739164352417,0.5789473684210527,0.7932598833441348,16.0,1224.0
-1.0225820541381836,0.5789473684210527,0.7939079714841218,16.0,1225.0
-1.022910714149475,0.5789473684210527,0.7945560596241089,16.0,1226.0
-1.0242851972579956,0.5789473684210527,0.7952041477640959,16.0,1227.0
-1.0254052877426147,0.5789473684210527,0.7958522359040829,16.0,1228.0
-1.0256226062774658,0.5789473684210527,0.79650032404407,16.0,1229.0
-1.030491828918457,0.5789473684210527,0.7971484121840571,16.0,1230.0
-1.0320110321044922,0.5789473684210527,0.797796500324044,16.0,1231.0
-1.0329686403274536,0.5789473684210527,0.7984445884640311,16.0,1232.0
-1.038588523864746,0.5789473684210527,0.7990926766040182,16.0,1233.0
-1.0403364896774292,0.5789473684210527,0.7997407647440052,16.0,1234.0
-1.0415115356445312,0.5789473684210527,0.8003888528839922,16.0,1235.0
-1.0472294092178345,0.5789473684210527,0.8010369410239793,16.0,1236.0
-1.0512064695358276,0.5789473684210527,0.8016850291639663,16.0,1237.0
-1.051248550415039,0.5789473684210527,0.8023331173039533,16.0,1238.0
-1.0524439811706543,0.5789473684210527,0.8029812054439404,16.0,1239.0
-1.0542058944702148,0.5789473684210527,0.8036292935839274,16.0,1240.0
-1.0557551383972168,0.5789473684210527,0.8042773817239145,16.0,1241.0
-1.0566132068634033,0.5789473684210527,0.8049254698639015,16.0,1242.0
-1.057486653327942,0.5789473684210527,0.8055735580038885,16.0,1243.0
-1.0587365627288818,0.5789473684210527,0.8062216461438756,16.0,1244.0
-1.059329867362976,0.5789473684210527,0.8068697342838627,16.0,1245.0
-1.0752052068710327,0.5789473684210527,0.8075178224238496,16.0,1246.0
-1.075437068939209,0.5789473684210527,0.8081659105638367,16.0,1247.0
-1.0783462524414062,0.5789473684210527,0.8088139987038238,16.0,1248.0
-1.0822738409042358,0.5789473684210527,0.8094620868438107,16.0,1249.0
-1.0824964046478271,0.5789473684210527,0.8101101749837978,16.0,1250.0
-1.0829447507858276,0.5789473684210527,0.8107582631237849,16.0,1251.0
-1.0839850902557373,0.5789473684210527,0.8114063512637719,16.0,1252.0
-1.085378885269165,0.5789473684210527,0.8120544394037589,16.0,1253.0
-1.08888840675354,0.5789473684210527,0.812702527543746,16.0,1254.0
-1.0942487716674805,0.5789473684210527,0.813350615683733,16.0,1255.0
-1.096255898475647,0.5789473684210527,0.81399870382372,16.0,1256.0
-1.0994056463241577,0.5789473684210527,0.814646791963707,16.0,1257.0
-1.100234866142273,0.5789473684210527,0.8152948801036941,16.0,1258.0
-1.1003789901733398,0.5789473684210527,0.8159429682436812,16.0,1259.0
-1.1026813983917236,0.5789473684210527,0.8165910563836681,16.0,1260.0
-1.1042004823684692,0.5789473684210527,0.8172391445236552,16.0,1261.0
-1.1055598258972168,0.5789473684210527,0.8178872326636423,16.0,1262.0
-1.1060460805892944,0.5789473684210527,0.8185353208036293,16.0,1263.0
-1.1151833534240723,0.5789473684210527,0.8191834089436163,16.0,1264.0
-1.1163197755813599,0.5789473684210527,0.8198314970836034,16.0,1265.0
-1.1164551973342896,0.5789473684210527,0.8204795852235904,16.0,1266.0
-1.116485834121704,0.5789473684210527,0.8211276733635774,16.0,1267.0
-1.1176789999008179,0.5789473684210527,0.8217757615035645,16.0,1268.0
-1.1184206008911133,0.5789473684210527,0.8224238496435515,16.0,1269.0
-1.1184535026550293,0.5789473684210527,0.8230719377835386,16.0,1270.0
-1.1246200799942017,0.5789473684210527,0.8237200259235256,16.0,1271.0
-1.1247717142105103,0.5789473684210527,0.8243681140635126,16.0,1272.0
-1.1268950700759888,0.5789473684210527,0.8250162022034997,16.0,1273.0
-1.1275544166564941,0.5789473684210527,0.8256642903434868,16.0,1274.0
-1.1285666227340698,0.5789473684210527,0.8263123784834737,16.0,1275.0
-1.1321065425872803,0.5789473684210527,0.8269604666234608,16.0,1276.0
-1.1371198892593384,0.5789473684210527,0.8276085547634479,16.0,1277.0
-1.1390340328216553,0.5789473684210527,0.8282566429034348,16.0,1278.0
-1.1399586200714111,0.5789473684210527,0.8289047310434219,16.0,1279.0
-1.1416511535644531,0.5789473684210527,0.829552819183409,16.0,1280.0
-1.144984245300293,0.5789473684210527,0.830200907323396,16.0,1281.0
-1.1468309164047241,0.5789473684210527,0.830848995463383,16.0,1282.0
-1.1486207246780396,0.5789473684210527,0.83149708360337,16.0,1283.0
-1.1504780054092407,0.5789473684210527,0.8321451717433571,16.0,1284.0
-1.1505107879638672,0.5789473684210527,0.8327932598833442,16.0,1285.0
-1.1524560451507568,0.5789473684210527,0.8334413480233311,16.0,1286.0
-1.1551642417907715,0.5789473684210527,0.8340894361633182,16.0,1287.0
-1.1557918787002563,0.5789473684210527,0.8347375243033053,16.0,1288.0
-1.1558161973953247,0.5789473684210527,0.8353856124432922,16.0,1289.0
-1.1576629877090454,0.5789473684210527,0.8360337005832793,16.0,1290.0
-1.157949686050415,0.5789473684210527,0.8366817887232664,16.0,1291.0
-1.1585755348205566,0.5789473684210527,0.8373298768632534,16.0,1292.0
-1.159946084022522,0.5789473684210527,0.8379779650032404,16.0,1293.0
-1.1617006063461304,0.5789473684210527,0.8386260531432275,16.0,1294.0
-1.168214201927185,0.5789473684210527,0.8392741412832145,16.0,1295.0
-1.1688587665557861,0.5789473684210527,0.8399222294232016,16.0,1296.0
-1.1696150302886963,0.5789473684210527,0.8405703175631886,16.0,1297.0
-1.1729016304016113,0.5789473684210527,0.8412184057031756,16.0,1298.0
-1.1735800504684448,0.5789473684210527,0.8418664938431627,16.0,1299.0
-1.1750108003616333,0.5789473684210527,0.8425145819831497,16.0,1300.0
-1.181869626045227,0.5789473684210527,0.8431626701231367,16.0,1301.0
-1.1837804317474365,0.5789473684210527,0.8438107582631238,16.0,1302.0
-1.1860902309417725,0.5789473684210527,0.8444588464031109,16.0,1303.0
-1.1862046718597412,0.5789473684210527,0.8451069345430978,16.0,1304.0
-1.1865792274475098,0.5789473684210527,0.8457550226830849,16.0,1305.0
-1.1871519088745117,0.5789473684210527,0.846403110823072,16.0,1306.0
-1.1872633695602417,0.5789473684210527,0.847051198963059,16.0,1307.0
-1.189940094947815,0.5789473684210527,0.847699287103046,16.0,1308.0
-1.1901493072509766,0.5789473684210527,0.848347375243033,16.0,1309.0
-1.1939334869384766,0.5789473684210527,0.8489954633830201,16.0,1310.0
-1.1950678825378418,0.5789473684210527,0.8496435515230071,16.0,1311.0
-1.197121024131775,0.5789473684210527,0.8502916396629941,16.0,1312.0
-1.1988033056259155,0.5789473684210527,0.8509397278029812,16.0,1313.0
-1.1996363401412964,0.5789473684210527,0.8515878159429683,16.0,1314.0
-1.2002192735671997,0.5789473684210527,0.8522359040829552,16.0,1315.0
-1.2046953439712524,0.5789473684210527,0.8528839922229423,16.0,1316.0
-1.2058041095733643,0.5789473684210527,0.8535320803629294,16.0,1317.0
-1.2075873613357544,0.5789473684210527,0.8541801685029164,16.0,1318.0
-1.2079726457595825,0.5789473684210527,0.8548282566429034,16.0,1319.0
-1.2128697633743286,0.5789473684210527,0.8554763447828905,16.0,1320.0
-1.2143243551254272,0.5789473684210527,0.8561244329228775,16.0,1321.0
-1.216550350189209,0.5789473684210527,0.8567725210628645,16.0,1322.0
-1.2211048603057861,0.5789473684210527,0.8574206092028516,16.0,1323.0
-1.2231223583221436,0.5789473684210527,0.8580686973428386,16.0,1324.0
-1.2240173816680908,0.5789473684210527,0.8587167854828257,16.0,1325.0
-1.2244676351547241,0.5789473684210527,0.8593648736228127,16.0,1326.0
-1.225659966468811,0.5789473684210527,0.8600129617627997,16.0,1327.0
-1.2338544130325317,0.5789473684210527,0.8606610499027868,16.0,1328.0
-1.2351902723312378,0.5789473684210527,0.8613091380427739,16.0,1329.0
-1.2376139163970947,0.5789473684210527,0.8619572261827608,16.0,1330.0
-1.2387423515319824,0.5789473684210527,0.8626053143227479,16.0,1331.0
-1.2426996231079102,0.5789473684210527,0.863253402462735,16.0,1332.0
-1.2436752319335938,0.5789473684210527,0.8639014906027219,16.0,1333.0
-1.2445942163467407,0.5789473684210527,0.864549578742709,16.0,1334.0
-1.2455470561981201,0.5789473684210527,0.8651976668826961,16.0,1335.0
-1.2510358095169067,0.5789473684210527,0.8658457550226831,16.0,1336.0
-1.2524348497390747,0.5789473684210527,0.8664938431626701,16.0,1337.0
-1.2545121908187866,0.5789473684210527,0.8671419313026572,16.0,1338.0
-1.2597014904022217,0.5789473684210527,0.8677900194426442,16.0,1339.0
-1.2616090774536133,0.5789473684210527,0.8684381075826313,16.0,1340.0
-1.2617586851119995,0.5789473684210527,0.8690861957226182,16.0,1341.0
-1.2630187273025513,0.5789473684210527,0.8697342838626053,16.0,1342.0
-1.2690259218215942,0.5789473684210527,0.8703823720025924,16.0,1343.0
-1.2706708908081055,0.5789473684210527,0.8710304601425793,16.0,1344.0
-1.2726821899414062,0.5789473684210527,0.8716785482825664,16.0,1345.0
-1.2738615274429321,0.5789473684210527,0.8723266364225535,16.0,1346.0
-1.275050401687622,0.5789473684210527,0.8729747245625405,16.0,1347.0
-1.2865265607833862,0.5789473684210527,0.8736228127025275,16.0,1348.0
-1.2887390851974487,0.5789473684210527,0.8742709008425146,16.0,1349.0
-1.2889243364334106,0.5789473684210527,0.8749189889825016,16.0,1350.0
-1.2926777601242065,0.5789473684210527,0.8755670771224887,16.0,1351.0
-1.2928776741027832,0.5789473684210527,0.8762151652624757,16.0,1352.0
-1.294407606124878,0.5789473684210527,0.8768632534024627,16.0,1353.0
-1.2970997095108032,0.5789473684210527,0.8775113415424498,16.0,1354.0
-1.2976081371307373,0.5789473684210527,0.8781594296824368,16.0,1355.0
-1.2977689504623413,0.5789473684210527,0.8788075178224238,16.0,1356.0
-1.2981854677200317,0.5789473684210527,0.8794556059624109,16.0,1357.0
-1.299103021621704,0.5789473684210527,0.880103694102398,16.0,1358.0
-1.2993065118789673,0.5789473684210527,0.8807517822423849,16.0,1359.0
-1.3010225296020508,0.5789473684210527,0.881399870382372,16.0,1360.0
-1.3011016845703125,0.5789473684210527,0.8820479585223591,16.0,1361.0
-1.3056660890579224,0.5789473684210527,0.8826960466623461,16.0,1362.0
-1.3075237274169922,0.5789473684210527,0.8833441348023331,16.0,1363.0
-1.3106008768081665,0.5789473684210527,0.8839922229423202,16.0,1364.0
-1.3110463619232178,0.5789473684210527,0.8846403110823072,16.0,1365.0
-1.3114488124847412,0.5789473684210527,0.8852883992222942,16.0,1366.0
-1.315354585647583,0.5789473684210527,0.8859364873622813,16.0,1367.0
-1.3159979581832886,0.5789473684210527,0.8865845755022683,16.0,1368.0
-1.3266853094100952,0.5789473684210527,0.8872326636422554,16.0,1369.0
-1.330289363861084,0.5789473684210527,0.8878807517822424,16.0,1370.0
-1.3329005241394043,0.5789473684210527,0.8885288399222294,16.0,1371.0
-1.3339444398880005,0.5789473684210527,0.8891769280622165,16.0,1372.0
-1.3343613147735596,0.5789473684210527,0.8898250162022034,16.0,1373.0
-1.334835410118103,0.5789473684210527,0.8904731043421905,16.0,1374.0
-1.33953857421875,0.5789473684210527,0.8911211924821776,16.0,1375.0
-1.3404072523117065,0.5789473684210527,0.8917692806221647,16.0,1376.0
-1.3405970335006714,0.5789473684210527,0.8924173687621516,16.0,1377.0
-1.3437095880508423,0.5789473684210527,0.8930654569021387,16.0,1378.0
-1.345228910446167,0.5789473684210527,0.8937135450421257,16.0,1379.0
-1.3468618392944336,0.5789473684210527,0.8943616331821128,16.0,1380.0
-1.3478373289108276,0.5789473684210527,0.8950097213220998,16.0,1381.0
-1.3488633632659912,0.5789473684210527,0.8956578094620868,16.0,1382.0
-1.3490544557571411,0.5789473684210527,0.8963058976020739,16.0,1383.0
-1.349509835243225,0.5789473684210527,0.8969539857420609,16.0,1384.0
-1.350381851196289,0.5789473684210527,0.8976020738820479,16.0,1385.0
-1.353327989578247,0.5789473684210527,0.898250162022035,16.0,1386.0
-1.355355143547058,0.5789473684210527,0.8988982501620221,16.0,1387.0
-1.357664704322815,0.5789473684210527,0.899546338302009,16.0,1388.0
-1.3579986095428467,0.5789473684210527,0.9001944264419961,16.0,1389.0
-1.3594821691513062,0.5789473684210527,0.9008425145819832,16.0,1390.0
-1.3595572710037231,0.5789473684210527,0.9014906027219702,16.0,1391.0
-1.3633661270141602,0.5789473684210527,0.9021386908619572,16.0,1392.0
-1.3644624948501587,0.5789473684210527,0.9027867790019443,16.0,1393.0
-1.3670419454574585,0.5789473684210527,0.9034348671419313,16.0,1394.0
-1.3675262928009033,0.5789473684210527,0.9040829552819183,16.0,1395.0
-1.3676515817642212,0.5789473684210527,0.9047310434219054,16.0,1396.0
-1.3688700199127197,0.5789473684210527,0.9053791315618924,16.0,1397.0
-1.3697218894958496,0.5789473684210527,0.9060272197018795,16.0,1398.0
-1.3722163438796997,0.5789473684210527,0.9066753078418665,16.0,1399.0
-1.372328519821167,0.5789473684210527,0.9073233959818535,16.0,1400.0
-1.3733503818511963,0.5789473684210527,0.9079714841218406,16.0,1401.0
-1.3764441013336182,0.5789473684210527,0.9086195722618277,16.0,1402.0
-1.3772001266479492,0.5789473684210527,0.9092676604018146,16.0,1403.0
-1.37806236743927,0.5789473684210527,0.9099157485418017,16.0,1404.0
-1.3793386220932007,0.5789473684210527,0.9105638366817888,16.0,1405.0
-1.3802800178527832,0.5789473684210527,0.9112119248217757,16.0,1406.0
-1.381179690361023,0.5789473684210527,0.9118600129617628,16.0,1407.0
-1.3854589462280273,0.5789473684210527,0.9125081011017498,16.0,1408.0
-1.385698914527893,0.5789473684210527,0.9131561892417369,16.0,1409.0
-1.391738772392273,0.5789473684210527,0.9138042773817239,16.0,1410.0
-1.3920915126800537,0.5789473684210527,0.9144523655217109,16.0,1411.0
-1.3925843238830566,0.5789473684210527,0.915100453661698,16.0,1412.0
-1.3940536975860596,0.5789473684210527,0.9157485418016851,16.0,1413.0
-1.3984994888305664,0.5789473684210527,0.916396629941672,16.0,1414.0
-1.3985174894332886,0.5789473684210527,0.9170447180816591,16.0,1415.0
-1.3988245725631714,0.5789473684210527,0.9176928062216462,16.0,1416.0
-1.3995543718338013,0.5789473684210527,0.9183408943616331,16.0,1417.0
-1.402384877204895,0.5789473684210527,0.9189889825016202,16.0,1418.0
-1.402467131614685,0.5789473684210527,0.9196370706416073,16.0,1419.0
-1.403814435005188,0.5789473684210527,0.9202851587815943,16.0,1420.0
-1.4066108465194702,0.5789473684210527,0.9209332469215813,16.0,1421.0
-1.4068745374679565,0.5789473684210527,0.9215813350615684,16.0,1422.0
-1.4148691892623901,0.5789473684210527,0.9222294232015554,16.0,1423.0
-1.4179744720458984,0.5789473684210527,0.9228775113415425,16.0,1424.0
-1.4181867837905884,0.5789473684210527,0.9235255994815295,16.0,1425.0
-1.4187850952148438,0.5789473684210527,0.9241736876215165,16.0,1426.0
-1.421076774597168,0.5789473684210527,0.9248217757615036,16.0,1427.0
-1.421770453453064,0.5789473684210527,0.9254698639014906,16.0,1428.0
-1.4231072664260864,0.5789473684210527,0.9261179520414776,16.0,1429.0
-1.4241273403167725,0.5789473684210527,0.9267660401814647,16.0,1430.0
-1.4245967864990234,0.5789473684210527,0.9274141283214518,16.0,1431.0
-1.426263689994812,0.5789473684210527,0.9280622164614387,16.0,1432.0
-1.426903486251831,0.5789473684210527,0.9287103046014258,16.0,1433.0
-1.4269696474075317,0.5789473684210527,0.9293583927414129,16.0,1434.0
-1.4323506355285645,0.5789473684210527,0.9300064808813999,16.0,1435.0
-1.4354134798049927,0.5789473684210527,0.9306545690213869,16.0,1436.0
-1.4355542659759521,0.5789473684210527,0.931302657161374,16.0,1437.0
-1.43647301197052,0.5789473684210527,0.931950745301361,16.0,1438.0
-1.4384684562683105,0.5789473684210527,0.932598833441348,16.0,1439.0
-1.438740849494934,0.5789473684210527,0.933246921581335,16.0,1440.0
-1.4391918182373047,0.5789473684210527,0.9338950097213221,16.0,1441.0
-1.4418284893035889,0.5789473684210527,0.9345430978613092,16.0,1442.0
-1.445136547088623,0.5789473684210527,0.9351911860012961,16.0,1443.0
-1.4476383924484253,0.5789473684210527,0.9358392741412832,16.0,1444.0
-1.4477221965789795,0.5789473684210527,0.9364873622812703,16.0,1445.0
-1.4489386081695557,0.5789473684210527,0.9371354504212573,16.0,1446.0
-1.4507980346679688,0.5789473684210527,0.9377835385612443,16.0,1447.0
-1.4596279859542847,0.5789473684210527,0.9384316267012314,16.0,1448.0
-1.46830153465271,0.5789473684210527,0.9390797148412184,16.0,1449.0
-1.4762134552001953,0.5789473684210527,0.9397278029812054,16.0,1450.0
-1.4796998500823975,0.5789473684210527,0.9403758911211925,16.0,1451.0
-1.4802197217941284,0.5789473684210527,0.9410239792611795,16.0,1452.0
-1.4811300039291382,0.5789473684210527,0.9416720674011666,16.0,1453.0
-1.4813542366027832,0.5789473684210527,0.9423201555411536,16.0,1454.0
-1.4910482168197632,0.5789473684210527,0.9429682436811406,16.0,1455.0
-1.4970498085021973,0.5789473684210527,0.9436163318211277,16.0,1456.0
-1.5255485773086548,0.5789473684210527,0.9442644199611148,16.0,1457.0
-1.5290884971618652,0.5789473684210527,0.9449125081011017,16.0,1458.0
-1.5308780670166016,0.5789473684210527,0.9455605962410888,16.0,1459.0
-1.5380382537841797,0.5789473684210527,0.9462086843810759,16.0,1460.0
-1.5497082471847534,0.5789473684210527,0.9468567725210628,16.0,1461.0
-1.5606848001480103,0.5789473684210527,0.9475048606610499,16.0,1462.0
-1.5620273351669312,0.5789473684210527,0.948152948801037,16.0,1463.0
-1.5628772974014282,0.5789473684210527,0.948801036941024,16.0,1464.0
-1.568949580192566,0.5789473684210527,0.949449125081011,16.0,1465.0
-1.5826237201690674,0.5789473684210527,0.950097213220998,16.0,1466.0
-1.5856788158416748,0.5789473684210527,0.9507453013609851,16.0,1467.0
-1.5891244411468506,0.5789473684210527,0.9513933895009722,16.0,1468.0
-1.5947206020355225,0.5789473684210527,0.9520414776409591,16.0,1469.0
-1.595131754875183,0.5789473684210527,0.9526895657809462,16.0,1470.0
-1.597039818763733,0.5789473684210527,0.9533376539209333,16.0,1471.0
-1.6007411479949951,0.5789473684210527,0.9539857420609202,16.0,1472.0
-1.6017653942108154,0.5789473684210527,0.9546338302009073,16.0,1473.0
-1.6044790744781494,0.5789473684210527,0.9552819183408944,16.0,1474.0
-1.6253447532653809,0.5789473684210527,0.9559300064808814,16.0,1475.0
-1.6271470785140991,0.5789473684210527,0.9565780946208684,16.0,1476.0
-1.6316413879394531,0.5789473684210527,0.9572261827608555,16.0,1477.0
-1.6357715129852295,0.5789473684210527,0.9578742709008425,16.0,1478.0
-1.6502482891082764,0.5789473684210527,0.9585223590408296,16.0,1479.0
-1.6567907333374023,0.5789473684210527,0.9591704471808166,16.0,1480.0
-1.6778638362884521,0.5789473684210527,0.9598185353208036,16.0,1481.0
-1.6837315559387207,0.5789473684210527,0.9604666234607907,16.0,1482.0
-1.6876901388168335,0.5789473684210527,0.9611147116007777,16.0,1483.0
-1.6895411014556885,0.5789473684210527,0.9617627997407647,16.0,1484.0
-1.6896165609359741,0.5789473684210527,0.9624108878807518,16.0,1485.0
-1.7058789730072021,0.5789473684210527,0.9630589760207389,16.0,1486.0
-1.721793293952942,0.5789473684210527,0.9637070641607258,16.0,1487.0
-1.7351821660995483,0.5789473684210527,0.9643551523007129,16.0,1488.0
-1.736406922340393,0.5789473684210527,0.9650032404407,16.0,1489.0
-1.739698886871338,0.5789473684210527,0.9656513285806869,16.0,1490.0
-1.7454382181167603,0.5789473684210527,0.966299416720674,16.0,1491.0
-1.7844257354736328,0.5789473684210527,0.9669475048606611,16.0,1492.0
-1.7857904434204102,0.5789473684210527,0.9675955930006481,16.0,1493.0
-1.799687147140503,0.5789473684210527,0.9682436811406351,16.0,1494.0
-1.810577154159546,0.5789473684210527,0.9688917692806222,16.0,1495.0
-1.8135104179382324,0.5789473684210527,0.9695398574206092,16.0,1496.0
-1.8135621547698975,0.5789473684210527,0.9701879455605963,16.0,1497.0
-1.8249289989471436,0.5789473684210527,0.9708360337005832,16.0,1498.0
-1.827034592628479,0.5789473684210527,0.9714841218405703,16.0,1499.0
-1.853456974029541,0.5789473684210527,0.9721322099805574,16.0,1500.0
-1.8670010566711426,0.5789473684210527,0.9727802981205443,16.0,1501.0
-1.8769501447677612,0.5789473684210527,0.9734283862605314,16.0,1502.0
-1.8835440874099731,0.5789473684210527,0.9740764744005185,16.0,1503.0
-1.8879904747009277,0.5789473684210527,0.9747245625405055,16.0,1504.0
-1.9148415327072144,0.5789473684210527,0.9753726506804925,16.0,1505.0
-1.9542115926742554,0.5789473684210527,0.9760207388204796,16.0,1506.0
-1.9597492218017578,0.5789473684210527,0.9766688269604666,16.0,1507.0
-1.9790881872177124,0.5789473684210527,0.9773169151004537,16.0,1508.0
-1.9829539060592651,0.5789473684210527,0.9779650032404407,16.0,1509.0
-1.9990164041519165,0.5789473684210527,0.9786130913804277,16.0,1510.0
-2.0000405311584473,0.5789473684210527,0.9792611795204148,16.0,1511.0
-2.006528854370117,0.5789473684210527,0.9799092676604018,16.0,1512.0
-2.0390443801879883,0.5789473684210527,0.9805573558003888,16.0,1513.0
-2.042670249938965,0.5789473684210527,0.9812054439403759,16.0,1514.0
-2.077857255935669,0.5789473684210527,0.981853532080363,16.0,1515.0
-2.105666399002075,0.5789473684210527,0.9825016202203499,16.0,1516.0
-2.125486135482788,0.5789473684210527,0.983149708360337,16.0,1517.0
-2.1413381099700928,0.5789473684210527,0.9837977965003241,16.0,1518.0
-2.157322883605957,0.5789473684210527,0.9844458846403111,16.0,1519.0
-2.1610331535339355,0.5789473684210527,0.9850939727802981,16.0,1520.0
-2.1819939613342285,0.5789473684210527,0.9857420609202852,16.0,1521.0
-2.1945574283599854,0.5789473684210527,0.9863901490602722,16.0,1522.0
-2.210789680480957,0.5789473684210527,0.9870382372002592,16.0,1523.0
-2.285313844680786,0.5789473684210527,0.9876863253402463,16.0,1524.0
-2.3042421340942383,0.5789473684210527,0.9883344134802333,16.0,1525.0
-2.304995059967041,0.5789473684210527,0.9889825016202204,16.0,1526.0
-2.372529983520508,0.5789473684210527,0.9896305897602073,16.0,1527.0
