score_threshold,miss_rate,FPPW,TP,FP
1.9803292751312256,0.9736842105263158,0.0,1.0,0.0
1.580443024635315,0.9473684210526316,0.0006480881399870382,2.0,1.0
1.4859699010849,0.9210526315789473,0.0012961762799740765,3.0,2.0
1.365506887435913,0.9210526315789473,0.0019442644199611147,3.0,3.0
1.3312342166900635,0.8947368421052632,0.002592352559948153,4.0,4.0
1.310456395149231,0.8947368421052632,0.0032404406999351912,4.0,5.0
1.293040156364441,0.8947368421052632,0.0038885288399222295,4.0,6.0
1.2345240116119385,0.868421052631579,0.004536616979909268,5.0,7.0
1.2341618537902832,0.868421052631579,0.005184705119896306,5.0,8.0
1.2290540933609009,0.868421052631579,0.005832793259883344,5.0,9.0
1.1713980436325073,0.8421052631578947,0.0064808813998703824,6.0,10.0
1.1594724655151367,0.8421052631578947,0.007128969539857421,6.0,11.0
1.157863736152649,0.8421052631578947,0.007777057679844459,6.0,12.0
1.1567673683166504,0.8421052631578947,0.008425145819831496,6.0,13.0
1.1456071138381958,0.8421052631578947,0.009073233959818535,6.0,14.0
1.1324023008346558,0.8421052631578947,0.009721322099805573,6.0,15.0
1.130625605583191,0.8421052631578947,0.010369410239792612,6.0,16.0
1.123555064201355,0.8421052631578947,0.01101749837977965,6.0,17.0
1.1231529712677002,0.8421052631578947,0.011665586519766688,6.0,18.0
1.1197421550750732,0.8421052631578947,0.012313674659753726,6.0,19.0
1.1191967725753784,0.8421052631578947,0.012961762799740765,6.0,20.0
1.115033745765686,0.8421052631578947,0.013609850939727802,6.0,21.0
1.0728894472122192,0.8421052631578947,0.014257939079714841,6.0,22.0
1.0554935932159424,0.8421052631578947,0.014906027219701879,6.0,23.0
1.053036093711853,0.8421052631578947,0.015554115359688918,6.0,24.0
1.0390229225158691,0.8421052631578947,0.016202203499675955,6.0,25.0
1.0261632204055786,0.8421052631578947,0.016850291639662993,6.0,26.0
1.0255229473114014,0.8157894736842105,0.017498379779650033,7.0,27.0
1.000306248664856,0.7894736842105263,0.01814646791963707,8.0,28.0
0.995714545249939,0.7894736842105263,0.018794556059624108,8.0,29.0
0.9889625310897827,0.7894736842105263,0.019442644199611146,8.0,30.0
0.9851123094558716,0.7894736842105263,0.020090732339598186,8.0,31.0
0.9831981062889099,0.7894736842105263,0.020738820479585224,8.0,32.0
0.9713417291641235,0.7894736842105263,0.02138690861957226,8.0,33.0
0.9609103202819824,0.7894736842105263,0.0220349967595593,8.0,34.0
0.9500167965888977,0.7894736842105263,0.02268308489954634,8.0,35.0
0.9384763240814209,0.7894736842105263,0.023331173039533377,8.0,36.0
0.9282728433609009,0.7894736842105263,0.023979261179520414,8.0,37.0
0.9196065068244934,0.7894736842105263,0.02462734931950745,8.0,38.0
0.9091153740882874,0.7631578947368421,0.025275437459494492,9.0,39.0
0.8927691578865051,0.7631578947368421,0.02592352559948153,9.0,40.0
0.8818763494491577,0.7631578947368421,0.026571613739468567,9.0,41.0
0.8815097808837891,0.7631578947368421,0.027219701879455604,9.0,42.0
0.8789341449737549,0.7631578947368421,0.027867790019442645,9.0,43.0
0.8736871480941772,0.7631578947368421,0.028515878159429683,9.0,44.0
0.8687551021575928,0.7631578947368421,0.02916396629941672,9.0,45.0
0.8635907173156738,0.7631578947368421,0.029812054439403757,9.0,46.0
0.8610511422157288,0.7631578947368421,0.0304601425793908,9.0,47.0
0.8589513897895813,0.7631578947368421,0.031108230719377836,9.0,48.0
0.854051411151886,0.7631578947368421,0.031756318859364877,9.0,49.0
0.8540412783622742,0.7631578947368421,0.03240440699935191,9.0,50.0
0.8452097773551941,0.7631578947368421,0.03305249513933895,9.0,51.0
0.8430882692337036,0.7631578947368421,0.033700583279325985,9.0,52.0
0.8419250845909119,0.7631578947368421,0.034348671419313026,9.0,53.0
0.8324852585792542,0.7631578947368421,0.03499675955930007,9.0,54.0
0.8291419148445129,0.7631578947368421,0.0356448476992871,9.0,55.0
0.8165427446365356,0.7631578947368421,0.03629293583927414,9.0,56.0
0.8123220205307007,0.7631578947368421,0.03694102397926118,9.0,57.0
0.8095822930335999,0.7631578947368421,0.037589112119248216,9.0,58.0
0.8075328469276428,0.7631578947368421,0.03823720025923526,9.0,59.0
0.8070818185806274,0.7631578947368421,0.03888528839922229,9.0,60.0
0.7968648076057434,0.7631578947368421,0.03953337653920933,9.0,61.0
0.7825191617012024,0.736842105263158,0.04018146467919637,10.0,62.0
0.7701836824417114,0.736842105263158,0.04082955281918341,10.0,63.0
0.7673632502555847,0.736842105263158,0.04147764095917045,10.0,64.0
0.7648022174835205,0.736842105263158,0.04212572909915749,10.0,65.0
0.7640766501426697,0.736842105263158,0.04277381723914452,10.0,66.0
0.7576412558555603,0.736842105263158,0.04342190537913156,10.0,67.0
0.7562036514282227,0.736842105263158,0.0440699935191186,10.0,68.0
0.7542117834091187,0.736842105263158,0.04471808165910564,10.0,69.0
0.7513515949249268,0.736842105263158,0.04536616979909268,10.0,70.0
0.7474417686462402,0.736842105263158,0.04601425793907971,10.0,71.0
0.7452376484870911,0.736842105263158,0.046662346079066754,10.0,72.0
0.7381622195243835,0.736842105263158,0.047310434219053794,10.0,73.0
0.7361098527908325,0.736842105263158,0.04795852235904083,10.0,74.0
0.7354475259780884,0.736842105263158,0.04860661049902787,10.0,75.0
0.7342234253883362,0.736842105263158,0.0492546986390149,10.0,76.0
0.7340230345726013,0.736842105263158,0.049902786779001944,10.0,77.0
0.7330174446105957,0.736842105263158,0.050550874918988985,10.0,78.0
0.729758620262146,0.736842105263158,0.05119896305897602,10.0,79.0
0.7249957323074341,0.736842105263158,0.05184705119896306,10.0,80.0
0.7236660718917847,0.736842105263158,0.0524951393389501,10.0,81.0
0.7209782004356384,0.736842105263158,0.053143227478937134,10.0,82.0
0.7189125418663025,0.736842105263158,0.053791315618924175,10.0,83.0
0.7143841981887817,0.7105263157894737,0.05443940375891121,11.0,84.0
0.7105043530464172,0.7105263157894737,0.05508749189889825,11.0,85.0
0.6987621784210205,0.6842105263157895,0.05573558003888529,12.0,86.0
0.6954168677330017,0.6842105263157895,0.056383668178872325,12.0,87.0
0.6942618489265442,0.6842105263157895,0.057031756318859365,12.0,88.0
0.6835031509399414,0.6842105263157895,0.057679844458846406,12.0,89.0
0.6819339990615845,0.6842105263157895,0.05832793259883344,12.0,90.0
0.6745790839195251,0.6842105263157895,0.05897602073882048,12.0,91.0
0.6722490191459656,0.6842105263157895,0.059624108878807515,12.0,92.0
0.6691381335258484,0.6842105263157895,0.060272197018794556,12.0,93.0
0.6646261811256409,0.6842105263157895,0.0609202851587816,12.0,94.0
0.664008378982544,0.6842105263157895,0.06156837329876863,12.0,95.0
0.6638234853744507,0.6842105263157895,0.06221646143875567,12.0,96.0
0.6572088003158569,0.6842105263157895,0.06286454957874271,12.0,97.0
0.6532638669013977,0.6842105263157895,0.06351263771872975,12.0,98.0
0.6499313116073608,0.6842105263157895,0.06416072585871678,12.0,99.0
0.6444209814071655,0.6842105263157895,0.06480881399870382,12.0,100.0
0.6411892175674438,0.6842105263157895,0.06545690213869086,12.0,101.0
0.6411041021347046,0.6842105263157895,0.0661049902786779,12.0,102.0
0.6406838297843933,0.6842105263157895,0.06675307841866494,12.0,103.0
0.6345760226249695,0.6842105263157895,0.06740116655865197,12.0,104.0
0.6316924691200256,0.6842105263157895,0.06804925469863901,12.0,105.0
0.6204381585121155,0.6578947368421053,0.06869734283862605,13.0,106.0
0.6174048185348511,0.6578947368421053,0.06934543097861309,13.0,107.0
0.6166096925735474,0.6578947368421053,0.06999351911860013,13.0,108.0
0.616348922252655,0.6578947368421053,0.07064160725858717,13.0,109.0
0.6153708100318909,0.6578947368421053,0.0712896953985742,13.0,110.0
0.6101500988006592,0.6578947368421053,0.07193778353856124,13.0,111.0
0.6059110164642334,0.6578947368421053,0.07258587167854828,13.0,112.0
0.6056686639785767,0.6578947368421053,0.07323395981853532,13.0,113.0
0.600241482257843,0.6578947368421053,0.07388204795852236,13.0,114.0
0.5998568534851074,0.6578947368421053,0.07453013609850939,13.0,115.0
0.5983051657676697,0.6578947368421053,0.07517822423849643,13.0,116.0
0.5939157009124756,0.6578947368421053,0.07582631237848347,13.0,117.0
0.5928605794906616,0.6578947368421053,0.07647440051847051,13.0,118.0
0.5856706500053406,0.6578947368421053,0.07712248865845756,13.0,119.0
0.5851560235023499,0.6578947368421053,0.07777057679844458,13.0,120.0
0.5823145508766174,0.6578947368421053,0.07841866493843162,13.0,121.0
0.5742344856262207,0.6578947368421053,0.07906675307841866,13.0,122.0
0.5736743211746216,0.6578947368421053,0.0797148412184057,13.0,123.0
0.5731345415115356,0.6578947368421053,0.08036292935839275,13.0,124.0
0.5714656710624695,0.6578947368421053,0.08101101749837979,13.0,125.0
0.5701791644096375,0.6578947368421053,0.08165910563836681,13.0,126.0
0.5699953436851501,0.6578947368421053,0.08230719377835385,13.0,127.0
0.5698131322860718,0.6578947368421053,0.0829552819183409,13.0,128.0
0.5630545020103455,0.6578947368421053,0.08360337005832794,13.0,129.0
0.5621603727340698,0.6578947368421053,0.08425145819831498,13.0,130.0
0.5596132874488831,0.6578947368421053,0.084899546338302,13.0,131.0
0.5523862838745117,0.6578947368421053,0.08554763447828904,13.0,132.0
0.5505279302597046,0.6578947368421053,0.08619572261827609,13.0,133.0
0.5497796535491943,0.6578947368421053,0.08684381075826313,13.0,134.0
0.546032190322876,0.6578947368421053,0.08749189889825017,13.0,135.0
0.5448969602584839,0.6578947368421053,0.0881399870382372,13.0,136.0
0.538868248462677,0.6578947368421053,0.08878807517822424,13.0,137.0
0.5376630425453186,0.6578947368421053,0.08943616331821128,13.0,138.0
0.5356451272964478,0.6578947368421053,0.09008425145819832,13.0,139.0
0.5332609415054321,0.6578947368421053,0.09073233959818536,13.0,140.0
0.5320085883140564,0.6578947368421053,0.09138042773817238,13.0,141.0
0.5306780338287354,0.6578947368421053,0.09202851587815943,13.0,142.0
0.5304500460624695,0.6578947368421053,0.09267660401814647,13.0,143.0
0.525794267654419,0.6578947368421053,0.09332469215813351,13.0,144.0
0.5257403254508972,0.6578947368421053,0.09397278029812055,13.0,145.0
0.5224783420562744,0.6578947368421053,0.09462086843810759,13.0,146.0
0.5197934508323669,0.6578947368421053,0.09526895657809462,13.0,147.0
0.5149039030075073,0.6578947368421053,0.09591704471808166,13.0,148.0
0.5143421292304993,0.6578947368421053,0.0965651328580687,13.0,149.0
0.5123374462127686,0.6578947368421053,0.09721322099805574,13.0,150.0
0.5058512091636658,0.6578947368421053,0.09786130913804278,13.0,151.0
0.5042264461517334,0.631578947368421,0.0985093972780298,14.0,152.0
0.49980783462524414,0.631578947368421,0.09915748541801685,14.0,153.0
0.49869903922080994,0.631578947368421,0.09980557355800389,14.0,154.0
0.4981500208377838,0.631578947368421,0.10045366169799093,14.0,155.0
0.49351584911346436,0.631578947368421,0.10110174983797797,14.0,156.0
0.4926382005214691,0.631578947368421,0.101749837977965,14.0,157.0
0.4887178838253021,0.631578947368421,0.10239792611795204,14.0,158.0
0.48594993352890015,0.631578947368421,0.10304601425793908,14.0,159.0
0.48427969217300415,0.631578947368421,0.10369410239792612,14.0,160.0
0.4818999469280243,0.631578947368421,0.10434219053791316,14.0,161.0
0.481484055519104,0.631578947368421,0.1049902786779002,14.0,162.0
0.48105111718177795,0.631578947368421,0.10563836681788723,14.0,163.0
0.4781557619571686,0.631578947368421,0.10628645495787427,14.0,164.0
0.4775126874446869,0.631578947368421,0.10693454309786131,14.0,165.0
0.4774501621723175,0.631578947368421,0.10758263123784835,14.0,166.0
0.47660040855407715,0.631578947368421,0.10823071937783539,14.0,167.0
0.4743422865867615,0.631578947368421,0.10887880751782242,14.0,168.0
0.4712458550930023,0.631578947368421,0.10952689565780946,14.0,169.0
0.46822983026504517,0.631578947368421,0.1101749837977965,14.0,170.0
0.4677366018295288,0.631578947368421,0.11082307193778354,14.0,171.0
0.46622657775878906,0.631578947368421,0.11147116007777058,14.0,172.0
0.46209999918937683,0.631578947368421,0.11211924821775761,14.0,173.0
0.4611605703830719,0.631578947368421,0.11276733635774465,14.0,174.0
0.45989346504211426,0.631578947368421,0.11341542449773169,14.0,175.0
0.4572766423225403,0.631578947368421,0.11406351263771873,14.0,176.0
0.4560091495513916,0.631578947368421,0.11471160077770577,14.0,177.0
0.4547802805900574,0.631578947368421,0.11535968891769281,14.0,178.0
0.4532952904701233,0.631578947368421,0.11600777705767984,14.0,179.0
0.4523066282272339,0.631578947368421,0.11665586519766688,14.0,180.0
0.4500502049922943,0.631578947368421,0.11730395333765392,14.0,181.0
0.445732980966568,0.631578947368421,0.11795204147764096,14.0,182.0
0.4456835687160492,0.631578947368421,0.118600129617628,14.0,183.0
0.44426634907722473,0.631578947368421,0.11924821775761503,14.0,184.0
0.439790278673172,0.631578947368421,0.11989630589760207,14.0,185.0
0.4397434592247009,0.631578947368421,0.12054439403758911,14.0,186.0
0.4365173876285553,0.631578947368421,0.12119248217757615,14.0,187.0
0.4360436797142029,0.631578947368421,0.1218405703175632,14.0,188.0
0.4346633851528168,0.631578947368421,0.12248865845755022,14.0,189.0
0.4318796694278717,0.631578947368421,0.12313674659753726,14.0,190.0
0.4312886893749237,0.631578947368421,0.1237848347375243,14.0,191.0
0.4311024248600006,0.631578947368421,0.12443292287751134,14.0,192.0
0.4308946132659912,0.631578947368421,0.12508101101749838,14.0,193.0
0.43072476983070374,0.631578947368421,0.12572909915748542,14.0,194.0
0.4254900813102722,0.631578947368421,0.12637718729747247,14.0,195.0
0.4200531840324402,0.631578947368421,0.1270252754374595,14.0,196.0
0.41658833622932434,0.631578947368421,0.12767336357744652,14.0,197.0
0.41355395317077637,0.631578947368421,0.12832145171743356,14.0,198.0
0.4115467667579651,0.631578947368421,0.1289695398574206,14.0,199.0
0.4113171398639679,0.631578947368421,0.12961762799740764,14.0,200.0
0.41123947501182556,0.631578947368421,0.13026571613739468,14.0,201.0
0.41065138578414917,0.631578947368421,0.13091380427738172,14.0,202.0
0.4102413058280945,0.631578947368421,0.13156189241736876,14.0,203.0
0.40671589970588684,0.631578947368421,0.1322099805573558,14.0,204.0
0.40464919805526733,0.631578947368421,0.13285806869734285,14.0,205.0
0.40417683124542236,0.631578947368421,0.1335061568373299,14.0,206.0
0.40222397446632385,0.631578947368421,0.13415424497731693,14.0,207.0
0.3993939161300659,0.631578947368421,0.13480233311730394,14.0,208.0
0.39613959193229675,0.631578947368421,0.13545042125729098,14.0,209.0
0.3958756923675537,0.631578947368421,0.13609850939727802,14.0,210.0
0.39456823468208313,0.631578947368421,0.13674659753726506,14.0,211.0
0.3935154676437378,0.631578947368421,0.1373946856772521,14.0,212.0
0.3929072916507721,0.631578947368421,0.13804277381723914,14.0,213.0
0.39170074462890625,0.631578947368421,0.13869086195722619,14.0,214.0
0.3905704617500305,0.631578947368421,0.13933895009721323,14.0,215.0
0.3885708153247833,0.631578947368421,0.13998703823720027,14.0,216.0
0.38789886236190796,0.631578947368421,0.1406351263771873,14.0,217.0
0.3876626491546631,0.631578947368421,0.14128321451717435,14.0,218.0
0.38553890585899353,0.631578947368421,0.14193130265716136,14.0,219.0
0.3830908536911011,0.631578947368421,0.1425793907971484,14.0,220.0
0.38003575801849365,0.631578947368421,0.14322747893713544,14.0,221.0
0.37999680638313293,0.631578947368421,0.14387556707712248,14.0,222.0
0.37776148319244385,0.631578947368421,0.14452365521710953,14.0,223.0
0.3770833909511566,0.631578947368421,0.14517174335709657,14.0,224.0
0.3756874203681946,0.631578947368421,0.1458198314970836,14.0,225.0
0.3739262521266937,0.631578947368421,0.14646791963707065,14.0,226.0
0.3724644184112549,0.631578947368421,0.1471160077770577,14.0,227.0
0.372212290763855,0.631578947368421,0.14776409591704473,14.0,228.0
0.37138140201568604,0.631578947368421,0.14841218405703174,14.0,229.0
0.3697259724140167,0.631578947368421,0.14906027219701878,14.0,230.0
0.3696941137313843,0.631578947368421,0.14970836033700582,14.0,231.0
0.3683267831802368,0.631578947368421,0.15035644847699287,14.0,232.0
0.3671374022960663,0.631578947368421,0.1510045366169799,14.0,233.0
0.36679476499557495,0.631578947368421,0.15165262475696695,14.0,234.0
0.36642080545425415,0.631578947368421,0.152300712896954,14.0,235.0
0.3657393455505371,0.631578947368421,0.15294880103694103,14.0,236.0
0.3639072775840759,0.631578947368421,0.15359688917692807,14.0,237.0
0.36342692375183105,0.631578947368421,0.1542449773169151,14.0,238.0
0.3614301383495331,0.631578947368421,0.15489306545690215,14.0,239.0
0.3614109754562378,0.631578947368421,0.15554115359688916,14.0,240.0
0.36080825328826904,0.631578947368421,0.1561892417368762,14.0,241.0
0.3575921356678009,0.631578947368421,0.15683732987686325,14.0,242.0
0.3542538583278656,0.631578947368421,0.1574854180168503,14.0,243.0
0.35396608710289,0.631578947368421,0.15813350615683733,14.0,244.0
0.3524790406227112,0.631578947368421,0.15878159429682437,14.0,245.0
0.3487876355648041,0.6052631578947368,0.1594296824368114,15.0,246.0
0.34731921553611755,0.6052631578947368,0.16007777057679845,15.0,247.0
0.3446340560913086,0.6052631578947368,0.1607258587167855,15.0,248.0
0.3445332944393158,0.6052631578947368,0.16137394685677253,15.0,249.0
0.34318506717681885,0.6052631578947368,0.16202203499675957,15.0,250.0
0.34179699420928955,0.6052631578947368,0.16267012313674659,15.0,251.0
0.3382478952407837,0.6052631578947368,0.16331821127673363,15.0,252.0
0.33810001611709595,0.6052631578947368,0.16396629941672067,15.0,253.0
0.33482515811920166,0.6052631578947368,0.1646143875567077,15.0,254.0
0.3346031904220581,0.6052631578947368,0.16526247569669475,15.0,255.0
0.33310121297836304,0.6052631578947368,0.1659105638366818,15.0,256.0
0.33264997601509094,0.6052631578947368,0.16655865197666883,15.0,257.0
0.331548273563385,0.6052631578947368,0.16720674011665587,15.0,258.0
0.3273462653160095,0.6052631578947368,0.1678548282566429,15.0,259.0
0.3256315290927887,0.6052631578947368,0.16850291639662995,15.0,260.0
0.32536619901657104,0.6052631578947368,0.16915100453661697,15.0,261.0
0.32368209958076477,0.6052631578947368,0.169799092676604,15.0,262.0
0.3205762803554535,0.6052631578947368,0.17044718081659105,15.0,263.0
0.3177936375141144,0.6052631578947368,0.1710952689565781,15.0,264.0
0.3177732229232788,0.6052631578947368,0.17174335709656513,15.0,265.0
0.31736889481544495,0.6052631578947368,0.17239144523655217,15.0,266.0
0.31595250964164734,0.6052631578947368,0.1730395333765392,15.0,267.0
0.3144674301147461,0.6052631578947368,0.17368762151652625,15.0,268.0
0.3134366571903229,0.6052631578947368,0.1743357096565133,15.0,269.0
0.3122485280036926,0.6052631578947368,0.17498379779650033,15.0,270.0
0.3108004033565521,0.6052631578947368,0.17563188593648738,15.0,271.0
0.30615636706352234,0.6052631578947368,0.1762799740764744,15.0,272.0
0.30447128415107727,0.6052631578947368,0.17692806221646143,15.0,273.0
0.2970287501811981,0.6052631578947368,0.17757615035644847,15.0,274.0
0.2948864698410034,0.6052631578947368,0.1782242384964355,15.0,275.0
0.2937760055065155,0.6052631578947368,0.17887232663642255,15.0,276.0
0.2918551564216614,0.6052631578947368,0.1795204147764096,15.0,277.0
0.2900244891643524,0.6052631578947368,0.18016850291639663,15.0,278.0
0.28745585680007935,0.6052631578947368,0.18081659105638367,15.0,279.0
0.28735747933387756,0.6052631578947368,0.18146467919637072,15.0,280.0
0.2865264415740967,0.6052631578947368,0.18211276733635776,15.0,281.0
0.2858279347419739,0.6052631578947368,0.18276085547634477,15.0,282.0
0.28263574838638306,0.6052631578947368,0.1834089436163318,15.0,283.0
0.27678143978118896,0.6052631578947368,0.18405703175631885,15.0,284.0
0.27534833550453186,0.6052631578947368,0.1847051198963059,15.0,285.0
0.2728467583656311,0.6052631578947368,0.18535320803629293,15.0,286.0
0.2701658308506012,0.6052631578947368,0.18600129617627997,15.0,287.0
0.2674798369407654,0.6052631578947368,0.18664938431626701,15.0,288.0
0.2624281346797943,0.6052631578947368,0.18729747245625405,15.0,289.0
0.26208388805389404,0.6052631578947368,0.1879455605962411,15.0,290.0
0.2594863176345825,0.6052631578947368,0.18859364873622814,15.0,291.0
0.2586918771266937,0.6052631578947368,0.18924173687621518,15.0,292.0
0.2583467364311218,0.6052631578947368,0.1898898250162022,15.0,293.0
0.2580200433731079,0.6052631578947368,0.19053791315618923,15.0,294.0
0.2577114999294281,0.6052631578947368,0.19118600129617627,15.0,295.0
0.2558509409427643,0.6052631578947368,0.1918340894361633,15.0,296.0
0.25153622031211853,0.6052631578947368,0.19248217757615035,15.0,297.0
0.25130343437194824,0.6052631578947368,0.1931302657161374,15.0,298.0
0.244573175907135,0.6052631578947368,0.19377835385612444,15.0,299.0
0.24357549846172333,0.6052631578947368,0.19442644199611148,15.0,300.0
0.24353747069835663,0.6052631578947368,0.19507453013609852,15.0,301.0
0.24184252321720123,0.6052631578947368,0.19572261827608556,15.0,302.0
0.24108891189098358,0.6052631578947368,0.1963707064160726,15.0,303.0
0.24043667316436768,0.6052631578947368,0.1970187945560596,15.0,304.0
0.24013787508010864,0.6052631578947368,0.19766688269604665,15.0,305.0
0.2399018555879593,0.6052631578947368,0.1983149708360337,15.0,306.0
0.2366928607225418,0.6052631578947368,0.19896305897602073,15.0,307.0
0.23313550651073456,0.6052631578947368,0.19961114711600778,15.0,308.0
0.2328115701675415,0.6052631578947368,0.20025923525599482,15.0,309.0
0.23133635520935059,0.6052631578947368,0.20090732339598186,15.0,310.0
0.23129042983055115,0.6052631578947368,0.2015554115359689,15.0,311.0
0.2305249571800232,0.6052631578947368,0.20220349967595594,15.0,312.0
0.2287614494562149,0.6052631578947368,0.20285158781594298,15.0,313.0
0.2274908870458603,0.6052631578947368,0.20349967595593,15.0,314.0
0.22667336463928223,0.6052631578947368,0.20414776409591703,15.0,315.0
0.2260497361421585,0.6052631578947368,0.20479585223590407,15.0,316.0
0.22559921443462372,0.6052631578947368,0.20544394037589112,15.0,317.0
0.2246638387441635,0.6052631578947368,0.20609202851587816,15.0,318.0
0.22427010536193848,0.6052631578947368,0.2067401166558652,15.0,319.0
0.22394652664661407,0.6052631578947368,0.20738820479585224,15.0,320.0
0.223906010389328,0.6052631578947368,0.20803629293583928,15.0,321.0
0.22389601171016693,0.6052631578947368,0.20868438107582632,15.0,322.0
0.2237679362297058,0.6052631578947368,0.20933246921581336,15.0,323.0
0.22283491492271423,0.6052631578947368,0.2099805573558004,15.0,324.0
0.21916396915912628,0.6052631578947368,0.21062864549578741,15.0,325.0
0.2185460478067398,0.6052631578947368,0.21127673363577446,15.0,326.0
0.21662265062332153,0.6052631578947368,0.2119248217757615,15.0,327.0
0.2149951159954071,0.6052631578947368,0.21257290991574854,15.0,328.0
0.21484972536563873,0.6052631578947368,0.21322099805573558,15.0,329.0
0.21464663743972778,0.6052631578947368,0.21386908619572262,15.0,330.0
0.21453966200351715,0.6052631578947368,0.21451717433570966,15.0,331.0
0.21431805193424225,0.6052631578947368,0.2151652624756967,15.0,332.0
0.2139476239681244,0.6052631578947368,0.21581335061568374,15.0,333.0
0.2136562019586563,0.6052631578947368,0.21646143875567078,15.0,334.0
0.212533101439476,0.6052631578947368,0.21710952689565782,15.0,335.0
0.21082429587841034,0.6052631578947368,0.21775761503564484,15.0,336.0
0.20996710658073425,0.6052631578947368,0.21840570317563188,15.0,337.0
0.2095303237438202,0.6052631578947368,0.21905379131561892,15.0,338.0
0.20788341760635376,0.6052631578947368,0.21970187945560596,15.0,339.0
0.2077113687992096,0.6052631578947368,0.220349967595593,15.0,340.0
0.20650233328342438,0.6052631578947368,0.22099805573558004,15.0,341.0
0.20639342069625854,0.6052631578947368,0.22164614387556708,15.0,342.0
0.20415429770946503,0.6052631578947368,0.22229423201555412,15.0,343.0
0.20301343500614166,0.6052631578947368,0.22294232015554116,15.0,344.0
0.20266027748584747,0.6052631578947368,0.2235904082955282,15.0,345.0
0.20202045142650604,0.6052631578947368,0.22423849643551522,15.0,346.0
0.20064441859722137,0.6052631578947368,0.22488658457550226,15.0,347.0
0.2003103345632553,0.6052631578947368,0.2255346727154893,15.0,348.0
0.19962596893310547,0.6052631578947368,0.22618276085547634,15.0,349.0
0.1992822289466858,0.6052631578947368,0.22683084899546338,15.0,350.0
0.19757303595542908,0.6052631578947368,0.22747893713545042,15.0,351.0
0.19741074740886688,0.6052631578947368,0.22812702527543746,15.0,352.0
0.1968017816543579,0.6052631578947368,0.2287751134154245,15.0,353.0
0.19350683689117432,0.6052631578947368,0.22942320155541154,15.0,354.0
0.19298478960990906,0.6052631578947368,0.23007128969539858,15.0,355.0
0.1918785125017166,0.6052631578947368,0.23071937783538563,15.0,356.0
0.190753772854805,0.6052631578947368,0.23136746597537264,15.0,357.0
0.19015152752399445,0.6052631578947368,0.23201555411535968,15.0,358.0
0.1893693059682846,0.6052631578947368,0.23266364225534672,15.0,359.0
0.18912015855312347,0.6052631578947368,0.23331173039533376,15.0,360.0
0.18726995587348938,0.6052631578947368,0.2339598185353208,15.0,361.0
0.18549005687236786,0.6052631578947368,0.23460790667530784,15.0,362.0
0.18510758876800537,0.6052631578947368,0.23525599481529488,15.0,363.0
0.183541402220726,0.6052631578947368,0.23590408295528192,15.0,364.0
0.18347018957138062,0.6052631578947368,0.23655217109526896,15.0,365.0
0.18324275314807892,0.6052631578947368,0.237200259235256,15.0,366.0
0.1824178397655487,0.6052631578947368,0.23784834737524305,15.0,367.0
0.18067167699337006,0.6052631578947368,0.23849643551523006,15.0,368.0
0.18004213273525238,0.6052631578947368,0.2391445236552171,15.0,369.0
0.17970412969589233,0.6052631578947368,0.23979261179520414,15.0,370.0
0.17919518053531647,0.6052631578947368,0.24044069993519118,15.0,371.0
0.17871825397014618,0.6052631578947368,0.24108878807517822,15.0,372.0
0.17768633365631104,0.6052631578947368,0.24173687621516526,15.0,373.0
0.17644383013248444,0.6052631578947368,0.2423849643551523,15.0,374.0
0.17580793797969818,0.6052631578947368,0.24303305249513935,15.0,375.0
0.1740359216928482,0.6052631578947368,0.2436811406351264,15.0,376.0
0.1709345132112503,0.6052631578947368,0.24432922877511343,15.0,377.0
0.17041757702827454,0.6052631578947368,0.24497731691510044,15.0,378.0
0.17037257552146912,0.6052631578947368,0.24562540505508748,15.0,379.0
0.17022202908992767,0.6052631578947368,0.24627349319507452,15.0,380.0
0.16891834139823914,0.6052631578947368,0.24692158133506156,15.0,381.0
0.16802315413951874,0.6052631578947368,0.2475696694750486,15.0,382.0
0.16705922782421112,0.6052631578947368,0.24821775761503564,15.0,383.0
0.16689039766788483,0.6052631578947368,0.24886584575502269,15.0,384.0
0.16096124053001404,0.6052631578947368,0.24951393389500973,15.0,385.0
0.16014814376831055,0.6052631578947368,0.25016202203499677,15.0,386.0
0.15811464190483093,0.6052631578947368,0.2508101101749838,15.0,387.0
0.15664657950401306,0.6052631578947368,0.25145819831497085,15.0,388.0
0.1559239625930786,0.6052631578947368,0.25210628645495786,15.0,389.0
0.15580496191978455,0.6052631578947368,0.25275437459494493,15.0,390.0
0.15410302579402924,0.6052631578947368,0.25340246273493194,15.0,391.0
0.15393337607383728,0.6052631578947368,0.254050550874919,15.0,392.0
0.15380744636058807,0.6052631578947368,0.254698639014906,15.0,393.0
0.15361756086349487,0.6052631578947368,0.25534672715489304,15.0,394.0
0.15349794924259186,0.6052631578947368,0.2559948152948801,15.0,395.0
0.1508251428604126,0.6052631578947368,0.2566429034348671,15.0,396.0
0.15053845942020416,0.6052631578947368,0.2572909915748542,15.0,397.0
0.1472092866897583,0.6052631578947368,0.2579390797148412,15.0,398.0
0.14707478880882263,0.6052631578947368,0.25858716785482827,15.0,399.0
0.1463354527950287,0.6052631578947368,0.2592352559948153,15.0,400.0
0.14499931037425995,0.6052631578947368,0.25988334413480235,15.0,401.0
0.14361055195331573,0.6052631578947368,0.26053143227478937,15.0,402.0
0.14309164881706238,0.6052631578947368,0.26117952041477643,15.0,403.0
0.14133775234222412,0.6052631578947368,0.26182760855476345,15.0,404.0
0.14116878807544708,0.6052631578947368,0.26247569669475046,15.0,405.0
0.1409071683883667,0.6052631578947368,0.26312378483473753,15.0,406.0
0.1407938152551651,0.6052631578947368,0.26377187297472454,15.0,407.0
0.14001934230327606,0.6052631578947368,0.2644199611147116,15.0,408.0
0.13970869779586792,0.6052631578947368,0.2650680492546986,15.0,409.0
0.13931222259998322,0.6052631578947368,0.2657161373946857,15.0,410.0
0.13759823143482208,0.6052631578947368,0.2663642255346727,15.0,411.0
0.13756854832172394,0.6052631578947368,0.2670123136746598,15.0,412.0
0.13756071031093597,0.6052631578947368,0.2676604018146468,15.0,413.0
0.13647067546844482,0.6052631578947368,0.26830848995463386,15.0,414.0
0.1362348347902298,0.6052631578947368,0.26895657809462087,15.0,415.0
0.13611088693141937,0.6052631578947368,0.2696046662346079,15.0,416.0
0.134507417678833,0.6052631578947368,0.27025275437459495,15.0,417.0
0.1337505728006363,0.6052631578947368,0.27090084251458196,15.0,418.0
0.13331197202205658,0.6052631578947368,0.27154893065456903,15.0,419.0
0.13253672420978546,0.6052631578947368,0.27219701879455604,15.0,420.0
0.13252931833267212,0.6052631578947368,0.2728451069345431,15.0,421.0
0.13143858313560486,0.6052631578947368,0.2734931950745301,15.0,422.0
0.12969449162483215,0.6052631578947368,0.2741412832145172,15.0,423.0
0.12842825055122375,0.6052631578947368,0.2747893713545042,15.0,424.0
0.12753087282180786,0.6052631578947368,0.2754374594944913,15.0,425.0
0.12738032639026642,0.6052631578947368,0.2760855476344783,15.0,426.0
0.12724362313747406,0.6052631578947368,0.2767336357744653,15.0,427.0
0.12707792222499847,0.6052631578947368,0.27738172391445237,15.0,428.0
0.12672147154808044,0.6052631578947368,0.2780298120544394,15.0,429.0
0.1220741793513298,0.6052631578947368,0.27867790019442645,15.0,430.0
0.12108495831489563,0.6052631578947368,0.27932598833441347,15.0,431.0
0.11963721364736557,0.6052631578947368,0.27997407647440054,15.0,432.0
0.11943086981773376,0.6052631578947368,0.28062216461438755,15.0,433.0
0.11932415515184402,0.6052631578947368,0.2812702527543746,15.0,434.0
0.11900024861097336,0.6052631578947368,0.28191834089436163,15.0,435.0
0.11746329814195633,0.6052631578947368,0.2825664290343487,15.0,436.0
0.11550982296466827,0.6052631578947368,0.2832145171743357,15.0,437.0
0.11496932804584503,0.6052631578947368,0.2838626053143227,15.0,438.0
0.11444994807243347,0.6052631578947368,0.2845106934543098,15.0,439.0
0.11426524817943573,0.6052631578947368,0.2851587815942968,15.0,440.0
0.11395955085754395,0.6052631578947368,0.2858068697342839,15.0,441.0
0.11386757344007492,0.6052631578947368,0.2864549578742709,15.0,442.0
0.11369182914495468,0.6052631578947368,0.28710304601425796,15.0,443.0
0.1122884452342987,0.6052631578947368,0.28775113415424497,15.0,444.0
0.11215897649526596,0.6052631578947368,0.28839922229423204,15.0,445.0
0.11197248101234436,0.6052631578947368,0.28904731043421905,15.0,446.0
0.11103656888008118,0.6052631578947368,0.28969539857420606,15.0,447.0
0.10906564444303513,0.6052631578947368,0.29034348671419313,15.0,448.0
0.1086413785815239,0.6052631578947368,0.29099157485418015,15.0,449.0
0.10773119330406189,0.6052631578947368,0.2916396629941672,15.0,450.0
0.10549750924110413,0.6052631578947368,0.29228775113415423,15.0,451.0
0.10529059171676636,0.6052631578947368,0.2929358392741413,15.0,452.0
0.1049017459154129,0.6052631578947368,0.2935839274141283,15.0,453.0
0.10293412953615189,0.6052631578947368,0.2942320155541154,15.0,454.0
0.10265190899372101,0.6052631578947368,0.2948801036941024,15.0,455.0
0.1023438572883606,0.6052631578947368,0.29552819183408946,15.0,456.0
0.10220920294523239,0.6052631578947368,0.2961762799740765,15.0,457.0
0.10157064348459244,0.6052631578947368,0.2968243681140635,15.0,458.0
0.10020897537469864,0.6052631578947368,0.29747245625405055,15.0,459.0
0.09811612963676453,0.6052631578947368,0.29812054439403757,15.0,460.0
0.09748739749193192,0.6052631578947368,0.29876863253402464,15.0,461.0
0.09574408084154129,0.6052631578947368,0.29941672067401165,15.0,462.0
0.09537811577320099,0.6052631578947368,0.3000648088139987,15.0,463.0
0.09421771764755249,0.6052631578947368,0.30071289695398573,15.0,464.0
0.09377530962228775,0.6052631578947368,0.3013609850939728,15.0,465.0
0.09125478565692902,0.6052631578947368,0.3020090732339598,15.0,466.0
0.08946918696165085,0.6052631578947368,0.3026571613739469,15.0,467.0
0.08741267025470734,0.6052631578947368,0.3033052495139339,15.0,468.0
0.08734497427940369,0.6052631578947368,0.3039533376539209,15.0,469.0
0.0871519148349762,0.6052631578947368,0.304601425793908,15.0,470.0
0.08482908457517624,0.6052631578947368,0.305249513933895,15.0,471.0
0.08448192477226257,0.6052631578947368,0.30589760207388206,15.0,472.0
0.08389264345169067,0.6052631578947368,0.30654569021386907,15.0,473.0
0.08381640166044235,0.6052631578947368,0.30719377835385614,15.0,474.0
0.08377720415592194,0.6052631578947368,0.30784186649384315,15.0,475.0
0.08319099992513657,0.6052631578947368,0.3084899546338302,15.0,476.0
0.08103189617395401,0.6052631578947368,0.30913804277381723,15.0,477.0
0.0804426372051239,0.6052631578947368,0.3097861309138043,15.0,478.0
0.07879693806171417,0.6052631578947368,0.3104342190537913,15.0,479.0
0.07801791280508041,0.6052631578947368,0.31108230719377833,15.0,480.0
0.07687561213970184,0.6052631578947368,0.3117303953337654,15.0,481.0
0.07573799043893814,0.6052631578947368,0.3123784834737524,15.0,482.0
0.07372638583183289,0.6052631578947368,0.3130265716137395,15.0,483.0
0.07307617366313934,0.6052631578947368,0.3136746597537265,15.0,484.0
0.07301273196935654,0.6052631578947368,0.31432274789371356,15.0,485.0
0.07071007043123245,0.6052631578947368,0.3149708360337006,15.0,486.0
0.070644810795784,0.6052631578947368,0.31561892417368764,15.0,487.0
0.06997066736221313,0.6052631578947368,0.31626701231367466,15.0,488.0
0.06950950622558594,0.6052631578947368,0.3169151004536617,15.0,489.0
0.06890983134508133,0.6052631578947368,0.31756318859364874,15.0,490.0
0.06782425194978714,0.6052631578947368,0.31821127673363575,15.0,491.0
0.0657222718000412,0.6052631578947368,0.3188593648736228,15.0,492.0
0.06533551961183548,0.6052631578947368,0.31950745301360983,15.0,493.0
0.06466341763734818,0.6052631578947368,0.3201555411535969,15.0,494.0
0.06384031474590302,0.6052631578947368,0.3208036292935839,15.0,495.0
0.062400463968515396,0.6052631578947368,0.321451717433571,15.0,496.0
0.06186288967728615,0.6052631578947368,0.322099805573558,15.0,497.0
0.059934940189123154,0.6052631578947368,0.32274789371354506,15.0,498.0
0.059659574180841446,0.6052631578947368,0.3233959818535321,15.0,499.0
0.05937795713543892,0.6052631578947368,0.32404406999351915,15.0,500.0
0.05867825821042061,0.6052631578947368,0.32469215813350616,15.0,501.0
0.05745156481862068,0.6052631578947368,0.32534024627349317,15.0,502.0
0.0558646135032177,0.6052631578947368,0.32598833441348024,15.0,503.0
0.05576833710074425,0.6052631578947368,0.32663642255346725,15.0,504.0
0.05486931651830673,0.6052631578947368,0.3272845106934543,15.0,505.0
0.05469895154237747,0.6052631578947368,0.32793259883344134,15.0,506.0
0.05461369827389717,0.6052631578947368,0.3285806869734284,15.0,507.0
0.053623463958501816,0.6052631578947368,0.3292287751134154,15.0,508.0
0.05359882116317749,0.6052631578947368,0.3298768632534025,15.0,509.0
0.052574995905160904,0.6052631578947368,0.3305249513933895,15.0,510.0
0.052411582320928574,0.6052631578947368,0.3311730395333765,15.0,511.0
0.052101943641901016,0.6052631578947368,0.3318211276733636,15.0,512.0
0.05104885622859001,0.6052631578947368,0.3324692158133506,15.0,513.0
0.05052625387907028,0.6052631578947368,0.33311730395333766,15.0,514.0
0.04768955707550049,0.6052631578947368,0.3337653920933247,15.0,515.0
0.047484349459409714,0.6052631578947368,0.33441348023331174,15.0,516.0
0.047290366142988205,0.6052631578947368,0.33506156837329876,15.0,517.0
0.04654727876186371,0.6052631578947368,0.3357096565132858,15.0,518.0
0.04617501050233841,0.6052631578947368,0.33635774465327284,15.0,519.0
0.04400356486439705,0.6052631578947368,0.3370058327932599,15.0,520.0
0.04391683638095856,0.6052631578947368,0.3376539209332469,15.0,521.0
0.04277917742729187,0.6052631578947368,0.33830200907323393,15.0,522.0
0.04233315959572792,0.6052631578947368,0.338950097213221,15.0,523.0
0.04185326769948006,0.6052631578947368,0.339598185353208,15.0,524.0
0.040319520980119705,0.6052631578947368,0.3402462734931951,15.0,525.0
0.040201812982559204,0.6052631578947368,0.3408943616331821,15.0,526.0
0.03965168818831444,0.6052631578947368,0.34154244977316917,15.0,527.0
0.039199501276016235,0.6052631578947368,0.3421905379131562,15.0,528.0
0.0381547249853611,0.6052631578947368,0.34283862605314325,15.0,529.0
0.038111794739961624,0.6052631578947368,0.34348671419313026,15.0,530.0
0.03775956481695175,0.6052631578947368,0.34413480233311733,15.0,531.0
0.03698107600212097,0.6052631578947368,0.34478289047310434,15.0,532.0
0.03634313866496086,0.6052631578947368,0.34543097861309136,15.0,533.0
0.033184636384248734,0.6052631578947368,0.3460790667530784,15.0,534.0
0.03213171288371086,0.6052631578947368,0.34672715489306544,15.0,535.0
0.03165428340435028,0.6052631578947368,0.3473752430330525,15.0,536.0
0.029900509864091873,0.6052631578947368,0.3480233311730395,15.0,537.0
0.02928817830979824,0.6052631578947368,0.3486714193130266,15.0,538.0
0.028631655499339104,0.6052631578947368,0.3493195074530136,15.0,539.0
0.028166698291897774,0.6052631578947368,0.34996759559300067,15.0,540.0
0.02729596570134163,0.6052631578947368,0.3506156837329877,15.0,541.0
0.027159053832292557,0.6052631578947368,0.35126377187297475,15.0,542.0
0.024385744705796242,0.6052631578947368,0.35191186001296176,15.0,543.0
0.023598209023475647,0.6052631578947368,0.3525599481529488,15.0,544.0
0.02356814220547676,0.6052631578947368,0.35320803629293585,15.0,545.0
0.02298649586737156,0.6052631578947368,0.35385612443292286,15.0,546.0
0.02083165943622589,0.6052631578947368,0.3545042125729099,15.0,547.0
0.020760878920555115,0.6052631578947368,0.35515230071289694,15.0,548.0
0.019216634333133698,0.6052631578947368,0.355800388852884,15.0,549.0
0.01896735094487667,0.6052631578947368,0.356448476992871,15.0,550.0
0.018463382497429848,0.6052631578947368,0.3570965651328581,15.0,551.0
0.017487408593297005,0.6052631578947368,0.3577446532728451,15.0,552.0
0.017240941524505615,0.6052631578947368,0.35839274141283217,15.0,553.0
0.0157021414488554,0.6052631578947368,0.3590408295528192,15.0,554.0
0.015309552662074566,0.6052631578947368,0.3596889176928062,15.0,555.0
0.012533738277852535,0.6052631578947368,0.36033700583279327,15.0,556.0
0.011926925741136074,0.6052631578947368,0.3609850939727803,15.0,557.0
0.011267101392149925,0.6052631578947368,0.36163318211276735,15.0,558.0
0.010389423929154873,0.6052631578947368,0.36228127025275436,15.0,559.0
0.008899112232029438,0.6052631578947368,0.36292935839274143,15.0,560.0
0.008722330443561077,0.6052631578947368,0.36357744653272844,15.0,561.0
0.008278564549982548,0.6052631578947368,0.3642255346727155,15.0,562.0
0.007320125587284565,0.6052631578947368,0.3648736228127025,15.0,563.0
0.0061761788092553616,0.6052631578947368,0.36552171095268954,15.0,564.0
0.0056592561304569244,0.6052631578947368,0.3661697990926766,15.0,565.0
0.005528980400413275,0.6052631578947368,0.3668178872326636,15.0,566.0
0.004979729652404785,0.6052631578947368,0.3674659753726507,15.0,567.0
0.004452037625014782,0.6052631578947368,0.3681140635126377,15.0,568.0
0.004328534938395023,0.6052631578947368,0.36876215165262477,15.0,569.0
0.003994413185864687,0.6052631578947368,0.3694102397926118,15.0,570.0
0.003962073475122452,0.6052631578947368,0.37005832793259885,15.0,571.0
0.0037013443652540445,0.6052631578947368,0.37070641607258586,15.0,572.0
0.0036651238333433867,0.6052631578947368,0.37135450421257293,15.0,573.0
0.0034410525113344193,0.6052631578947368,0.37200259235255995,15.0,574.0
0.003381026443094015,0.6052631578947368,0.37265068049254696,15.0,575.0
0.0031850887462496758,0.6052631578947368,0.37329876863253403,15.0,576.0
0.0023579252883791924,0.6052631578947368,0.37394685677252104,15.0,577.0
0.000519186316523701,0.6052631578947368,0.3745949449125081,15.0,578.0
-0.00020923823467455804,0.6052631578947368,0.3752430330524951,15.0,579.0
-0.002667555119842291,0.6052631578947368,0.3758911211924822,15.0,580.0
-0.0029378854669630527,0.6052631578947368,0.3765392093324692,15.0,581.0
-0.003163133980706334,0.6052631578947368,0.3771872974724563,15.0,582.0
-0.003624501870945096,0.6052631578947368,0.3778353856124433,15.0,583.0
-0.003978687338531017,0.6052631578947368,0.37848347375243035,15.0,584.0
-0.004367645829916,0.6052631578947368,0.37913156189241737,15.0,585.0
-0.0060779014602303505,0.6052631578947368,0.3797796500324044,15.0,586.0
-0.0064760432578623295,0.6052631578947368,0.38042773817239145,15.0,587.0
-0.006981161888688803,0.6052631578947368,0.38107582631237846,15.0,588.0
-0.008567624725401402,0.6052631578947368,0.38172391445236553,15.0,589.0
-0.008907507173717022,0.6052631578947368,0.38237200259235254,15.0,590.0
-0.009294351562857628,0.6052631578947368,0.3830200907323396,15.0,591.0
-0.009812374599277973,0.6052631578947368,0.3836681788723266,15.0,592.0
-0.010985959321260452,0.6052631578947368,0.3843162670123137,15.0,593.0
-0.011588005349040031,0.6052631578947368,0.3849643551523007,15.0,594.0
-0.013858486898243427,0.6052631578947368,0.3856124432922878,15.0,595.0
-0.014302132651209831,0.6052631578947368,0.3862605314322748,15.0,596.0
-0.014450618997216225,0.6052631578947368,0.3869086195722618,15.0,597.0
-0.01583590917289257,0.6052631578947368,0.38755670771224887,15.0,598.0
-0.015884868800640106,0.6052631578947368,0.3882047958522359,15.0,599.0
-0.017836060374975204,0.6052631578947368,0.38885288399222295,15.0,600.0
-0.01929178461432457,0.6052631578947368,0.38950097213220997,15.0,601.0
-0.023321541026234627,0.6052631578947368,0.39014906027219703,15.0,602.0
-0.025150148198008537,0.6052631578947368,0.39079714841218405,15.0,603.0
-0.025339201092720032,0.6052631578947368,0.3914452365521711,15.0,604.0
-0.02708343230187893,0.6052631578947368,0.39209332469215813,15.0,605.0
-0.027410512790083885,0.6052631578947368,0.3927414128321452,15.0,606.0
-0.02768433839082718,0.6052631578947368,0.3933895009721322,15.0,607.0
-0.028067778795957565,0.6052631578947368,0.3940375891121192,15.0,608.0
-0.029866622760891914,0.6052631578947368,0.3946856772521063,15.0,609.0
-0.03330843895673752,0.6052631578947368,0.3953337653920933,15.0,610.0
-0.034252334386110306,0.6052631578947368,0.3959818535320804,15.0,611.0
-0.03462802246212959,0.6052631578947368,0.3966299416720674,15.0,612.0
-0.03463846817612648,0.6052631578947368,0.39727802981205446,15.0,613.0
-0.035155218094587326,0.6052631578947368,0.39792611795204147,15.0,614.0
-0.03672415390610695,0.6052631578947368,0.39857420609202854,15.0,615.0
-0.038894131779670715,0.6052631578947368,0.39922229423201555,15.0,616.0
-0.04069342464208603,0.6052631578947368,0.3998703823720026,15.0,617.0
-0.04196764901280403,0.6052631578947368,0.40051847051198963,15.0,618.0
-0.04325880482792854,0.6052631578947368,0.40116655865197665,15.0,619.0
-0.04375188425183296,0.6052631578947368,0.4018146467919637,15.0,620.0
-0.046362750232219696,0.6052631578947368,0.4024627349319507,15.0,621.0
-0.04790328070521355,0.6052631578947368,0.4031108230719378,15.0,622.0
-0.04889499396085739,0.6052631578947368,0.4037589112119248,15.0,623.0
-0.049955837428569794,0.6052631578947368,0.4044069993519119,15.0,624.0
-0.05185159668326378,0.6052631578947368,0.4050550874918989,15.0,625.0
-0.052043113857507706,0.6052631578947368,0.40570317563188596,15.0,626.0
-0.05442708730697632,0.6052631578947368,0.406351263771873,15.0,627.0
-0.05542093515396118,0.6052631578947368,0.40699935191186,15.0,628.0
-0.05701906979084015,0.6052631578947368,0.40764744005184705,15.0,629.0
-0.05726967379450798,0.6052631578947368,0.40829552819183407,15.0,630.0
-0.05747942626476288,0.6052631578947368,0.40894361633182114,15.0,631.0
-0.058073077350854874,0.6052631578947368,0.40959170447180815,15.0,632.0
-0.05895581096410751,0.6052631578947368,0.4102397926117952,15.0,633.0
-0.05924324691295624,0.6052631578947368,0.41088788075178223,15.0,634.0
-0.062813900411129,0.6052631578947368,0.4115359688917693,15.0,635.0
-0.06287595629692078,0.6052631578947368,0.4121840570317563,15.0,636.0
-0.06314350664615631,0.6052631578947368,0.4128321451717434,15.0,637.0
-0.06606873869895935,0.6052631578947368,0.4134802333117304,15.0,638.0
-0.06664389371871948,0.6052631578947368,0.4141283214517174,15.0,639.0
-0.06947144865989685,0.6052631578947368,0.4147764095917045,15.0,640.0
-0.07001912593841553,0.6052631578947368,0.4154244977316915,15.0,641.0
-0.07112552225589752,0.6052631578947368,0.41607258587167856,15.0,642.0
-0.07199237495660782,0.6052631578947368,0.41672067401166557,15.0,643.0
-0.07392869144678116,0.6052631578947368,0.41736876215165264,15.0,644.0
-0.07492180913686752,0.6052631578947368,0.41801685029163965,15.0,645.0
-0.07886546850204468,0.6052631578947368,0.4186649384316267,15.0,646.0
-0.08079694956541061,0.6052631578947368,0.41931302657161373,15.0,647.0
-0.08181435614824295,0.6052631578947368,0.4199611147116008,15.0,648.0
-0.08480889350175858,0.6052631578947368,0.4206092028515878,15.0,649.0
-0.08485914766788483,0.6052631578947368,0.42125729099157483,15.0,650.0
-0.08743910491466522,0.6052631578947368,0.4219053791315619,15.0,651.0
-0.09005291759967804,0.5789473684210527,0.4225534672715489,16.0,652.0
-0.0941494032740593,0.5789473684210527,0.423201555411536,16.0,653.0
-0.09539107233285904,0.5789473684210527,0.423849643551523,16.0,654.0
-0.09858430922031403,0.5789473684210527,0.42449773169151006,16.0,655.0
-0.09938910603523254,0.5789473684210527,0.4251458198314971,16.0,656.0
-0.1016005203127861,0.5789473684210527,0.42579390797148414,16.0,657.0
-0.10308513790369034,0.5789473684210527,0.42644199611147116,16.0,658.0
-0.10568918287754059,0.5789473684210527,0.4270900842514582,16.0,659.0
-0.10914818942546844,0.5789473684210527,0.42773817239144524,16.0,660.0
-0.11218159645795822,0.5789473684210527,0.42838626053143225,16.0,661.0
-0.11264081299304962,0.5789473684210527,0.4290343486714193,16.0,662.0
-0.11580433696508408,0.5789473684210527,0.42968243681140633,16.0,663.0
-0.11678937822580338,0.5789473684210527,0.4303305249513934,16.0,664.0
-0.12004470825195312,0.5789473684210527,0.4309786130913804,16.0,665.0
-0.12221889197826385,0.5789473684210527,0.4316267012313675,16.0,666.0
-0.12299926578998566,0.5789473684210527,0.4322747893713545,16.0,667.0
-0.12389279156923294,0.5789473684210527,0.43292287751134156,16.0,668.0
-0.128053218126297,0.5789473684210527,0.4335709656513286,16.0,669.0
-0.12977847456932068,0.5789473684210527,0.43421905379131565,16.0,670.0
-0.1310097873210907,0.5789473684210527,0.43486714193130266,16.0,671.0
-0.1343517005443573,0.5789473684210527,0.43551523007128967,16.0,672.0
-0.13536810874938965,0.5789473684210527,0.43616331821127674,16.0,673.0
-0.13946107029914856,0.5789473684210527,0.43681140635126375,16.0,674.0
-0.14079639315605164,0.5789473684210527,0.4374594944912508,16.0,675.0
-0.14251361787319183,0.5789473684210527,0.43810758263123784,16.0,676.0
-0.14370794594287872,0.5789473684210527,0.4387556707712249,16.0,677.0
-0.14605668187141418,0.5789473684210527,0.4394037589112119,16.0,678.0
-0.14689567685127258,0.5789473684210527,0.440051847051199,16.0,679.0
-0.14811089634895325,0.5789473684210527,0.440699935191186,16.0,680.0
-0.14867109060287476,0.5789473684210527,0.44134802333117307,16.0,681.0
-0.1489107757806778,0.5789473684210527,0.4419961114711601,16.0,682.0
-0.14891774952411652,0.5789473684210527,0.4426441996111471,16.0,683.0
-0.14899398386478424,0.5789473684210527,0.44329228775113416,16.0,684.0
-0.15053249895572662,0.5789473684210527,0.4439403758911212,16.0,685.0
-0.15210480988025665,0.5789473684210527,0.44458846403110824,16.0,686.0
-0.1533808559179306,0.5789473684210527,0.44523655217109526,16.0,687.0
-0.15406762063503265,0.5789473684210527,0.4458846403110823,16.0,688.0
-0.1543748825788498,0.5789473684210527,0.44653272845106934,16.0,689.0
-0.15763503313064575,0.5789473684210527,0.4471808165910564,16.0,690.0
-0.15918487310409546,0.5789473684210527,0.4478289047310434,16.0,691.0
-0.15963852405548096,0.5789473684210527,0.44847699287103043,16.0,692.0
-0.16352970898151398,0.5789473684210527,0.4491250810110175,16.0,693.0
-0.1649056226015091,0.5789473684210527,0.4497731691510045,16.0,694.0
-0.16580645740032196,0.5789473684210527,0.4504212572909916,16.0,695.0
-0.17065361142158508,0.5789473684210527,0.4510693454309786,16.0,696.0
-0.17625313997268677,0.5789473684210527,0.45171743357096567,16.0,697.0
-0.1764787882566452,0.5789473684210527,0.4523655217109527,16.0,698.0
-0.18099525570869446,0.5789473684210527,0.45301360985093975,16.0,699.0
-0.18185247480869293,0.5789473684210527,0.45366169799092676,16.0,700.0
-0.1818935126066208,0.5789473684210527,0.45430978613091383,16.0,701.0
-0.18491597473621368,0.5789473684210527,0.45495787427090084,16.0,702.0
-0.18525749444961548,0.5789473684210527,0.45560596241088785,16.0,703.0
-0.18892411887645721,0.5789473684210527,0.4562540505508749,16.0,704.0
-0.19382113218307495,0.5789473684210527,0.45690213869086194,16.0,705.0
-0.19462557137012482,0.5789473684210527,0.457550226830849,16.0,706.0
-0.19485880434513092,0.5789473684210527,0.458198314970836,16.0,707.0
-0.1949019432067871,0.5789473684210527,0.4588464031108231,16.0,708.0
-0.19565707445144653,0.5789473684210527,0.4594944912508101,16.0,709.0
-0.19831162691116333,0.5789473684210527,0.46014257939079717,16.0,710.0
-0.1997513771057129,0.5789473684210527,0.4607906675307842,16.0,711.0
-0.20339557528495789,0.5789473684210527,0.46143875567077125,16.0,712.0
-0.20425060391426086,0.5789473684210527,0.46208684381075826,16.0,713.0
-0.2044796347618103,0.5789473684210527,0.4627349319507453,16.0,714.0
-0.20470841228961945,0.5789473684210527,0.46338302009073234,16.0,715.0
-0.2049744725227356,0.5789473684210527,0.46403110823071936,16.0,716.0
-0.20695722103118896,0.5789473684210527,0.4646791963707064,16.0,717.0
-0.20780985057353973,0.5789473684210527,0.46532728451069344,16.0,718.0
-0.2080664336681366,0.5789473684210527,0.4659753726506805,16.0,719.0
-0.20984020829200745,0.5789473684210527,0.4666234607906675,16.0,720.0
-0.21145538985729218,0.5789473684210527,0.4672715489306546,16.0,721.0
-0.21173831820487976,0.5789473684210527,0.4679196370706416,16.0,722.0
-0.21591776609420776,0.5789473684210527,0.46856772521062867,16.0,723.0
-0.22256805002689362,0.5789473684210527,0.4692158133506157,16.0,724.0
-0.22304831445217133,0.5789473684210527,0.4698639014906027,16.0,725.0
-0.22379764914512634,0.5789473684210527,0.47051198963058977,16.0,726.0
-0.22569607198238373,0.5789473684210527,0.4711600777705768,16.0,727.0
-0.2275616079568863,0.5789473684210527,0.47180816591056385,16.0,728.0
-0.2275753915309906,0.5789473684210527,0.47245625405055086,16.0,729.0
-0.22926200926303864,0.5789473684210527,0.47310434219053793,16.0,730.0
-0.22933067381381989,0.5789473684210527,0.47375243033052494,16.0,731.0
-0.23131494224071503,0.5789473684210527,0.474400518470512,16.0,732.0
-0.23590481281280518,0.5789473684210527,0.475048606610499,16.0,733.0
-0.23647885024547577,0.5789473684210527,0.4756966947504861,16.0,734.0
-0.23835481703281403,0.5789473684210527,0.4763447828904731,16.0,735.0
-0.23840278387069702,0.5789473684210527,0.4769928710304601,16.0,736.0
-0.24039027094841003,0.5789473684210527,0.4776409591704472,16.0,737.0
-0.24307076632976532,0.5789473684210527,0.4782890473104342,16.0,738.0
-0.24608273804187775,0.5789473684210527,0.47893713545042127,16.0,739.0
-0.24936677515506744,0.5789473684210527,0.4795852235904083,16.0,740.0
-0.2501028776168823,0.5789473684210527,0.48023331173039535,16.0,741.0
-0.25097474455833435,0.5789473684210527,0.48088139987038236,16.0,742.0
-0.25116822123527527,0.5789473684210527,0.48152948801036943,16.0,743.0
-0.25186794996261597,0.5789473684210527,0.48217757615035645,16.0,744.0
-0.25187644362449646,0.5789473684210527,0.48282566429034346,16.0,745.0
-0.25430405139923096,0.5789473684210527,0.48347375243033053,16.0,746.0
-0.2571057379245758,0.5789473684210527,0.48412184057031754,16.0,747.0
-0.25908178091049194,0.5789473684210527,0.4847699287103046,16.0,748.0
-0.26053592562675476,0.5789473684210527,0.4854180168502916,16.0,749.0
-0.26340389251708984,0.5789473684210527,0.4860661049902787,16.0,750.0
-0.26440906524658203,0.5789473684210527,0.4867141931302657,16.0,751.0
-0.26645585894584656,0.5789473684210527,0.4873622812702528,16.0,752.0
-0.2675648033618927,0.5789473684210527,0.4880103694102398,16.0,753.0
-0.26833418011665344,0.5789473684210527,0.48865845755022685,16.0,754.0
-0.27259641885757446,0.5789473684210527,0.48930654569021387,16.0,755.0
-0.27297407388687134,0.5789473684210527,0.4899546338302009,16.0,756.0
-0.2739686071872711,0.5789473684210527,0.49060272197018795,16.0,757.0
-0.27452370524406433,0.5789473684210527,0.49125081011017496,16.0,758.0
-0.27603545784950256,0.5789473684210527,0.49189889825016203,16.0,759.0
-0.276877224445343,0.5789473684210527,0.49254698639014904,16.0,760.0
-0.2832356095314026,0.5789473684210527,0.4931950745301361,16.0,761.0
-0.28335705399513245,0.5789473684210527,0.4938431626701231,16.0,762.0
-0.2852529287338257,0.5789473684210527,0.4944912508101102,16.0,763.0
-0.2898089289665222,0.5789473684210527,0.4951393389500972,16.0,764.0
-0.2899785339832306,0.5789473684210527,0.4957874270900843,16.0,765.0
-0.2901007831096649,0.5789473684210527,0.4964355152300713,16.0,766.0
-0.29128023982048035,0.5789473684210527,0.4970836033700583,16.0,767.0
-0.297628253698349,0.5789473684210527,0.49773169151004537,16.0,768.0
-0.2980719208717346,0.5789473684210527,0.4983797796500324,16.0,769.0
-0.29868656396865845,0.5789473684210527,0.49902786779001945,16.0,770.0
-0.3040409982204437,0.5789473684210527,0.49967595593000647,16.0,771.0
-0.30432337522506714,0.5789473684210527,0.5003240440699935,16.0,772.0
-0.3050853908061981,0.5789473684210527,0.5009721322099806,16.0,773.0
-0.30667001008987427,0.5789473684210527,0.5016202203499676,16.0,774.0
-0.30776673555374146,0.5789473684210527,0.5022683084899546,16.0,775.0
-0.307897686958313,0.5789473684210527,0.5029163966299417,16.0,776.0
-0.3110877275466919,0.5789473684210527,0.5035644847699287,16.0,777.0
-0.3139629662036896,0.5789473684210527,0.5042125729099157,16.0,778.0
-0.3145439326763153,0.5789473684210527,0.5048606610499028,16.0,779.0
-0.3160693049430847,0.5789473684210527,0.5055087491898899,16.0,780.0
-0.31620001792907715,0.5789473684210527,0.5061568373298768,16.0,781.0
-0.3168197572231293,0.5789473684210527,0.5068049254698639,16.0,782.0
-0.3222618103027344,0.5789473684210527,0.507453013609851,16.0,783.0
-0.3245059549808502,0.5789473684210527,0.508101101749838,16.0,784.0
-0.32591941952705383,0.5789473684210527,0.508749189889825,16.0,785.0
-0.3276209235191345,0.5789473684210527,0.509397278029812,16.0,786.0
-0.3301583528518677,0.5789473684210527,0.5100453661697991,16.0,787.0
-0.3319970965385437,0.5789473684210527,0.5106934543097861,16.0,788.0
-0.3342154920101166,0.5789473684210527,0.5113415424497731,16.0,789.0
-0.3348814845085144,0.5789473684210527,0.5119896305897602,16.0,790.0
-0.3351480960845947,0.5789473684210527,0.5126377187297473,16.0,791.0
-0.33713215589523315,0.5789473684210527,0.5132858068697342,16.0,792.0
-0.3372693657875061,0.5789473684210527,0.5139338950097213,16.0,793.0
-0.33948439359664917,0.5789473684210527,0.5145819831497084,16.0,794.0
-0.3396565318107605,0.5789473684210527,0.5152300712896954,16.0,795.0
-0.34024718403816223,0.5789473684210527,0.5158781594296824,16.0,796.0
-0.34081873297691345,0.5789473684210527,0.5165262475696695,16.0,797.0
-0.3410540223121643,0.5789473684210527,0.5171743357096565,16.0,798.0
-0.34137386083602905,0.5789473684210527,0.5178224238496435,16.0,799.0
-0.341515451669693,0.5789473684210527,0.5184705119896306,16.0,800.0
-0.342327356338501,0.5789473684210527,0.5191186001296176,16.0,801.0
-0.343383252620697,0.5789473684210527,0.5197666882696047,16.0,802.0
-0.34576109051704407,0.5789473684210527,0.5204147764095917,16.0,803.0
-0.3457760810852051,0.5789473684210527,0.5210628645495787,16.0,804.0
-0.3473759889602661,0.5789473684210527,0.5217109526895658,16.0,805.0
-0.34842193126678467,0.5789473684210527,0.5223590408295529,16.0,806.0
-0.34877732396125793,0.5789473684210527,0.5230071289695398,16.0,807.0
-0.34973815083503723,0.5789473684210527,0.5236552171095269,16.0,808.0
-0.349799245595932,0.5789473684210527,0.524303305249514,16.0,809.0
-0.35177600383758545,0.5789473684210527,0.5249513933895009,16.0,810.0
-0.3562260866165161,0.5789473684210527,0.525599481529488,16.0,811.0
-0.35854992270469666,0.5789473684210527,0.5262475696694751,16.0,812.0
-0.36296746134757996,0.5789473684210527,0.5268956578094621,16.0,813.0
-0.366007000207901,0.5789473684210527,0.5275437459494491,16.0,814.0
-0.3663114607334137,0.5789473684210527,0.5281918340894362,16.0,815.0
-0.36776044964790344,0.5789473684210527,0.5288399222294232,16.0,816.0
-0.3688279688358307,0.5789473684210527,0.5294880103694103,16.0,817.0
-0.3689730167388916,0.5789473684210527,0.5301360985093972,16.0,818.0
-0.37224847078323364,0.5789473684210527,0.5307841866493843,16.0,819.0
-0.3729526400566101,0.5789473684210527,0.5314322747893714,16.0,820.0
-0.3764500021934509,0.5789473684210527,0.5320803629293583,16.0,821.0
-0.37842893600463867,0.5789473684210527,0.5327284510693454,16.0,822.0
-0.37850046157836914,0.5789473684210527,0.5333765392093325,16.0,823.0
-0.3810119330883026,0.5789473684210527,0.5340246273493195,16.0,824.0
-0.3811551034450531,0.5789473684210527,0.5346727154893065,16.0,825.0
-0.38195788860321045,0.5789473684210527,0.5353208036292936,16.0,826.0
-0.38247525691986084,0.5789473684210527,0.5359688917692806,16.0,827.0
-0.3844301700592041,0.5789473684210527,0.5366169799092677,16.0,828.0
-0.38469991087913513,0.5789473684210527,0.5372650680492547,16.0,829.0
-0.38510480523109436,0.5789473684210527,0.5379131561892417,16.0,830.0
-0.38525253534317017,0.5789473684210527,0.5385612443292288,16.0,831.0
-0.3853314220905304,0.5789473684210527,0.5392093324692158,16.0,832.0
-0.3856801390647888,0.5789473684210527,0.5398574206092028,16.0,833.0
-0.38909316062927246,0.5789473684210527,0.5405055087491899,16.0,834.0
-0.3897317349910736,0.5789473684210527,0.541153596889177,16.0,835.0
-0.39446935057640076,0.5789473684210527,0.5418016850291639,16.0,836.0
-0.3952694535255432,0.5789473684210527,0.542449773169151,16.0,837.0
-0.3962377607822418,0.5789473684210527,0.5430978613091381,16.0,838.0
-0.39641711115837097,0.5789473684210527,0.5437459494491251,16.0,839.0
-0.3983834981918335,0.5789473684210527,0.5443940375891121,16.0,840.0
-0.40013688802719116,0.5789473684210527,0.5450421257290992,16.0,841.0
-0.40015295147895813,0.5789473684210527,0.5456902138690862,16.0,842.0
-0.40101781487464905,0.5789473684210527,0.5463383020090732,16.0,843.0
-0.4017585217952728,0.5789473684210527,0.5469863901490603,16.0,844.0
-0.4019974172115326,0.5789473684210527,0.5476344782890473,16.0,845.0
-0.4022448658943176,0.5789473684210527,0.5482825664290344,16.0,846.0
-0.40708115696907043,0.5789473684210527,0.5489306545690213,16.0,847.0
-0.4076595604419708,0.5789473684210527,0.5495787427090084,16.0,848.0
-0.40893957018852234,0.5789473684210527,0.5502268308489955,16.0,849.0
-0.4113878011703491,0.5789473684210527,0.5508749189889826,16.0,850.0
-0.4119970500469208,0.5789473684210527,0.5515230071289695,16.0,851.0
-0.4150640368461609,0.5789473684210527,0.5521710952689566,16.0,852.0
-0.41566839814186096,0.5789473684210527,0.5528191834089436,16.0,853.0
-0.4160793423652649,0.5789473684210527,0.5534672715489306,16.0,854.0
-0.4197246730327606,0.5789473684210527,0.5541153596889177,16.0,855.0
-0.4212581515312195,0.5789473684210527,0.5547634478289047,16.0,856.0
-0.4217755198478699,0.5789473684210527,0.5554115359688918,16.0,857.0
-0.4238641560077667,0.5789473684210527,0.5560596241088788,16.0,858.0
-0.42477935552597046,0.5789473684210527,0.5567077122488658,16.0,859.0
-0.426692932844162,0.5789473684210527,0.5573558003888529,16.0,860.0
-0.42736417055130005,0.5789473684210527,0.55800388852884,16.0,861.0
-0.42763134837150574,0.5789473684210527,0.5586519766688269,16.0,862.0
-0.42850416898727417,0.5789473684210527,0.559300064808814,16.0,863.0
-0.4298250675201416,0.5789473684210527,0.5599481529488011,16.0,864.0
-0.43027591705322266,0.5789473684210527,0.560596241088788,16.0,865.0
-0.43498367071151733,0.5789473684210527,0.5612443292287751,16.0,866.0
-0.435008704662323,0.5789473684210527,0.5618924173687622,16.0,867.0
-0.4415326416492462,0.5789473684210527,0.5625405055087492,16.0,868.0
-0.44195306301116943,0.5789473684210527,0.5631885936487362,16.0,869.0
-0.4456326365470886,0.5789473684210527,0.5638366817887233,16.0,870.0
-0.44721630215644836,0.5789473684210527,0.5644847699287103,16.0,871.0
-0.45052018761634827,0.5789473684210527,0.5651328580686974,16.0,872.0
-0.4513995051383972,0.5789473684210527,0.5657809462086844,16.0,873.0
-0.451622873544693,0.5789473684210527,0.5664290343486714,16.0,874.0
-0.45202311873435974,0.5789473684210527,0.5670771224886585,16.0,875.0
-0.45318901538848877,0.5789473684210527,0.5677252106286454,16.0,876.0
-0.45330023765563965,0.5789473684210527,0.5683732987686325,16.0,877.0
-0.4546815752983093,0.5789473684210527,0.5690213869086196,16.0,878.0
-0.45571908354759216,0.5789473684210527,0.5696694750486067,16.0,879.0
-0.45613738894462585,0.5789473684210527,0.5703175631885936,16.0,880.0
-0.4564911723136902,0.5789473684210527,0.5709656513285807,16.0,881.0
-0.4566342830657959,0.5789473684210527,0.5716137394685677,16.0,882.0
-0.45677706599235535,0.5789473684210527,0.5722618276085548,16.0,883.0
-0.4571801722049713,0.5789473684210527,0.5729099157485418,16.0,884.0
-0.45848026871681213,0.5789473684210527,0.5735580038885288,16.0,885.0
-0.4600726068019867,0.5789473684210527,0.5742060920285159,16.0,886.0
-0.46066489815711975,0.5789473684210527,0.5748541801685029,16.0,887.0
-0.46075576543807983,0.5789473684210527,0.5755022683084899,16.0,888.0
-0.4609330892562866,0.5789473684210527,0.576150356448477,16.0,889.0
-0.4641234874725342,0.5789473684210527,0.5767984445884641,16.0,890.0
-0.4641408622264862,0.5789473684210527,0.577446532728451,16.0,891.0
-0.4651855230331421,0.5789473684210527,0.5780946208684381,16.0,892.0
-0.4654439389705658,0.5789473684210527,0.5787427090084252,16.0,893.0
-0.4657391309738159,0.5789473684210527,0.5793907971484121,16.0,894.0
-0.4672263264656067,0.5789473684210527,0.5800388852883992,16.0,895.0
-0.4691266417503357,0.5789473684210527,0.5806869734283863,16.0,896.0
-0.4709020256996155,0.5789473684210527,0.5813350615683733,16.0,897.0
-0.47146621346473694,0.5789473684210527,0.5819831497083603,16.0,898.0
-0.47206440567970276,0.5789473684210527,0.5826312378483474,16.0,899.0
-0.4729865491390228,0.5789473684210527,0.5832793259883344,16.0,900.0
-0.47495949268341064,0.5789473684210527,0.5839274141283215,16.0,901.0
-0.47645673155784607,0.5789473684210527,0.5845755022683085,16.0,902.0
-0.4784187078475952,0.5789473684210527,0.5852235904082955,16.0,903.0
-0.4787002205848694,0.5789473684210527,0.5858716785482826,16.0,904.0
-0.48158302903175354,0.5789473684210527,0.5865197666882696,16.0,905.0
-0.48225095868110657,0.5789473684210527,0.5871678548282566,16.0,906.0
-0.4825471341609955,0.5789473684210527,0.5878159429682437,16.0,907.0
-0.4834919273853302,0.5789473684210527,0.5884640311082308,16.0,908.0
-0.4852738380432129,0.5789473684210527,0.5891121192482177,16.0,909.0
-0.4886555075645447,0.5789473684210527,0.5897602073882048,16.0,910.0
-0.4895809590816498,0.5789473684210527,0.5904082955281919,16.0,911.0
-0.49039536714553833,0.5789473684210527,0.5910563836681789,16.0,912.0
-0.49111196398735046,0.5789473684210527,0.5917044718081659,16.0,913.0
-0.4940469264984131,0.5789473684210527,0.592352559948153,16.0,914.0
-0.49412456154823303,0.5789473684210527,0.59300064808814,16.0,915.0
-0.49451395869255066,0.5789473684210527,0.593648736228127,16.0,916.0
-0.4949164092540741,0.5789473684210527,0.594296824368114,16.0,917.0
-0.495309054851532,0.5789473684210527,0.5949449125081011,16.0,918.0
-0.5015053749084473,0.5789473684210527,0.5955930006480882,16.0,919.0
-0.5016140937805176,0.5789473684210527,0.5962410887880751,16.0,920.0
-0.5025249719619751,0.5789473684210527,0.5968891769280622,16.0,921.0
-0.5042150616645813,0.5789473684210527,0.5975372650680493,16.0,922.0
-0.5043521523475647,0.5789473684210527,0.5981853532080363,16.0,923.0
-0.5052906274795532,0.5789473684210527,0.5988334413480233,16.0,924.0
-0.5057490468025208,0.5789473684210527,0.5994815294880104,16.0,925.0
-0.5074430108070374,0.5789473684210527,0.6001296176279974,16.0,926.0
-0.5088550448417664,0.5789473684210527,0.6007777057679844,16.0,927.0
-0.5091376900672913,0.5789473684210527,0.6014257939079715,16.0,928.0
-0.510866641998291,0.5789473684210527,0.6020738820479585,16.0,929.0
-0.5112379789352417,0.5789473684210527,0.6027219701879456,16.0,930.0
-0.5123050808906555,0.5789473684210527,0.6033700583279326,16.0,931.0
-0.5123248100280762,0.5789473684210527,0.6040181464679196,16.0,932.0
-0.512467622756958,0.5789473684210527,0.6046662346079067,16.0,933.0
-0.5136243104934692,0.5789473684210527,0.6053143227478938,16.0,934.0
-0.5155216455459595,0.5789473684210527,0.6059624108878807,16.0,935.0
-0.5158694386482239,0.5789473684210527,0.6066104990278678,16.0,936.0
-0.5162930488586426,0.5789473684210527,0.6072585871678549,16.0,937.0
-0.5164676904678345,0.5789473684210527,0.6079066753078418,16.0,938.0
-0.5172308683395386,0.5789473684210527,0.6085547634478289,16.0,939.0
-0.5180962085723877,0.5789473684210527,0.609202851587816,16.0,940.0
-0.5191121697425842,0.5789473684210527,0.609850939727803,16.0,941.0
-0.5205534100532532,0.5789473684210527,0.61049902786779,16.0,942.0
-0.5209431648254395,0.5789473684210527,0.611147116007777,16.0,943.0
-0.5224127173423767,0.5789473684210527,0.6117952041477641,16.0,944.0
-0.5248161554336548,0.5789473684210527,0.6124432922877512,16.0,945.0
-0.525198221206665,0.5789473684210527,0.6130913804277381,16.0,946.0
-0.5254852175712585,0.5789473684210527,0.6137394685677252,16.0,947.0
-0.5271207094192505,0.5789473684210527,0.6143875567077123,16.0,948.0
-0.529447615146637,0.5789473684210527,0.6150356448476992,16.0,949.0
-0.52972012758255,0.5789473684210527,0.6156837329876863,16.0,950.0
-0.5353214740753174,0.5789473684210527,0.6163318211276734,16.0,951.0
-0.5378470420837402,0.5789473684210527,0.6169799092676604,16.0,952.0
-0.5396802425384521,0.5789473684210527,0.6176279974076474,16.0,953.0
-0.5405744910240173,0.5789473684210527,0.6182760855476345,16.0,954.0
-0.5429217219352722,0.5789473684210527,0.6189241736876215,16.0,955.0
-0.5430834293365479,0.5789473684210527,0.6195722618276086,16.0,956.0
-0.5441746711730957,0.5789473684210527,0.6202203499675956,16.0,957.0
-0.545520007610321,0.5789473684210527,0.6208684381075826,16.0,958.0
-0.5457442998886108,0.5789473684210527,0.6215165262475697,16.0,959.0
-0.5480682849884033,0.5789473684210527,0.6221646143875567,16.0,960.0
-0.5496826171875,0.5789473684210527,0.6228127025275437,16.0,961.0
-0.5507792830467224,0.5789473684210527,0.6234607906675308,16.0,962.0
-0.5508376359939575,0.5789473684210527,0.6241088788075179,16.0,963.0
-0.552003026008606,0.5789473684210527,0.6247569669475048,16.0,964.0
-0.5523148775100708,0.5789473684210527,0.6254050550874919,16.0,965.0
-0.5524827241897583,0.5789473684210527,0.626053143227479,16.0,966.0
-0.5532446503639221,0.5789473684210527,0.626701231367466,16.0,967.0
-0.5563212037086487,0.5789473684210527,0.627349319507453,16.0,968.0
-0.5571659207344055,0.5789473684210527,0.62799740764744,16.0,969.0
-0.5572589635848999,0.5789473684210527,0.6286454957874271,16.0,970.0
-0.5596321225166321,0.5789473684210527,0.6292935839274141,16.0,971.0
-0.5608142018318176,0.5789473684210527,0.6299416720674011,16.0,972.0
-0.561113715171814,0.5789473684210527,0.6305897602073882,16.0,973.0
-0.5628498196601868,0.5789473684210527,0.6312378483473753,16.0,974.0
-0.5641045570373535,0.5789473684210527,0.6318859364873622,16.0,975.0
-0.5651187896728516,0.5789473684210527,0.6325340246273493,16.0,976.0
-0.5661718249320984,0.5789473684210527,0.6331821127673364,16.0,977.0
-0.5665680170059204,0.5789473684210527,0.6338302009073234,16.0,978.0
-0.5670344829559326,0.5789473684210527,0.6344782890473104,16.0,979.0
-0.567396879196167,0.5789473684210527,0.6351263771872975,16.0,980.0
-0.5674605965614319,0.5789473684210527,0.6357744653272845,16.0,981.0
-0.5694564580917358,0.5789473684210527,0.6364225534672715,16.0,982.0
-0.5735450983047485,0.5789473684210527,0.6370706416072586,16.0,983.0
-0.5753453373908997,0.5789473684210527,0.6377187297472456,16.0,984.0
-0.5766730904579163,0.5789473684210527,0.6383668178872327,16.0,985.0
-0.5797790288925171,0.5789473684210527,0.6390149060272197,16.0,986.0
-0.5804233551025391,0.5789473684210527,0.6396629941672067,16.0,987.0
-0.5808644890785217,0.5789473684210527,0.6403110823071938,16.0,988.0
-0.584138810634613,0.5789473684210527,0.6409591704471809,16.0,989.0
-0.5852735042572021,0.5789473684210527,0.6416072585871678,16.0,990.0
-0.5852960348129272,0.5789473684210527,0.6422553467271549,16.0,991.0
-0.5871702432632446,0.5789473684210527,0.642903434867142,16.0,992.0
-0.5877009630203247,0.5789473684210527,0.6435515230071289,16.0,993.0
-0.5881727337837219,0.5789473684210527,0.644199611147116,16.0,994.0
-0.5895326733589172,0.5789473684210527,0.6448476992871031,16.0,995.0
-0.5923463106155396,0.5789473684210527,0.6454957874270901,16.0,996.0
-0.5923901200294495,0.5789473684210527,0.6461438755670771,16.0,997.0
-0.5950411558151245,0.5789473684210527,0.6467919637070642,16.0,998.0
-0.5961843132972717,0.5789473684210527,0.6474400518470512,16.0,999.0
-0.5972704887390137,0.5789473684210527,0.6480881399870383,16.0,1000.0
-0.5984804034233093,0.5789473684210527,0.6487362281270252,16.0,1001.0
-0.59871906042099,0.5789473684210527,0.6493843162670123,16.0,1002.0
-0.5989970564842224,0.5789473684210527,0.6500324044069994,16.0,1003.0
-0.5990051627159119,0.5789473684210527,0.6506804925469863,16.0,1004.0
-0.6071965098381042,0.5789473684210527,0.6513285806869734,16.0,1005.0
-0.6093735098838806,0.5789473684210527,0.6519766688269605,16.0,1006.0
-0.6098617315292358,0.5789473684210527,0.6526247569669476,16.0,1007.0
-0.6111165881156921,0.5789473684210527,0.6532728451069345,16.0,1008.0
-0.6117212176322937,0.5789473684210527,0.6539209332469216,16.0,1009.0
-0.6123958230018616,0.5789473684210527,0.6545690213869086,16.0,1010.0
-0.614722728729248,0.5789473684210527,0.6552171095268956,16.0,1011.0
-0.615613579750061,0.5789473684210527,0.6558651976668827,16.0,1012.0
-0.6191059350967407,0.5789473684210527,0.6565132858068697,16.0,1013.0
-0.6199323534965515,0.5789473684210527,0.6571613739468568,16.0,1014.0
-0.6201048493385315,0.5789473684210527,0.6578094620868438,16.0,1015.0
-0.6231237649917603,0.5789473684210527,0.6584575502268308,16.0,1016.0
-0.623496413230896,0.5789473684210527,0.6591056383668179,16.0,1017.0
-0.6239374279975891,0.5789473684210527,0.659753726506805,16.0,1018.0
-0.6242114305496216,0.5789473684210527,0.6604018146467919,16.0,1019.0
-0.6258484721183777,0.5789473684210527,0.661049902786779,16.0,1020.0
-0.6265506148338318,0.5789473684210527,0.6616979909267661,16.0,1021.0
-0.6282126307487488,0.5789473684210527,0.662346079066753,16.0,1022.0
-0.6286913752555847,0.5789473684210527,0.6629941672067401,16.0,1023.0
-0.6297904253005981,0.5789473684210527,0.6636422553467272,16.0,1024.0
-0.6306610107421875,0.5789473684210527,0.6642903434867142,16.0,1025.0
-0.6309657692909241,0.5789473684210527,0.6649384316267012,16.0,1026.0
-0.6318696141242981,0.5789473684210527,0.6655865197666883,16.0,1027.0
-0.6347516775131226,0.5789473684210527,0.6662346079066753,16.0,1028.0
-0.6355607509613037,0.5789473684210527,0.6668826960466624,16.0,1029.0
-0.637127161026001,0.5789473684210527,0.6675307841866494,16.0,1030.0
-0.6380423903465271,0.5789473684210527,0.6681788723266364,16.0,1031.0
-0.6394233107566833,0.5789473684210527,0.6688269604666235,16.0,1032.0
-0.641119658946991,0.5789473684210527,0.6694750486066104,16.0,1033.0
-0.6414317488670349,0.5789473684210527,0.6701231367465975,16.0,1034.0
-0.6439630389213562,0.5789473684210527,0.6707712248865846,16.0,1035.0
-0.6473580598831177,0.5789473684210527,0.6714193130265717,16.0,1036.0
-0.6481894850730896,0.5789473684210527,0.6720674011665586,16.0,1037.0
-0.6495639085769653,0.5789473684210527,0.6727154893065457,16.0,1038.0
-0.6503052115440369,0.5789473684210527,0.6733635774465327,16.0,1039.0
-0.6503114104270935,0.5789473684210527,0.6740116655865198,16.0,1040.0
-0.6506479382514954,0.5789473684210527,0.6746597537265068,16.0,1041.0
-0.6507739424705505,0.5789473684210527,0.6753078418664938,16.0,1042.0
-0.6528393030166626,0.5789473684210527,0.6759559300064809,16.0,1043.0
-0.653643786907196,0.5789473684210527,0.6766040181464679,16.0,1044.0
-0.655617356300354,0.5789473684210527,0.6772521062864549,16.0,1045.0
-0.6562387943267822,0.5789473684210527,0.677900194426442,16.0,1046.0
-0.6574850082397461,0.5789473684210527,0.6785482825664291,16.0,1047.0
-0.6604866981506348,0.5789473684210527,0.679196370706416,16.0,1048.0
-0.663383424282074,0.5789473684210527,0.6798444588464031,16.0,1049.0
-0.6639282703399658,0.5789473684210527,0.6804925469863902,16.0,1050.0
-0.664802610874176,0.5789473684210527,0.6811406351263772,16.0,1051.0
-0.6653940081596375,0.5789473684210527,0.6817887232663642,16.0,1052.0
-0.6656798124313354,0.5789473684210527,0.6824368114063513,16.0,1053.0
-0.6663433313369751,0.5789473684210527,0.6830848995463383,16.0,1054.0
-0.6674903035163879,0.5789473684210527,0.6837329876863253,16.0,1055.0
-0.6674977540969849,0.5789473684210527,0.6843810758263124,16.0,1056.0
-0.6685912013053894,0.5789473684210527,0.6850291639662994,16.0,1057.0
-0.6689952611923218,0.5789473684210527,0.6856772521062865,16.0,1058.0
-0.6700828671455383,0.5789473684210527,0.6863253402462735,16.0,1059.0
-0.6706740260124207,0.5789473684210527,0.6869734283862605,16.0,1060.0
-0.6711836457252502,0.5789473684210527,0.6876215165262476,16.0,1061.0
-0.6734976172447205,0.5789473684210527,0.6882696046662347,16.0,1062.0
-0.673637330532074,0.5789473684210527,0.6889176928062216,16.0,1063.0
-0.6767532825469971,0.5789473684210527,0.6895657809462087,16.0,1064.0
-0.6774611473083496,0.5789473684210527,0.6902138690861958,16.0,1065.0
-0.6776852011680603,0.5789473684210527,0.6908619572261827,16.0,1066.0
-0.678936779499054,0.5789473684210527,0.6915100453661698,16.0,1067.0
-0.679675817489624,0.5789473684210527,0.6921581335061568,16.0,1068.0
-0.6850711107254028,0.5789473684210527,0.6928062216461439,16.0,1069.0
-0.6851711869239807,0.5789473684210527,0.6934543097861309,16.0,1070.0
-0.6872057914733887,0.5789473684210527,0.6941023979261179,16.0,1071.0
-0.6904320120811462,0.5789473684210527,0.694750486066105,16.0,1072.0
-0.6919275522232056,0.5789473684210527,0.6953985742060921,16.0,1073.0
-0.6940951347351074,0.5789473684210527,0.696046662346079,16.0,1074.0
-0.6946098208427429,0.5789473684210527,0.6966947504860661,16.0,1075.0
-0.6947304010391235,0.5789473684210527,0.6973428386260532,16.0,1076.0
-0.6947880983352661,0.5789473684210527,0.6979909267660401,16.0,1077.0
-0.6954834461212158,0.5789473684210527,0.6986390149060272,16.0,1078.0
-0.6957558989524841,0.5789473684210527,0.6992871030460143,16.0,1079.0
-0.6960121989250183,0.5789473684210527,0.6999351911860013,16.0,1080.0
-0.700978696346283,0.5789473684210527,0.7005832793259883,16.0,1081.0
-0.7016285061836243,0.5789473684210527,0.7012313674659754,16.0,1082.0
-0.7020968198776245,0.5789473684210527,0.7018794556059624,16.0,1083.0
-0.7028093934059143,0.5789473684210527,0.7025275437459495,16.0,1084.0
-0.7030069828033447,0.5789473684210527,0.7031756318859365,16.0,1085.0
-0.7030565142631531,0.5789473684210527,0.7038237200259235,16.0,1086.0
-0.7034094333648682,0.5789473684210527,0.7044718081659106,16.0,1087.0
-0.7035584449768066,0.5789473684210527,0.7051198963058976,16.0,1088.0
-0.7049877643585205,0.5789473684210527,0.7057679844458846,16.0,1089.0
-0.7067657709121704,0.5789473684210527,0.7064160725858717,16.0,1090.0
-0.708457887172699,0.5789473684210527,0.7070641607258588,16.0,1091.0
-0.7087255120277405,0.5789473684210527,0.7077122488658457,16.0,1092.0
-0.7130035161972046,0.5789473684210527,0.7083603370058328,16.0,1093.0
-0.7163195610046387,0.5789473684210527,0.7090084251458199,16.0,1094.0
-0.7167957425117493,0.5789473684210527,0.7096565132858069,16.0,1095.0
-0.7176915407180786,0.5789473684210527,0.7103046014257939,16.0,1096.0
-0.7230913043022156,0.5789473684210527,0.710952689565781,16.0,1097.0
-0.7247464656829834,0.5789473684210527,0.711600777705768,16.0,1098.0
-0.7255236506462097,0.5789473684210527,0.712248865845755,16.0,1099.0
-0.7264007925987244,0.5789473684210527,0.712896953985742,16.0,1100.0
-0.7264794111251831,0.5789473684210527,0.7135450421257291,16.0,1101.0
-0.7265371680259705,0.5789473684210527,0.7141931302657162,16.0,1102.0
-0.7323145270347595,0.5789473684210527,0.7148412184057031,16.0,1103.0
-0.7334316372871399,0.5789473684210527,0.7154893065456902,16.0,1104.0
-0.7348434329032898,0.5789473684210527,0.7161373946856773,16.0,1105.0
-0.7360762357711792,0.5789473684210527,0.7167854828256643,16.0,1106.0
-0.7362356781959534,0.5789473684210527,0.7174335709656513,16.0,1107.0
-0.7366905212402344,0.5789473684210527,0.7180816591056384,16.0,1108.0
-0.7413800954818726,0.5789473684210527,0.7187297472456254,16.0,1109.0
-0.7433925271034241,0.5789473684210527,0.7193778353856124,16.0,1110.0
-0.7436015605926514,0.5789473684210527,0.7200259235255995,16.0,1111.0
-0.743893027305603,0.5789473684210527,0.7206740116655865,16.0,1112.0
-0.7454387545585632,0.5789473684210527,0.7213220998055736,16.0,1113.0
-0.7458837032318115,0.5789473684210527,0.7219701879455606,16.0,1114.0
-0.7462165951728821,0.5789473684210527,0.7226182760855476,16.0,1115.0
-0.7507191896438599,0.5789473684210527,0.7232663642255347,16.0,1116.0
-0.7530921697616577,0.5789473684210527,0.7239144523655218,16.0,1117.0
-0.7573800683021545,0.5789473684210527,0.7245625405055087,16.0,1118.0
-0.7597910761833191,0.5789473684210527,0.7252106286454958,16.0,1119.0
-0.7598710656166077,0.5789473684210527,0.7258587167854829,16.0,1120.0
-0.7656874060630798,0.5789473684210527,0.7265068049254698,16.0,1121.0
-0.765812873840332,0.5789473684210527,0.7271548930654569,16.0,1122.0
-0.7661130428314209,0.5789473684210527,0.727802981205444,16.0,1123.0
-0.7680502533912659,0.5789473684210527,0.728451069345431,16.0,1124.0
-0.7718538641929626,0.5789473684210527,0.729099157485418,16.0,1125.0
-0.7734214067459106,0.5789473684210527,0.729747245625405,16.0,1126.0
-0.7741206288337708,0.5789473684210527,0.7303953337653921,16.0,1127.0
-0.7742218375205994,0.5789473684210527,0.7310434219053791,16.0,1128.0
-0.7745382189750671,0.5789473684210527,0.7316915100453661,16.0,1129.0
-0.7749578952789307,0.5789473684210527,0.7323395981853532,16.0,1130.0
-0.7769203782081604,0.5789473684210527,0.7329876863253403,16.0,1131.0
-0.7775149941444397,0.5789473684210527,0.7336357744653272,16.0,1132.0
-0.7783123850822449,0.5789473684210527,0.7342838626053143,16.0,1133.0
-0.7811324596405029,0.5789473684210527,0.7349319507453014,16.0,1134.0
-0.784604549407959,0.5789473684210527,0.7355800388852884,16.0,1135.0
-0.7855942249298096,0.5789473684210527,0.7362281270252754,16.0,1136.0
-0.7875717878341675,0.5789473684210527,0.7368762151652625,16.0,1137.0
-0.7943418025970459,0.5789473684210527,0.7375243033052495,16.0,1138.0
-0.7962953448295593,0.5789473684210527,0.7381723914452365,16.0,1139.0
-0.7970517873764038,0.5789473684210527,0.7388204795852236,16.0,1140.0
-0.8021257519721985,0.5789473684210527,0.7394685677252106,16.0,1141.0
-0.8026179671287537,0.5789473684210527,0.7401166558651977,16.0,1142.0
-0.8069499731063843,0.5789473684210527,0.7407647440051847,16.0,1143.0
-0.8081931471824646,0.5789473684210527,0.7414128321451717,16.0,1144.0
-0.8115399479866028,0.5789473684210527,0.7420609202851588,16.0,1145.0
-0.8121739029884338,0.5789473684210527,0.7427090084251459,16.0,1146.0
-0.814208447933197,0.5789473684210527,0.7433570965651328,16.0,1147.0
-0.8146834373474121,0.5789473684210527,0.7440051847051199,16.0,1148.0
-0.8149097561836243,0.5789473684210527,0.744653272845107,16.0,1149.0
-0.8176190853118896,0.5789473684210527,0.7453013609850939,16.0,1150.0
-0.8177254796028137,0.5789473684210527,0.745949449125081,16.0,1151.0
-0.8184080123901367,0.5789473684210527,0.7465975372650681,16.0,1152.0
-0.8195927739143372,0.5789473684210527,0.7472456254050551,16.0,1153.0
-0.8216487169265747,0.5789473684210527,0.7478937135450421,16.0,1154.0
-0.8230848908424377,0.5789473684210527,0.7485418016850292,16.0,1155.0
-0.823966383934021,0.5789473684210527,0.7491898898250162,16.0,1156.0
-0.8268054723739624,0.5789473684210527,0.7498379779650033,16.0,1157.0
-0.8271239995956421,0.5789473684210527,0.7504860661049902,16.0,1158.0
-0.8283291459083557,0.5789473684210527,0.7511341542449773,16.0,1159.0
-0.8290296196937561,0.5789473684210527,0.7517822423849644,16.0,1160.0
-0.8311355113983154,0.5789473684210527,0.7524303305249513,16.0,1161.0
-0.8313755989074707,0.5789473684210527,0.7530784186649384,16.0,1162.0
-0.8346457481384277,0.5789473684210527,0.7537265068049255,16.0,1163.0
-0.8355898261070251,0.5789473684210527,0.7543745949449125,16.0,1164.0
-0.8369049429893494,0.5789473684210527,0.7550226830848995,16.0,1165.0
-0.8370496034622192,0.5789473684210527,0.7556707712248866,16.0,1166.0
-0.8370844125747681,0.5789473684210527,0.7563188593648736,16.0,1167.0
-0.8418552875518799,0.5789473684210527,0.7569669475048607,16.0,1168.0
-0.8440758585929871,0.5789473684210527,0.7576150356448477,16.0,1169.0
-0.8451266884803772,0.5789473684210527,0.7582631237848347,16.0,1170.0
-0.8464113473892212,0.5789473684210527,0.7589112119248218,16.0,1171.0
-0.8465642333030701,0.5789473684210527,0.7595593000648088,16.0,1172.0
-0.8495826125144958,0.5789473684210527,0.7602073882047958,16.0,1173.0
-0.8566878437995911,0.5789473684210527,0.7608554763447829,16.0,1174.0
-0.8572399616241455,0.5789473684210527,0.76150356448477,16.0,1175.0
-0.8573689460754395,0.5789473684210527,0.7621516526247569,16.0,1176.0
-0.8578928112983704,0.5789473684210527,0.762799740764744,16.0,1177.0
-0.8580530285835266,0.5789473684210527,0.7634478289047311,16.0,1178.0
-0.8588817119598389,0.5789473684210527,0.7640959170447181,16.0,1179.0
-0.8595215082168579,0.5789473684210527,0.7647440051847051,16.0,1180.0
-0.8630439639091492,0.5789473684210527,0.7653920933246922,16.0,1181.0
-0.8631455898284912,0.5789473684210527,0.7660401814646792,16.0,1182.0
-0.8684164881706238,0.5789473684210527,0.7666882696046662,16.0,1183.0
-0.8692594766616821,0.5789473684210527,0.7673363577446533,16.0,1184.0
-0.8713809251785278,0.5789473684210527,0.7679844458846403,16.0,1185.0
-0.8728981018066406,0.5789473684210527,0.7686325340246274,16.0,1186.0
-0.8757118582725525,0.5789473684210527,0.7692806221646143,16.0,1187.0
-0.878046989440918,0.5789473684210527,0.7699287103046014,16.0,1188.0
-0.8797193169593811,0.5789473684210527,0.7705767984445885,16.0,1189.0
-0.8800880312919617,0.5789473684210527,0.7712248865845756,16.0,1190.0
-0.8836408257484436,0.5789473684210527,0.7718729747245625,16.0,1191.0
-0.8844773769378662,0.5789473684210527,0.7725210628645496,16.0,1192.0
-0.8847151398658752,0.5789473684210527,0.7731691510045366,16.0,1193.0
-0.8862773180007935,0.5789473684210527,0.7738172391445236,16.0,1194.0
-0.8870630860328674,0.5789473684210527,0.7744653272845107,16.0,1195.0
-0.887191891670227,0.5789473684210527,0.7751134154244977,16.0,1196.0
-0.889360249042511,0.5789473684210527,0.7757615035644848,16.0,1197.0
-0.89094477891922,0.5789473684210527,0.7764095917044718,16.0,1198.0
-0.8931475281715393,0.5789473684210527,0.7770576798444588,16.0,1199.0
-0.8937934637069702,0.5789473684210527,0.7777057679844459,16.0,1200.0
-0.8965617418289185,0.5789473684210527,0.778353856124433,16.0,1201.0
-0.8971768021583557,0.5789473684210527,0.7790019442644199,16.0,1202.0
-0.8976777195930481,0.5789473684210527,0.779650032404407,16.0,1203.0
-0.8977729082107544,0.5789473684210527,0.7802981205443941,16.0,1204.0
-0.8985497951507568,0.5789473684210527,0.780946208684381,16.0,1205.0
-0.898560106754303,0.5789473684210527,0.7815942968243681,16.0,1206.0
-0.9041715860366821,0.5789473684210527,0.7822423849643552,16.0,1207.0
-0.9045889973640442,0.5789473684210527,0.7828904731043422,16.0,1208.0
-0.9048945307731628,0.5789473684210527,0.7835385612443292,16.0,1209.0
-0.9062154293060303,0.5789473684210527,0.7841866493843163,16.0,1210.0
-0.9072491526603699,0.5789473684210527,0.7848347375243033,16.0,1211.0
-0.9122097492218018,0.5789473684210527,0.7854828256642904,16.0,1212.0
-0.914628803730011,0.5789473684210527,0.7861309138042774,16.0,1213.0
-0.9167738556861877,0.5789473684210527,0.7867790019442644,16.0,1214.0
-0.9172573685646057,0.5789473684210527,0.7874270900842515,16.0,1215.0
-0.9191104769706726,0.5789473684210527,0.7880751782242384,16.0,1216.0
-0.9195380806922913,0.5789473684210527,0.7887232663642255,16.0,1217.0
-0.923080563545227,0.5789473684210527,0.7893713545042126,16.0,1218.0
-0.92818284034729,0.5789473684210527,0.7900194426441997,16.0,1219.0
-0.9316654801368713,0.5789473684210527,0.7906675307841866,16.0,1220.0
-0.933479368686676,0.5789473684210527,0.7913156189241737,16.0,1221.0
-0.933964729309082,0.5789473684210527,0.7919637070641607,16.0,1222.0
-0.9349648356437683,0.5789473684210527,0.7926117952041478,16.0,1223.0
-0.935407280921936,0.5789473684210527,0.7932598833441348,16.0,1224.0
-0.9368348121643066,0.5789473684210527,0.7939079714841218,16.0,1225.0
-0.9371276497840881,0.5789473684210527,0.7945560596241089,16.0,1226.0
-0.9385794997215271,0.5789473684210527,0.7952041477640959,16.0,1227.0
-0.9418180584907532,0.5789473684210527,0.7958522359040829,16.0,1228.0
-0.9427033066749573,0.5789473684210527,0.79650032404407,16.0,1229.0
-0.9468640089035034,0.5789473684210527,0.7971484121840571,16.0,1230.0
-0.9469180107116699,0.5789473684210527,0.797796500324044,16.0,1231.0
-0.9536477327346802,0.5789473684210527,0.7984445884640311,16.0,1232.0
-0.9577433466911316,0.5789473684210527,0.7990926766040182,16.0,1233.0
-0.9579235315322876,0.5789473684210527,0.7997407647440052,16.0,1234.0
-0.9589275121688843,0.5789473684210527,0.8003888528839922,16.0,1235.0
-0.959671676158905,0.5789473684210527,0.8010369410239793,16.0,1236.0
-0.9611905217170715,0.5789473684210527,0.8016850291639663,16.0,1237.0
-0.9696944355964661,0.5789473684210527,0.8023331173039533,16.0,1238.0
-0.9720781445503235,0.5789473684210527,0.8029812054439404,16.0,1239.0
-0.9724311232566833,0.5789473684210527,0.8036292935839274,16.0,1240.0
-0.9754025340080261,0.5789473684210527,0.8042773817239145,16.0,1241.0
-0.9774840474128723,0.5789473684210527,0.8049254698639015,16.0,1242.0
-0.9803867936134338,0.5789473684210527,0.8055735580038885,16.0,1243.0
-0.986907422542572,0.5789473684210527,0.8062216461438756,16.0,1244.0
-0.9888660907745361,0.5789473684210527,0.8068697342838627,16.0,1245.0
-0.9911053776741028,0.5789473684210527,0.8075178224238496,16.0,1246.0
-0.9916812777519226,0.5789473684210527,0.8081659105638367,16.0,1247.0
-0.9919538497924805,0.5789473684210527,0.8088139987038238,16.0,1248.0
-0.9926391839981079,0.5789473684210527,0.8094620868438107,16.0,1249.0
-0.9954825639724731,0.5789473684210527,0.8101101749837978,16.0,1250.0
-0.9966285824775696,0.5789473684210527,0.8107582631237849,16.0,1251.0
-0.9967566132545471,0.5789473684210527,0.8114063512637719,16.0,1252.0
-0.9979405403137207,0.5789473684210527,0.8120544394037589,16.0,1253.0
-1.0002154111862183,0.5789473684210527,0.812702527543746,16.0,1254.0
-1.0004942417144775,0.5789473684210527,0.813350615683733,16.0,1255.0
-1.0006450414657593,0.5789473684210527,0.81399870382372,16.0,1256.0
-1.0015243291854858,0.5789473684210527,0.814646791963707,16.0,1257.0
-1.0039836168289185,0.5789473684210527,0.8152948801036941,16.0,1258.0
-1.0040494203567505,0.5789473684210527,0.8159429682436812,16.0,1259.0
-1.004371166229248,0.5789473684210527,0.8165910563836681,16.0,1260.0
-1.0044684410095215,0.5789473684210527,0.8172391445236552,16.0,1261.0
-1.0061745643615723,0.5789473684210527,0.8178872326636423,16.0,1262.0
-1.0072898864746094,0.5789473684210527,0.8185353208036293,16.0,1263.0
-1.0090069770812988,0.5789473684210527,0.8191834089436163,16.0,1264.0
-1.0104879140853882,0.5789473684210527,0.8198314970836034,16.0,1265.0
-1.0129412412643433,0.5789473684210527,0.8204795852235904,16.0,1266.0
-1.0146085023880005,0.5789473684210527,0.8211276733635774,16.0,1267.0
-1.0160276889801025,0.5789473684210527,0.8217757615035645,16.0,1268.0
-1.0161337852478027,0.5789473684210527,0.8224238496435515,16.0,1269.0
-1.0162549018859863,0.5789473684210527,0.8230719377835386,16.0,1270.0
-1.0174391269683838,0.5789473684210527,0.8237200259235256,16.0,1271.0
-1.0185799598693848,0.5789473684210527,0.8243681140635126,16.0,1272.0
-1.0192768573760986,0.5789473684210527,0.8250162022034997,16.0,1273.0
-1.0193511247634888,0.5789473684210527,0.8256642903434868,16.0,1274.0
-1.0222691297531128,0.5789473684210527,0.8263123784834737,16.0,1275.0
-1.022446632385254,0.5789473684210527,0.8269604666234608,16.0,1276.0
-1.0227338075637817,0.5789473684210527,0.8276085547634479,16.0,1277.0
-1.0239787101745605,0.5789473684210527,0.8282566429034348,16.0,1278.0
-1.0242207050323486,0.5789473684210527,0.8289047310434219,16.0,1279.0
-1.0243111848831177,0.5789473684210527,0.829552819183409,16.0,1280.0
-1.0245327949523926,0.5789473684210527,0.830200907323396,16.0,1281.0
-1.026926040649414,0.5789473684210527,0.830848995463383,16.0,1282.0
-1.0318468809127808,0.5789473684210527,0.83149708360337,16.0,1283.0
-1.0319781303405762,0.5789473684210527,0.8321451717433571,16.0,1284.0
-1.0354840755462646,0.5789473684210527,0.8327932598833442,16.0,1285.0
-1.0355297327041626,0.5789473684210527,0.8334413480233311,16.0,1286.0
-1.035910725593567,0.5789473684210527,0.8340894361633182,16.0,1287.0
-1.0373573303222656,0.5789473684210527,0.8347375243033053,16.0,1288.0
-1.038223147392273,0.5789473684210527,0.8353856124432922,16.0,1289.0
-1.0388133525848389,0.5789473684210527,0.8360337005832793,16.0,1290.0
-1.0411913394927979,0.5789473684210527,0.8366817887232664,16.0,1291.0
-1.0414245128631592,0.5789473684210527,0.8373298768632534,16.0,1292.0
-1.041538953781128,0.5789473684210527,0.8379779650032404,16.0,1293.0
-1.0428636074066162,0.5789473684210527,0.8386260531432275,16.0,1294.0
-1.0449317693710327,0.5789473684210527,0.8392741412832145,16.0,1295.0
-1.0479182004928589,0.5789473684210527,0.8399222294232016,16.0,1296.0
-1.0526880025863647,0.5789473684210527,0.8405703175631886,16.0,1297.0
-1.054520606994629,0.5789473684210527,0.8412184057031756,16.0,1298.0
-1.0558035373687744,0.5789473684210527,0.8418664938431627,16.0,1299.0
-1.0558110475540161,0.5789473684210527,0.8425145819831497,16.0,1300.0
-1.055962324142456,0.5789473684210527,0.8431626701231367,16.0,1301.0
-1.0563795566558838,0.5789473684210527,0.8438107582631238,16.0,1302.0
-1.0571346282958984,0.5789473684210527,0.8444588464031109,16.0,1303.0
-1.060098648071289,0.5789473684210527,0.8451069345430978,16.0,1304.0
-1.0622978210449219,0.5789473684210527,0.8457550226830849,16.0,1305.0
-1.0639331340789795,0.5789473684210527,0.846403110823072,16.0,1306.0
-1.0651482343673706,0.5789473684210527,0.847051198963059,16.0,1307.0
-1.0669279098510742,0.5789473684210527,0.847699287103046,16.0,1308.0
-1.0694434642791748,0.5789473684210527,0.848347375243033,16.0,1309.0
-1.0720030069351196,0.5789473684210527,0.8489954633830201,16.0,1310.0
-1.0731157064437866,0.5789473684210527,0.8496435515230071,16.0,1311.0
-1.0751030445098877,0.5789473684210527,0.8502916396629941,16.0,1312.0
-1.0764070749282837,0.5789473684210527,0.8509397278029812,16.0,1313.0
-1.0781869888305664,0.5789473684210527,0.8515878159429683,16.0,1314.0
-1.0789508819580078,0.5789473684210527,0.8522359040829552,16.0,1315.0
-1.0800868272781372,0.5789473684210527,0.8528839922229423,16.0,1316.0
-1.0800871849060059,0.5789473684210527,0.8535320803629294,16.0,1317.0
-1.0812112092971802,0.5789473684210527,0.8541801685029164,16.0,1318.0
-1.0814374685287476,0.5789473684210527,0.8548282566429034,16.0,1319.0
-1.0862571001052856,0.5789473684210527,0.8554763447828905,16.0,1320.0
-1.088329553604126,0.5789473684210527,0.8561244329228775,16.0,1321.0
-1.0903860330581665,0.5789473684210527,0.8567725210628645,16.0,1322.0
-1.0908068418502808,0.5789473684210527,0.8574206092028516,16.0,1323.0
-1.094079852104187,0.5789473684210527,0.8580686973428386,16.0,1324.0
-1.0966793298721313,0.5789473684210527,0.8587167854828257,16.0,1325.0
-1.1007522344589233,0.5789473684210527,0.8593648736228127,16.0,1326.0
-1.100967526435852,0.5789473684210527,0.8600129617627997,16.0,1327.0
-1.101589560508728,0.5789473684210527,0.8606610499027868,16.0,1328.0
-1.1020272970199585,0.5789473684210527,0.8613091380427739,16.0,1329.0
-1.1030422449111938,0.5789473684210527,0.8619572261827608,16.0,1330.0
-1.1036003828048706,0.5789473684210527,0.8626053143227479,16.0,1331.0
-1.1045984029769897,0.5789473684210527,0.863253402462735,16.0,1332.0
-1.108777642250061,0.5789473684210527,0.8639014906027219,16.0,1333.0
-1.1108629703521729,0.5789473684210527,0.864549578742709,16.0,1334.0
-1.1108955144882202,0.5789473684210527,0.8651976668826961,16.0,1335.0
-1.1119357347488403,0.5789473684210527,0.8658457550226831,16.0,1336.0
-1.1126888990402222,0.5789473684210527,0.8664938431626701,16.0,1337.0
-1.1167995929718018,0.5789473684210527,0.8671419313026572,16.0,1338.0
-1.117231845855713,0.5789473684210527,0.8677900194426442,16.0,1339.0
-1.1228221654891968,0.5789473684210527,0.8684381075826313,16.0,1340.0
-1.1241936683654785,0.5789473684210527,0.8690861957226182,16.0,1341.0
-1.1250404119491577,0.5789473684210527,0.8697342838626053,16.0,1342.0
-1.1268844604492188,0.5789473684210527,0.8703823720025924,16.0,1343.0
-1.1321412324905396,0.5789473684210527,0.8710304601425793,16.0,1344.0
-1.1330407857894897,0.5789473684210527,0.8716785482825664,16.0,1345.0
-1.1347328424453735,0.5789473684210527,0.8723266364225535,16.0,1346.0
-1.1363554000854492,0.5789473684210527,0.8729747245625405,16.0,1347.0
-1.1365312337875366,0.5789473684210527,0.8736228127025275,16.0,1348.0
-1.138204574584961,0.5789473684210527,0.8742709008425146,16.0,1349.0
-1.1388051509857178,0.5789473684210527,0.8749189889825016,16.0,1350.0
-1.1415488719940186,0.5789473684210527,0.8755670771224887,16.0,1351.0
-1.1438109874725342,0.5789473684210527,0.8762151652624757,16.0,1352.0
-1.145987868309021,0.5789473684210527,0.8768632534024627,16.0,1353.0
-1.1461071968078613,0.5789473684210527,0.8775113415424498,16.0,1354.0
-1.1534792184829712,0.5789473684210527,0.8781594296824368,16.0,1355.0
-1.154313325881958,0.5789473684210527,0.8788075178224238,16.0,1356.0
-1.1566455364227295,0.5789473684210527,0.8794556059624109,16.0,1357.0
-1.1593806743621826,0.5789473684210527,0.880103694102398,16.0,1358.0
-1.163688063621521,0.5789473684210527,0.8807517822423849,16.0,1359.0
-1.1646925210952759,0.5789473684210527,0.881399870382372,16.0,1360.0
-1.1662352085113525,0.5789473684210527,0.8820479585223591,16.0,1361.0
-1.167725682258606,0.5789473684210527,0.8826960466623461,16.0,1362.0
-1.1737627983093262,0.5789473684210527,0.8833441348023331,16.0,1363.0
-1.1741065979003906,0.5789473684210527,0.8839922229423202,16.0,1364.0
-1.1742478609085083,0.5789473684210527,0.8846403110823072,16.0,1365.0
-1.1759233474731445,0.5789473684210527,0.8852883992222942,16.0,1366.0
-1.1790345907211304,0.5789473684210527,0.8859364873622813,16.0,1367.0
-1.1799064874649048,0.5789473684210527,0.8865845755022683,16.0,1368.0
-1.1804416179656982,0.5789473684210527,0.8872326636422554,16.0,1369.0
-1.1807806491851807,0.5789473684210527,0.8878807517822424,16.0,1370.0
-1.1809465885162354,0.5789473684210527,0.8885288399222294,16.0,1371.0
-1.1819406747817993,0.5789473684210527,0.8891769280622165,16.0,1372.0
-1.1825206279754639,0.5789473684210527,0.8898250162022034,16.0,1373.0
-1.1830847263336182,0.5789473684210527,0.8904731043421905,16.0,1374.0
-1.1833285093307495,0.5789473684210527,0.8911211924821776,16.0,1375.0
-1.183469295501709,0.5789473684210527,0.8917692806221647,16.0,1376.0
-1.1848843097686768,0.5789473684210527,0.8924173687621516,16.0,1377.0
-1.187172770500183,0.5789473684210527,0.8930654569021387,16.0,1378.0
-1.1874144077301025,0.5789473684210527,0.8937135450421257,16.0,1379.0
-1.1876192092895508,0.5789473684210527,0.8943616331821128,16.0,1380.0
-1.188786268234253,0.5789473684210527,0.8950097213220998,16.0,1381.0
-1.1973730325698853,0.5789473684210527,0.8956578094620868,16.0,1382.0
-1.198608636856079,0.5789473684210527,0.8963058976020739,16.0,1383.0
-1.202215313911438,0.5789473684210527,0.8969539857420609,16.0,1384.0
-1.2022391557693481,0.5789473684210527,0.8976020738820479,16.0,1385.0
-1.2027931213378906,0.5789473684210527,0.898250162022035,16.0,1386.0
-1.2057451009750366,0.5789473684210527,0.8988982501620221,16.0,1387.0
-1.2072662115097046,0.5789473684210527,0.899546338302009,16.0,1388.0
-1.2075716257095337,0.5789473684210527,0.9001944264419961,16.0,1389.0
-1.207582950592041,0.5789473684210527,0.9008425145819832,16.0,1390.0
-1.2097842693328857,0.5789473684210527,0.9014906027219702,16.0,1391.0
-1.2125043869018555,0.5789473684210527,0.9021386908619572,16.0,1392.0
-1.2128100395202637,0.5789473684210527,0.9027867790019443,16.0,1393.0
-1.2128982543945312,0.5789473684210527,0.9034348671419313,16.0,1394.0
-1.2132362127304077,0.5789473684210527,0.9040829552819183,16.0,1395.0
-1.2170673608779907,0.5789473684210527,0.9047310434219054,16.0,1396.0
-1.2172298431396484,0.5789473684210527,0.9053791315618924,16.0,1397.0
-1.224371075630188,0.5789473684210527,0.9060272197018795,16.0,1398.0
-1.2248529195785522,0.5789473684210527,0.9066753078418665,16.0,1399.0
-1.2276244163513184,0.5789473684210527,0.9073233959818535,16.0,1400.0
-1.2306145429611206,0.5789473684210527,0.9079714841218406,16.0,1401.0
-1.232582688331604,0.5789473684210527,0.9086195722618277,16.0,1402.0
-1.2338703870773315,0.5789473684210527,0.9092676604018146,16.0,1403.0
-1.235676884651184,0.5789473684210527,0.9099157485418017,16.0,1404.0
-1.23576819896698,0.5789473684210527,0.9105638366817888,16.0,1405.0
-1.2373961210250854,0.5789473684210527,0.9112119248217757,16.0,1406.0
-1.2380262613296509,0.5789473684210527,0.9118600129617628,16.0,1407.0
-1.2392730712890625,0.5789473684210527,0.9125081011017498,16.0,1408.0
-1.2397055625915527,0.5789473684210527,0.9131561892417369,16.0,1409.0
-1.2405815124511719,0.5789473684210527,0.9138042773817239,16.0,1410.0
-1.2422704696655273,0.5789473684210527,0.9144523655217109,16.0,1411.0
-1.2423408031463623,0.5789473684210527,0.915100453661698,16.0,1412.0
-1.2460981607437134,0.5789473684210527,0.9157485418016851,16.0,1413.0
-1.24639093875885,0.5789473684210527,0.916396629941672,16.0,1414.0
-1.250905990600586,0.5789473684210527,0.9170447180816591,16.0,1415.0
-1.2520545721054077,0.5789473684210527,0.9176928062216462,16.0,1416.0
-1.253447413444519,0.5789473684210527,0.9183408943616331,16.0,1417.0
-1.2538244724273682,0.5789473684210527,0.9189889825016202,16.0,1418.0
-1.2562758922576904,0.5789473684210527,0.9196370706416073,16.0,1419.0
-1.2571943998336792,0.5789473684210527,0.9202851587815943,16.0,1420.0
-1.2596076726913452,0.5789473684210527,0.9209332469215813,16.0,1421.0
-1.2600716352462769,0.5789473684210527,0.9215813350615684,16.0,1422.0
-1.2612855434417725,0.5789473684210527,0.9222294232015554,16.0,1423.0
-1.2631183862686157,0.5789473684210527,0.9228775113415425,16.0,1424.0
-1.2632826566696167,0.5789473684210527,0.9235255994815295,16.0,1425.0
-1.2642076015472412,0.5789473684210527,0.9241736876215165,16.0,1426.0
-1.2648528814315796,0.5789473684210527,0.9248217757615036,16.0,1427.0
-1.2665740251541138,0.5789473684210527,0.9254698639014906,16.0,1428.0
-1.267289400100708,0.5789473684210527,0.9261179520414776,16.0,1429.0
-1.2686946392059326,0.5789473684210527,0.9267660401814647,16.0,1430.0
-1.2693431377410889,0.5789473684210527,0.9274141283214518,16.0,1431.0
-1.2699660062789917,0.5789473684210527,0.9280622164614387,16.0,1432.0
-1.273706078529358,0.5789473684210527,0.9287103046014258,16.0,1433.0
-1.273992657661438,0.5789473684210527,0.9293583927414129,16.0,1434.0
-1.274495244026184,0.5789473684210527,0.9300064808813999,16.0,1435.0
-1.2777155637741089,0.5789473684210527,0.9306545690213869,16.0,1436.0
-1.2782236337661743,0.5789473684210527,0.931302657161374,16.0,1437.0
-1.2849873304367065,0.5789473684210527,0.931950745301361,16.0,1438.0
-1.2956922054290771,0.5789473684210527,0.932598833441348,16.0,1439.0
-1.305057406425476,0.5789473684210527,0.933246921581335,16.0,1440.0
-1.308099627494812,0.5789473684210527,0.9338950097213221,16.0,1441.0
-1.3140547275543213,0.5789473684210527,0.9345430978613092,16.0,1442.0
-1.3169491291046143,0.5789473684210527,0.9351911860012961,16.0,1443.0
-1.3172835111618042,0.5789473684210527,0.9358392741412832,16.0,1444.0
-1.3259514570236206,0.5789473684210527,0.9364873622812703,16.0,1445.0
-1.326025128364563,0.5789473684210527,0.9371354504212573,16.0,1446.0
-1.327253818511963,0.5789473684210527,0.9377835385612443,16.0,1447.0
-1.3344683647155762,0.5789473684210527,0.9384316267012314,16.0,1448.0
-1.3368779420852661,0.5789473684210527,0.9390797148412184,16.0,1449.0
-1.3413149118423462,0.5789473684210527,0.9397278029812054,16.0,1450.0
-1.3443174362182617,0.5789473684210527,0.9403758911211925,16.0,1451.0
-1.3448882102966309,0.5789473684210527,0.9410239792611795,16.0,1452.0
-1.3513544797897339,0.5789473684210527,0.9416720674011666,16.0,1453.0
-1.3557161092758179,0.5789473684210527,0.9423201555411536,16.0,1454.0
-1.3620586395263672,0.5789473684210527,0.9429682436811406,16.0,1455.0
-1.368814468383789,0.5789473684210527,0.9436163318211277,16.0,1456.0
-1.38063383102417,0.5789473684210527,0.9442644199611148,16.0,1457.0
-1.3908957242965698,0.5789473684210527,0.9449125081011017,16.0,1458.0
-1.3924814462661743,0.5789473684210527,0.9455605962410888,16.0,1459.0
-1.3951908349990845,0.5789473684210527,0.9462086843810759,16.0,1460.0
-1.3978583812713623,0.5789473684210527,0.9468567725210628,16.0,1461.0
-1.43312406539917,0.5789473684210527,0.9475048606610499,16.0,1462.0
-1.435088038444519,0.5789473684210527,0.948152948801037,16.0,1463.0
-1.4399665594100952,0.5789473684210527,0.948801036941024,16.0,1464.0
-1.4411702156066895,0.5789473684210527,0.949449125081011,16.0,1465.0
-1.45029878616333,0.5789473684210527,0.950097213220998,16.0,1466.0
-1.4571255445480347,0.5789473684210527,0.9507453013609851,16.0,1467.0
-1.4589831829071045,0.5789473684210527,0.9513933895009722,16.0,1468.0
-1.4635874032974243,0.5789473684210527,0.9520414776409591,16.0,1469.0
-1.4686577320098877,0.5789473684210527,0.9526895657809462,16.0,1470.0
-1.4747852087020874,0.5789473684210527,0.9533376539209333,16.0,1471.0
-1.4770855903625488,0.5789473684210527,0.9539857420609202,16.0,1472.0
-1.4783855676651,0.5789473684210527,0.9546338302009073,16.0,1473.0
-1.4874887466430664,0.5789473684210527,0.9552819183408944,16.0,1474.0
-1.4884244203567505,0.5789473684210527,0.9559300064808814,16.0,1475.0
-1.490348219871521,0.5789473684210527,0.9565780946208684,16.0,1476.0
-1.4934900999069214,0.5789473684210527,0.9572261827608555,16.0,1477.0
-1.4939457178115845,0.5789473684210527,0.9578742709008425,16.0,1478.0
-1.5161430835723877,0.5789473684210527,0.9585223590408296,16.0,1479.0
-1.516758680343628,0.5789473684210527,0.9591704471808166,16.0,1480.0
-1.5212806463241577,0.5789473684210527,0.9598185353208036,16.0,1481.0
-1.5223881006240845,0.5789473684210527,0.9604666234607907,16.0,1482.0
-1.5258923768997192,0.5789473684210527,0.9611147116007777,16.0,1483.0
-1.5278922319412231,0.5789473684210527,0.9617627997407647,16.0,1484.0
-1.532500982284546,0.5789473684210527,0.9624108878807518,16.0,1485.0
-1.5393096208572388,0.5789473684210527,0.9630589760207389,16.0,1486.0
-1.5432465076446533,0.5789473684210527,0.9637070641607258,16.0,1487.0
-1.5512115955352783,0.5789473684210527,0.9643551523007129,16.0,1488.0
-1.5564603805541992,0.5789473684210527,0.9650032404407,16.0,1489.0
-1.5722931623458862,0.5789473684210527,0.9656513285806869,16.0,1490.0
-1.586270809173584,0.5789473684210527,0.966299416720674,16.0,1491.0
-1.592663049697876,0.5789473684210527,0.9669475048606611,16.0,1492.0
-1.5960606336593628,0.5789473684210527,0.9675955930006481,16.0,1493.0
-1.598546028137207,0.5789473684210527,0.9682436811406351,16.0,1494.0
-1.614527940750122,0.5789473684210527,0.9688917692806222,16.0,1495.0
-1.6158126592636108,0.5789473684210527,0.9695398574206092,16.0,1496.0
-1.6302334070205688,0.5789473684210527,0.9701879455605963,16.0,1497.0
-1.678719162940979,0.5789473684210527,0.9708360337005832,16.0,1498.0
-1.6824465990066528,0.5789473684210527,0.9714841218405703,16.0,1499.0
-1.6845451593399048,0.5789473684210527,0.9721322099805574,16.0,1500.0
-1.6990288496017456,0.5789473684210527,0.9727802981205443,16.0,1501.0
-1.701920747756958,0.5789473684210527,0.9734283862605314,16.0,1502.0
-1.7119033336639404,0.5789473684210527,0.9740764744005185,16.0,1503.0
-1.7156697511672974,0.5789473684210527,0.9747245625405055,16.0,1504.0
-1.7285690307617188,0.5789473684210527,0.9753726506804925,16.0,1505.0
-1.732648491859436,0.5789473684210527,0.9760207388204796,16.0,1506.0
-1.741776466369629,0.5789473684210527,0.9766688269604666,16.0,1507.0
-1.746273159980774,0.5789473684210527,0.9773169151004537,16.0,1508.0
-1.7656149864196777,0.5789473684210527,0.9779650032404407,16.0,1509.0
-1.7687923908233643,0.5789473684210527,0.9786130913804277,16.0,1510.0
-1.7802475690841675,0.5789473684210527,0.9792611795204148,16.0,1511.0
-1.791524887084961,0.5789473684210527,0.9799092676604018,16.0,1512.0
-1.8372893333435059,0.5789473684210527,0.9805573558003888,16.0,1513.0
-1.8475853204727173,0.5789473684210527,0.9812054439403759,16.0,1514.0
-1.8793545961380005,0.5789473684210527,0.981853532080363,16.0,1515.0
-1.8865203857421875,0.5789473684210527,0.9825016202203499,16.0,1516.0
-1.9234760999679565,0.5789473684210527,0.983149708360337,16.0,1517.0
-1.9616804122924805,0.5789473684210527,0.9837977965003241,16.0,1518.0
-1.9802734851837158,0.5789473684210527,0.9844458846403111,16.0,1519.0
-2.0088584423065186,0.5789473684210527,0.9850939727802981,16.0,1520.0
-2.033457040786743,0.5789473684210527,0.9857420609202852,16.0,1521.0
-2.04368257522583,0.5789473684210527,0.9863901490602722,16.0,1522.0
-2.058469533920288,0.5789473684210527,0.9870382372002592,16.0,1523.0
-2.0697989463806152,0.5789473684210527,0.9876863253402463,16.0,1524.0
-2.1066508293151855,0.5789473684210527,0.9883344134802333,16.0,1525.0
-2.197307825088501,0.5789473684210527,0.9889825016202204,16.0,1526.0
-2.206592082977295,0.5789473684210527,0.9896305897602073,16.0,1527.0
