score_threshold,miss_rate,FPPW,TP,FP
2.071913957595825,0.9736842105263158,0.0,1.0,0.0
1.7585886716842651,0.9473684210526316,0.0006480881399870382,2.0,1.0
1.6445399522781372,0.9210526315789473,0.0012961762799740765,3.0,2.0
1.5958033800125122,0.9210526315789473,0.0019442644199611147,3.0,3.0
1.5305761098861694,0.9210526315789473,0.002592352559948153,3.0,4.0
1.5000152587890625,0.9210526315789473,0.0032404406999351912,3.0,5.0
1.4509809017181396,0.9210526315789473,0.0038885288399222295,3.0,6.0
1.3756632804870605,0.9210526315789473,0.004536616979909268,3.0,7.0
1.355513572692871,0.8947368421052632,0.005184705119896306,4.0,8.0
1.322550654411316,0.8947368421052632,0.005832793259883344,4.0,9.0
1.2981425523757935,0.8947368421052632,0.0064808813998703824,4.0,10.0
1.2555581331253052,0.8947368421052632,0.007128969539857421,4.0,11.0
1.245768666267395,0.8947368421052632,0.007777057679844459,4.0,12.0
1.2166252136230469,0.8947368421052632,0.008425145819831496,4.0,13.0
1.1950461864471436,0.8947368421052632,0.009073233959818535,4.0,14.0
1.1821939945220947,0.8947368421052632,0.009721322099805573,4.0,15.0
1.1814782619476318,0.8947368421052632,0.010369410239792612,4.0,16.0
1.1806949377059937,0.8947368421052632,0.01101749837977965,4.0,17.0
1.1699856519699097,0.8947368421052632,0.011665586519766688,4.0,18.0
1.1661887168884277,0.8947368421052632,0.012313674659753726,4.0,19.0
1.1612968444824219,0.8947368421052632,0.012961762799740765,4.0,20.0
1.159317970275879,0.8947368421052632,0.013609850939727802,4.0,21.0
1.1536951065063477,0.8947368421052632,0.014257939079714841,4.0,22.0
1.151085376739502,0.8947368421052632,0.014906027219701879,4.0,23.0
1.1429164409637451,0.8947368421052632,0.015554115359688918,4.0,24.0
1.1328668594360352,0.8947368421052632,0.016202203499675955,4.0,25.0
1.1254591941833496,0.8947368421052632,0.016850291639662993,4.0,26.0
1.1253162622451782,0.8947368421052632,0.017498379779650033,4.0,27.0
1.1240921020507812,0.8947368421052632,0.01814646791963707,4.0,28.0
1.1233173608779907,0.8947368421052632,0.018794556059624108,4.0,29.0
1.1049374341964722,0.8947368421052632,0.019442644199611146,4.0,30.0
1.101507544517517,0.8947368421052632,0.020090732339598186,4.0,31.0
1.101178526878357,0.8947368421052632,0.020738820479585224,4.0,32.0
1.0950011014938354,0.8947368421052632,0.02138690861957226,4.0,33.0
1.089269757270813,0.8947368421052632,0.0220349967595593,4.0,34.0
1.0830507278442383,0.8947368421052632,0.02268308489954634,4.0,35.0
1.0817545652389526,0.8947368421052632,0.023331173039533377,4.0,36.0
1.073007345199585,0.8947368421052632,0.023979261179520414,4.0,37.0
1.0675519704818726,0.8947368421052632,0.02462734931950745,4.0,38.0
1.0652220249176025,0.8947368421052632,0.025275437459494492,4.0,39.0
1.0564045906066895,0.8947368421052632,0.02592352559948153,4.0,40.0
1.0548633337020874,0.8947368421052632,0.026571613739468567,4.0,41.0
1.0505670309066772,0.8947368421052632,0.027219701879455604,4.0,42.0
1.0470082759857178,0.8947368421052632,0.027867790019442645,4.0,43.0
1.0464495420455933,0.8947368421052632,0.028515878159429683,4.0,44.0
1.0451557636260986,0.8947368421052632,0.02916396629941672,4.0,45.0
1.0369776487350464,0.8947368421052632,0.029812054439403757,4.0,46.0
1.0306423902511597,0.868421052631579,0.0304601425793908,5.0,47.0
1.030153751373291,0.868421052631579,0.031108230719377836,5.0,48.0
1.0145729780197144,0.8421052631578947,0.031756318859364877,6.0,49.0
1.0136009454727173,0.8421052631578947,0.03240440699935191,6.0,50.0
1.003353238105774,0.8421052631578947,0.03305249513933895,6.0,51.0
1.0027034282684326,0.8421052631578947,0.033700583279325985,6.0,52.0
0.9768012166023254,0.8157894736842105,0.034348671419313026,7.0,53.0
0.9746443033218384,0.8157894736842105,0.03499675955930007,7.0,54.0
0.9650750756263733,0.8157894736842105,0.0356448476992871,7.0,55.0
0.9634408950805664,0.8157894736842105,0.03629293583927414,7.0,56.0
0.9633944034576416,0.8157894736842105,0.03694102397926118,7.0,57.0
0.96086585521698,0.8157894736842105,0.037589112119248216,7.0,58.0
0.9601388573646545,0.8157894736842105,0.03823720025923526,7.0,59.0
0.9570317268371582,0.8157894736842105,0.03888528839922229,7.0,60.0
0.9400551319122314,0.8157894736842105,0.03953337653920933,7.0,61.0
0.9193505048751831,0.8157894736842105,0.04018146467919637,7.0,62.0
0.9116616249084473,0.8157894736842105,0.04082955281918341,7.0,63.0
0.8973724842071533,0.8157894736842105,0.04147764095917045,7.0,64.0
0.8883885741233826,0.8157894736842105,0.04212572909915749,7.0,65.0
0.8871150016784668,0.8157894736842105,0.04277381723914452,7.0,66.0
0.8779786229133606,0.8157894736842105,0.04342190537913156,7.0,67.0
0.8666465282440186,0.8157894736842105,0.0440699935191186,7.0,68.0
0.8558619618415833,0.8157894736842105,0.04471808165910564,7.0,69.0
0.8528873324394226,0.8157894736842105,0.04536616979909268,7.0,70.0
0.8482347726821899,0.8157894736842105,0.04601425793907971,7.0,71.0
0.8465405106544495,0.8157894736842105,0.046662346079066754,7.0,72.0
0.8446692824363708,0.8157894736842105,0.047310434219053794,7.0,73.0
0.8380200862884521,0.8157894736842105,0.04795852235904083,7.0,74.0
0.8273544907569885,0.8157894736842105,0.04860661049902787,7.0,75.0
0.8266918063163757,0.8157894736842105,0.0492546986390149,7.0,76.0
0.815238893032074,0.8157894736842105,0.049902786779001944,7.0,77.0
0.8126609325408936,0.8157894736842105,0.050550874918988985,7.0,78.0
0.8083734512329102,0.8157894736842105,0.05119896305897602,7.0,79.0
0.8081429600715637,0.8157894736842105,0.05184705119896306,7.0,80.0
0.8063473701477051,0.8157894736842105,0.0524951393389501,7.0,81.0
0.8004143238067627,0.8157894736842105,0.053143227478937134,7.0,82.0
0.7983862161636353,0.8157894736842105,0.053791315618924175,7.0,83.0
0.796848714351654,0.8157894736842105,0.05443940375891121,7.0,84.0
0.7925744652748108,0.7894736842105263,0.05508749189889825,8.0,85.0
0.7921136021614075,0.7894736842105263,0.05573558003888529,8.0,86.0
0.7880738973617554,0.7894736842105263,0.056383668178872325,8.0,87.0
0.7834887504577637,0.7894736842105263,0.057031756318859365,8.0,88.0
0.7832156419754028,0.7894736842105263,0.057679844458846406,8.0,89.0
0.7807039022445679,0.7894736842105263,0.05832793259883344,8.0,90.0
0.7806294560432434,0.7894736842105263,0.05897602073882048,8.0,91.0
0.7732884287834167,0.7894736842105263,0.059624108878807515,8.0,92.0
0.7706508636474609,0.7894736842105263,0.060272197018794556,8.0,93.0
0.7692761421203613,0.7894736842105263,0.0609202851587816,8.0,94.0
0.7643789052963257,0.7894736842105263,0.06156837329876863,8.0,95.0
0.7628882527351379,0.7894736842105263,0.06221646143875567,8.0,96.0
0.7592399716377258,0.7894736842105263,0.06286454957874271,8.0,97.0
0.7569685578346252,0.7894736842105263,0.06351263771872975,8.0,98.0
0.7567286491394043,0.7894736842105263,0.06416072585871678,8.0,99.0
0.7481975555419922,0.7894736842105263,0.06480881399870382,8.0,100.0
0.7470390796661377,0.7894736842105263,0.06545690213869086,8.0,101.0
0.7434342503547668,0.7894736842105263,0.0661049902786779,8.0,102.0
0.7417095899581909,0.7894736842105263,0.06675307841866494,8.0,103.0
0.740044116973877,0.7894736842105263,0.06740116655865197,8.0,104.0
0.7386260628700256,0.7894736842105263,0.06804925469863901,8.0,105.0
0.7373911738395691,0.7894736842105263,0.06869734283862605,8.0,106.0
0.7328049540519714,0.7894736842105263,0.06934543097861309,8.0,107.0
0.7260758280754089,0.7894736842105263,0.06999351911860013,8.0,108.0
0.7229161262512207,0.7894736842105263,0.07064160725858717,8.0,109.0
0.7215189337730408,0.7894736842105263,0.0712896953985742,8.0,110.0
0.720133364200592,0.7894736842105263,0.07193778353856124,8.0,111.0
0.719068169593811,0.7894736842105263,0.07258587167854828,8.0,112.0
0.7157198190689087,0.7894736842105263,0.07323395981853532,8.0,113.0
0.7129669785499573,0.7894736842105263,0.07388204795852236,8.0,114.0
0.6922590732574463,0.7894736842105263,0.07453013609850939,8.0,115.0
0.690636932849884,0.7894736842105263,0.07517822423849643,8.0,116.0
0.6885244846343994,0.7894736842105263,0.07582631237848347,8.0,117.0
0.6881720423698425,0.7894736842105263,0.07647440051847051,8.0,118.0
0.6874613165855408,0.7894736842105263,0.07712248865845756,8.0,119.0
0.6860724091529846,0.7894736842105263,0.07777057679844458,8.0,120.0
0.684191107749939,0.7631578947368421,0.07841866493843162,9.0,121.0
0.6818781495094299,0.7631578947368421,0.07906675307841866,9.0,122.0
0.6818041801452637,0.7631578947368421,0.0797148412184057,9.0,123.0
0.6794586181640625,0.7631578947368421,0.08036292935839275,9.0,124.0
0.672770082950592,0.7631578947368421,0.08101101749837979,9.0,125.0
0.6657528281211853,0.7631578947368421,0.08165910563836681,9.0,126.0
0.6558293104171753,0.7631578947368421,0.08230719377835385,9.0,127.0
0.6557192802429199,0.7631578947368421,0.0829552819183409,9.0,128.0
0.6540459990501404,0.7631578947368421,0.08360337005832794,9.0,129.0
0.6519894599914551,0.7631578947368421,0.08425145819831498,9.0,130.0
0.648960530757904,0.7631578947368421,0.084899546338302,9.0,131.0
0.646600067615509,0.7631578947368421,0.08554763447828904,9.0,132.0
0.643803596496582,0.7631578947368421,0.08619572261827609,9.0,133.0
0.6412445306777954,0.7631578947368421,0.08684381075826313,9.0,134.0
0.6407245993614197,0.7631578947368421,0.08749189889825017,9.0,135.0
0.6369752883911133,0.7631578947368421,0.0881399870382372,9.0,136.0
0.6349339485168457,0.7631578947368421,0.08878807517822424,9.0,137.0
0.634260356426239,0.7631578947368421,0.08943616331821128,9.0,138.0
0.6336373090744019,0.7631578947368421,0.09008425145819832,9.0,139.0
0.633311927318573,0.7631578947368421,0.09073233959818536,9.0,140.0
0.629845917224884,0.7631578947368421,0.09138042773817238,9.0,141.0
0.6224401593208313,0.7631578947368421,0.09202851587815943,9.0,142.0
0.6211451292037964,0.7631578947368421,0.09267660401814647,9.0,143.0
0.619340717792511,0.7631578947368421,0.09332469215813351,9.0,144.0
0.6165527701377869,0.7631578947368421,0.09397278029812055,9.0,145.0
0.6163913011550903,0.7631578947368421,0.09462086843810759,9.0,146.0
0.6128278374671936,0.7631578947368421,0.09526895657809462,9.0,147.0
0.6127761006355286,0.7631578947368421,0.09591704471808166,9.0,148.0
0.6118070483207703,0.7631578947368421,0.0965651328580687,9.0,149.0
0.6100797653198242,0.7631578947368421,0.09721322099805574,9.0,150.0
0.6097937822341919,0.7631578947368421,0.09786130913804278,9.0,151.0
0.6023843884468079,0.7631578947368421,0.0985093972780298,9.0,152.0
0.5935155749320984,0.7631578947368421,0.09915748541801685,9.0,153.0
0.5933163166046143,0.7631578947368421,0.09980557355800389,9.0,154.0
0.5878287553787231,0.7631578947368421,0.10045366169799093,9.0,155.0
0.5874041318893433,0.7631578947368421,0.10110174983797797,9.0,156.0
0.5845679044723511,0.7631578947368421,0.101749837977965,9.0,157.0
0.5808961987495422,0.7631578947368421,0.10239792611795204,9.0,158.0
0.5800848603248596,0.7631578947368421,0.10304601425793908,9.0,159.0
0.5788314938545227,0.7631578947368421,0.10369410239792612,9.0,160.0
0.5784478783607483,0.7631578947368421,0.10434219053791316,9.0,161.0
0.5771873593330383,0.7631578947368421,0.1049902786779002,9.0,162.0
0.5750062465667725,0.7631578947368421,0.10563836681788723,9.0,163.0
0.5728457570075989,0.7631578947368421,0.10628645495787427,9.0,164.0
0.5700498819351196,0.7631578947368421,0.10693454309786131,9.0,165.0
0.5695539116859436,0.7631578947368421,0.10758263123784835,9.0,166.0
0.5691853761672974,0.7631578947368421,0.10823071937783539,9.0,167.0
0.5670234560966492,0.7631578947368421,0.10887880751782242,9.0,168.0
0.5664079785346985,0.7631578947368421,0.10952689565780946,9.0,169.0
0.5644010305404663,0.7631578947368421,0.1101749837977965,9.0,170.0
0.5642471313476562,0.7631578947368421,0.11082307193778354,9.0,171.0
0.5631306171417236,0.7631578947368421,0.11147116007777058,9.0,172.0
0.5620872974395752,0.7631578947368421,0.11211924821775761,9.0,173.0
0.5592801570892334,0.7631578947368421,0.11276733635774465,9.0,174.0
0.5548079609870911,0.7631578947368421,0.11341542449773169,9.0,175.0
0.553495466709137,0.7631578947368421,0.11406351263771873,9.0,176.0
0.5531069040298462,0.7631578947368421,0.11471160077770577,9.0,177.0
0.5525044798851013,0.7631578947368421,0.11535968891769281,9.0,178.0
0.5498954653739929,0.7631578947368421,0.11600777705767984,9.0,179.0
0.5486368536949158,0.7631578947368421,0.11665586519766688,9.0,180.0
0.5472646951675415,0.7631578947368421,0.11730395333765392,9.0,181.0
0.5449880361557007,0.7631578947368421,0.11795204147764096,9.0,182.0
0.5448228120803833,0.7631578947368421,0.118600129617628,9.0,183.0
0.5440874099731445,0.7631578947368421,0.11924821775761503,9.0,184.0
0.5433196425437927,0.7631578947368421,0.11989630589760207,9.0,185.0
0.5378259420394897,0.7631578947368421,0.12054439403758911,9.0,186.0
0.5376067757606506,0.7631578947368421,0.12119248217757615,9.0,187.0
0.5373802185058594,0.7631578947368421,0.1218405703175632,9.0,188.0
0.5363740921020508,0.7631578947368421,0.12248865845755022,9.0,189.0
0.5290834307670593,0.7631578947368421,0.12313674659753726,9.0,190.0
0.5283246040344238,0.7631578947368421,0.1237848347375243,9.0,191.0
0.5240777134895325,0.7631578947368421,0.12443292287751134,9.0,192.0
0.522803544998169,0.7631578947368421,0.12508101101749838,9.0,193.0
0.5218754410743713,0.7631578947368421,0.12572909915748542,9.0,194.0
0.5140697360038757,0.7631578947368421,0.12637718729747247,9.0,195.0
0.5113973617553711,0.7631578947368421,0.1270252754374595,9.0,196.0
0.5111868977546692,0.7631578947368421,0.12767336357744652,9.0,197.0
0.5108781456947327,0.7631578947368421,0.12832145171743356,9.0,198.0
0.5092927813529968,0.7631578947368421,0.1289695398574206,9.0,199.0
0.5089658498764038,0.7631578947368421,0.12961762799740764,9.0,200.0
0.5043687224388123,0.7631578947368421,0.13026571613739468,9.0,201.0
0.5010221600532532,0.7631578947368421,0.13091380427738172,9.0,202.0
0.5008472204208374,0.7631578947368421,0.13156189241736876,9.0,203.0
0.49895811080932617,0.7631578947368421,0.1322099805573558,9.0,204.0
0.49873512983322144,0.7631578947368421,0.13285806869734285,9.0,205.0
0.4974004328250885,0.7631578947368421,0.1335061568373299,9.0,206.0
0.49714013934135437,0.7631578947368421,0.13415424497731693,9.0,207.0
0.4963694214820862,0.7631578947368421,0.13480233311730394,9.0,208.0
0.4958850145339966,0.7631578947368421,0.13545042125729098,9.0,209.0
0.4947696328163147,0.7631578947368421,0.13609850939727802,9.0,210.0
0.4926345646381378,0.7631578947368421,0.13674659753726506,9.0,211.0
0.4919740557670593,0.7631578947368421,0.1373946856772521,9.0,212.0
0.48590371012687683,0.7631578947368421,0.13804277381723914,9.0,213.0
0.48502564430236816,0.7631578947368421,0.13869086195722619,9.0,214.0
0.48455628752708435,0.7631578947368421,0.13933895009721323,9.0,215.0
0.4830738604068756,0.7631578947368421,0.13998703823720027,9.0,216.0
0.48297205567359924,0.7631578947368421,0.1406351263771873,9.0,217.0
0.48249608278274536,0.7631578947368421,0.14128321451717435,9.0,218.0
0.4818808138370514,0.7631578947368421,0.14193130265716136,9.0,219.0
0.4813627600669861,0.7631578947368421,0.1425793907971484,9.0,220.0
0.47682809829711914,0.7631578947368421,0.14322747893713544,9.0,221.0
0.474976509809494,0.7631578947368421,0.14387556707712248,9.0,222.0
0.4713849723339081,0.7631578947368421,0.14452365521710953,9.0,223.0
0.46962323784828186,0.7631578947368421,0.14517174335709657,9.0,224.0
0.4670478403568268,0.7631578947368421,0.1458198314970836,9.0,225.0
0.4661251902580261,0.7631578947368421,0.14646791963707065,9.0,226.0
0.465609610080719,0.7631578947368421,0.1471160077770577,9.0,227.0
0.46306169033050537,0.7631578947368421,0.14776409591704473,9.0,228.0
0.46161511540412903,0.7631578947368421,0.14841218405703174,9.0,229.0
0.4604552090167999,0.7631578947368421,0.14906027219701878,9.0,230.0
0.4588226079940796,0.7631578947368421,0.14970836033700582,9.0,231.0
0.4579413831233978,0.7631578947368421,0.15035644847699287,9.0,232.0
0.457854300737381,0.7631578947368421,0.1510045366169799,9.0,233.0
0.4576173424720764,0.7631578947368421,0.15165262475696695,9.0,234.0
0.45589444041252136,0.7631578947368421,0.152300712896954,9.0,235.0
0.4542313516139984,0.7631578947368421,0.15294880103694103,9.0,236.0
0.4533933997154236,0.7631578947368421,0.15359688917692807,9.0,237.0
0.44705691933631897,0.7631578947368421,0.1542449773169151,9.0,238.0
0.4437819719314575,0.7631578947368421,0.15489306545690215,9.0,239.0
0.4416584372520447,0.7631578947368421,0.15554115359688916,9.0,240.0
0.44127461314201355,0.7631578947368421,0.1561892417368762,9.0,241.0
0.4410092830657959,0.7631578947368421,0.15683732987686325,9.0,242.0
0.44070762395858765,0.7631578947368421,0.1574854180168503,9.0,243.0
0.43610748648643494,0.7631578947368421,0.15813350615683733,9.0,244.0
0.4348932206630707,0.7631578947368421,0.15878159429682437,9.0,245.0
0.4348447322845459,0.7631578947368421,0.1594296824368114,9.0,246.0
0.4344826340675354,0.7631578947368421,0.16007777057679845,9.0,247.0
0.4333452582359314,0.7631578947368421,0.1607258587167855,9.0,248.0
0.4281982183456421,0.7631578947368421,0.16137394685677253,9.0,249.0
0.42500147223472595,0.736842105263158,0.16202203499675957,10.0,250.0
0.42230504751205444,0.736842105263158,0.16267012313674659,10.0,251.0
0.4101603925228119,0.736842105263158,0.16331821127673363,10.0,252.0
0.4058046042919159,0.736842105263158,0.16396629941672067,10.0,253.0
0.4029669463634491,0.736842105263158,0.1646143875567077,10.0,254.0
0.3956778943538666,0.7105263157894737,0.16526247569669475,11.0,255.0
0.39372092485427856,0.6842105263157895,0.1659105638366818,12.0,256.0
0.3925716280937195,0.6842105263157895,0.16655865197666883,12.0,257.0
0.3903895914554596,0.6842105263157895,0.16720674011665587,12.0,258.0
0.3896915018558502,0.6842105263157895,0.1678548282566429,12.0,259.0
0.3890339434146881,0.6842105263157895,0.16850291639662995,12.0,260.0
0.38885778188705444,0.6842105263157895,0.16915100453661697,12.0,261.0
0.38865330815315247,0.6842105263157895,0.169799092676604,12.0,262.0
0.3882540166378021,0.6842105263157895,0.17044718081659105,12.0,263.0
0.38721323013305664,0.6842105263157895,0.1710952689565781,12.0,264.0
0.38495269417762756,0.6842105263157895,0.17174335709656513,12.0,265.0
0.38312646746635437,0.6842105263157895,0.17239144523655217,12.0,266.0
0.38282662630081177,0.6842105263157895,0.1730395333765392,12.0,267.0
0.3812471628189087,0.6842105263157895,0.17368762151652625,12.0,268.0
0.37876009941101074,0.6842105263157895,0.1743357096565133,12.0,269.0
0.37552130222320557,0.6842105263157895,0.17498379779650033,12.0,270.0
0.3728356659412384,0.6842105263157895,0.17563188593648738,12.0,271.0
0.3727843761444092,0.6842105263157895,0.1762799740764744,12.0,272.0
0.37063950300216675,0.6842105263157895,0.17692806221646143,12.0,273.0
0.3700238764286041,0.6842105263157895,0.17757615035644847,12.0,274.0
0.36882513761520386,0.6842105263157895,0.1782242384964355,12.0,275.0
0.36834943294525146,0.6842105263157895,0.17887232663642255,12.0,276.0
0.36643552780151367,0.6842105263157895,0.1795204147764096,12.0,277.0
0.3656903803348541,0.6842105263157895,0.18016850291639663,12.0,278.0
0.3654402196407318,0.6842105263157895,0.18081659105638367,12.0,279.0
0.36325448751449585,0.6842105263157895,0.18146467919637072,12.0,280.0
0.3595981001853943,0.6842105263157895,0.18211276733635776,12.0,281.0
0.35808420181274414,0.6842105263157895,0.18276085547634477,12.0,282.0
0.3561547100543976,0.6842105263157895,0.1834089436163318,12.0,283.0
0.3560708165168762,0.6842105263157895,0.18405703175631885,12.0,284.0
0.35363882780075073,0.6842105263157895,0.1847051198963059,12.0,285.0
0.3516993224620819,0.6842105263157895,0.18535320803629293,12.0,286.0
0.3507518172264099,0.6842105263157895,0.18600129617627997,12.0,287.0
0.35001689195632935,0.6842105263157895,0.18664938431626701,12.0,288.0
0.34816795587539673,0.6842105263157895,0.18729747245625405,12.0,289.0
0.3466109335422516,0.6842105263157895,0.1879455605962411,12.0,290.0
0.3445526659488678,0.6842105263157895,0.18859364873622814,12.0,291.0
0.33906564116477966,0.6842105263157895,0.18924173687621518,12.0,292.0
0.33900338411331177,0.6842105263157895,0.1898898250162022,12.0,293.0
0.33872759342193604,0.6842105263157895,0.19053791315618923,12.0,294.0
0.3363513648509979,0.6578947368421053,0.19118600129617627,13.0,295.0
0.3352831304073334,0.6578947368421053,0.1918340894361633,13.0,296.0
0.3347226083278656,0.6578947368421053,0.19248217757615035,13.0,297.0
0.33430925011634827,0.6578947368421053,0.1931302657161374,13.0,298.0
0.33419516682624817,0.6578947368421053,0.19377835385612444,13.0,299.0
0.3294261693954468,0.6578947368421053,0.19442644199611148,13.0,300.0
0.32876279950141907,0.6578947368421053,0.19507453013609852,13.0,301.0
0.32847556471824646,0.6578947368421053,0.19572261827608556,13.0,302.0
0.32779058814048767,0.6578947368421053,0.1963707064160726,13.0,303.0
0.32596278190612793,0.6578947368421053,0.1970187945560596,13.0,304.0
0.3254010081291199,0.6578947368421053,0.19766688269604665,13.0,305.0
0.3243125379085541,0.6578947368421053,0.1983149708360337,13.0,306.0
0.31974777579307556,0.6578947368421053,0.19896305897602073,13.0,307.0
0.3137553036212921,0.6578947368421053,0.19961114711600778,13.0,308.0
0.3135066330432892,0.6578947368421053,0.20025923525599482,13.0,309.0
0.3124277591705322,0.6578947368421053,0.20090732339598186,13.0,310.0
0.3105831444263458,0.6578947368421053,0.2015554115359689,13.0,311.0
0.30968520045280457,0.6578947368421053,0.20220349967595594,13.0,312.0
0.30692964792251587,0.6578947368421053,0.20285158781594298,13.0,313.0
0.3051486611366272,0.6578947368421053,0.20349967595593,13.0,314.0
0.3051103353500366,0.6578947368421053,0.20414776409591703,13.0,315.0
0.30464982986450195,0.6578947368421053,0.20479585223590407,13.0,316.0
0.3039819002151489,0.6578947368421053,0.20544394037589112,13.0,317.0
0.29719793796539307,0.6578947368421053,0.20609202851587816,13.0,318.0
0.2952024042606354,0.631578947368421,0.2067401166558652,14.0,319.0
0.29190877079963684,0.631578947368421,0.20738820479585224,14.0,320.0
0.29079189896583557,0.631578947368421,0.20803629293583928,14.0,321.0
0.28777366876602173,0.631578947368421,0.20868438107582632,14.0,322.0
0.28692808747291565,0.631578947368421,0.20933246921581336,14.0,323.0
0.2867123484611511,0.631578947368421,0.2099805573558004,14.0,324.0
0.28504857420921326,0.631578947368421,0.21062864549578741,14.0,325.0
0.28285232186317444,0.631578947368421,0.21127673363577446,14.0,326.0
0.28027498722076416,0.631578947368421,0.2119248217757615,14.0,327.0
0.2799223065376282,0.631578947368421,0.21257290991574854,14.0,328.0
0.2795410752296448,0.631578947368421,0.21322099805573558,14.0,329.0
0.2781694233417511,0.631578947368421,0.21386908619572262,14.0,330.0
0.27809059619903564,0.631578947368421,0.21451717433570966,14.0,331.0
0.27709680795669556,0.631578947368421,0.2151652624756967,14.0,332.0
0.2766681909561157,0.631578947368421,0.21581335061568374,14.0,333.0
0.2758541405200958,0.631578947368421,0.21646143875567078,14.0,334.0
0.27412769198417664,0.631578947368421,0.21710952689565782,14.0,335.0
0.27181708812713623,0.631578947368421,0.21775761503564484,14.0,336.0
0.26903146505355835,0.631578947368421,0.21840570317563188,14.0,337.0
0.26881393790245056,0.631578947368421,0.21905379131561892,14.0,338.0
0.26829993724823,0.631578947368421,0.21970187945560596,14.0,339.0
0.26631656289100647,0.631578947368421,0.220349967595593,14.0,340.0
0.2657783329486847,0.631578947368421,0.22099805573558004,14.0,341.0
0.2655491828918457,0.631578947368421,0.22164614387556708,14.0,342.0
0.26506471633911133,0.631578947368421,0.22229423201555412,14.0,343.0
0.2641895115375519,0.631578947368421,0.22294232015554116,14.0,344.0
0.26345470547676086,0.631578947368421,0.2235904082955282,14.0,345.0
0.26335498690605164,0.631578947368421,0.22423849643551522,14.0,346.0
0.2632158100605011,0.631578947368421,0.22488658457550226,14.0,347.0
0.2621474266052246,0.631578947368421,0.2255346727154893,14.0,348.0
0.26135778427124023,0.631578947368421,0.22618276085547634,14.0,349.0
0.26114436984062195,0.631578947368421,0.22683084899546338,14.0,350.0
0.26011624932289124,0.631578947368421,0.22747893713545042,14.0,351.0
0.2586424946784973,0.631578947368421,0.22812702527543746,14.0,352.0
0.2585015594959259,0.631578947368421,0.2287751134154245,14.0,353.0
0.2572160065174103,0.631578947368421,0.22942320155541154,14.0,354.0
0.256308913230896,0.631578947368421,0.23007128969539858,14.0,355.0
0.2522343099117279,0.631578947368421,0.23071937783538563,14.0,356.0
0.25133344531059265,0.631578947368421,0.23136746597537264,14.0,357.0
0.2481815218925476,0.631578947368421,0.23201555411535968,14.0,358.0
0.2463870644569397,0.631578947368421,0.23266364225534672,14.0,359.0
0.24554085731506348,0.631578947368421,0.23331173039533376,14.0,360.0
0.24301092326641083,0.631578947368421,0.2339598185353208,14.0,361.0
0.24250318109989166,0.631578947368421,0.23460790667530784,14.0,362.0
0.24087700247764587,0.631578947368421,0.23525599481529488,14.0,363.0
0.24014437198638916,0.631578947368421,0.23590408295528192,14.0,364.0
0.23972615599632263,0.631578947368421,0.23655217109526896,14.0,365.0
0.23953677713871002,0.631578947368421,0.237200259235256,14.0,366.0
0.2387874871492386,0.631578947368421,0.23784834737524305,14.0,367.0
0.23759020864963531,0.631578947368421,0.23849643551523006,14.0,368.0
0.2360009402036667,0.631578947368421,0.2391445236552171,14.0,369.0
0.2328517884016037,0.631578947368421,0.23979261179520414,14.0,370.0
0.23057138919830322,0.631578947368421,0.24044069993519118,14.0,371.0
0.23008692264556885,0.631578947368421,0.24108878807517822,14.0,372.0
0.2293020486831665,0.631578947368421,0.24173687621516526,14.0,373.0
0.22833625972270966,0.631578947368421,0.2423849643551523,14.0,374.0
0.22762753069400787,0.631578947368421,0.24303305249513935,14.0,375.0
0.2270481288433075,0.631578947368421,0.2436811406351264,14.0,376.0
0.22665292024612427,0.631578947368421,0.24432922877511343,14.0,377.0
0.22496487200260162,0.631578947368421,0.24497731691510044,14.0,378.0
0.22441183030605316,0.631578947368421,0.24562540505508748,14.0,379.0
0.22417576611042023,0.631578947368421,0.24627349319507452,14.0,380.0
0.22404766082763672,0.631578947368421,0.24692158133506156,14.0,381.0
0.22339828312397003,0.631578947368421,0.2475696694750486,14.0,382.0
0.22125039994716644,0.631578947368421,0.24821775761503564,14.0,383.0
0.22112587094306946,0.631578947368421,0.24886584575502269,14.0,384.0
0.2175803780555725,0.631578947368421,0.24951393389500973,14.0,385.0
0.2171008139848709,0.631578947368421,0.25016202203499677,14.0,386.0
0.2170051485300064,0.631578947368421,0.2508101101749838,14.0,387.0
0.21699799597263336,0.631578947368421,0.25145819831497085,14.0,388.0
0.21664315462112427,0.631578947368421,0.25210628645495786,14.0,389.0
0.21416433155536652,0.631578947368421,0.25275437459494493,14.0,390.0
0.21336133778095245,0.631578947368421,0.25340246273493194,14.0,391.0
0.21286682784557343,0.631578947368421,0.254050550874919,14.0,392.0
0.21238452196121216,0.631578947368421,0.254698639014906,14.0,393.0
0.20958085358142853,0.631578947368421,0.25534672715489304,14.0,394.0
0.20799604058265686,0.631578947368421,0.2559948152948801,14.0,395.0
0.20716485381126404,0.631578947368421,0.2566429034348671,14.0,396.0
0.2067399024963379,0.631578947368421,0.2572909915748542,14.0,397.0
0.20597195625305176,0.631578947368421,0.2579390797148412,14.0,398.0
0.20506051182746887,0.631578947368421,0.25858716785482827,14.0,399.0
0.20345133543014526,0.631578947368421,0.2592352559948153,14.0,400.0
0.20208938419818878,0.631578947368421,0.25988334413480235,14.0,401.0
0.20172274112701416,0.631578947368421,0.26053143227478937,14.0,402.0
0.19892103970050812,0.631578947368421,0.26117952041477643,14.0,403.0
0.19803522527217865,0.631578947368421,0.26182760855476345,14.0,404.0
0.19693374633789062,0.631578947368421,0.26247569669475046,14.0,405.0
0.19610419869422913,0.631578947368421,0.26312378483473753,14.0,406.0
0.19583648443222046,0.631578947368421,0.26377187297472454,14.0,407.0
0.19496595859527588,0.631578947368421,0.2644199611147116,14.0,408.0
0.1936156153678894,0.631578947368421,0.2650680492546986,14.0,409.0
0.19208630919456482,0.631578947368421,0.2657161373946857,14.0,410.0
0.19080810248851776,0.631578947368421,0.2663642255346727,14.0,411.0
0.18800939619541168,0.631578947368421,0.2670123136746598,14.0,412.0
0.18259656429290771,0.631578947368421,0.2676604018146468,14.0,413.0
0.18167193233966827,0.631578947368421,0.26830848995463386,14.0,414.0
0.18129509687423706,0.631578947368421,0.26895657809462087,14.0,415.0
0.18012268841266632,0.631578947368421,0.2696046662346079,14.0,416.0
0.17842631042003632,0.631578947368421,0.27025275437459495,14.0,417.0
0.17776642739772797,0.631578947368421,0.27090084251458196,14.0,418.0
0.17746539413928986,0.631578947368421,0.27154893065456903,14.0,419.0
0.17630641162395477,0.631578947368421,0.27219701879455604,14.0,420.0
0.1739218682050705,0.631578947368421,0.2728451069345431,14.0,421.0
0.17355278134346008,0.631578947368421,0.2734931950745301,14.0,422.0
0.17318511009216309,0.631578947368421,0.2741412832145172,14.0,423.0
0.17283712327480316,0.631578947368421,0.2747893713545042,14.0,424.0
0.172529399394989,0.631578947368421,0.2754374594944913,14.0,425.0
0.16945303976535797,0.631578947368421,0.2760855476344783,14.0,426.0
0.16886547207832336,0.631578947368421,0.2767336357744653,14.0,427.0
0.16705948114395142,0.631578947368421,0.27738172391445237,14.0,428.0
0.16492439806461334,0.631578947368421,0.2780298120544394,14.0,429.0
0.16417022049427032,0.631578947368421,0.27867790019442645,14.0,430.0
0.1630157083272934,0.631578947368421,0.27932598833441347,14.0,431.0
0.16294527053833008,0.631578947368421,0.27997407647440054,14.0,432.0
0.1605554223060608,0.631578947368421,0.28062216461438755,14.0,433.0
0.1577576994895935,0.631578947368421,0.2812702527543746,14.0,434.0
0.15730732679367065,0.631578947368421,0.28191834089436163,14.0,435.0
0.15681608021259308,0.631578947368421,0.2825664290343487,14.0,436.0
0.15653058886528015,0.631578947368421,0.2832145171743357,14.0,437.0
0.1540173888206482,0.631578947368421,0.2838626053143227,14.0,438.0
0.15158388018608093,0.631578947368421,0.2845106934543098,14.0,439.0
0.15132150053977966,0.631578947368421,0.2851587815942968,14.0,440.0
0.1509581059217453,0.631578947368421,0.2858068697342839,14.0,441.0
0.15030455589294434,0.631578947368421,0.2864549578742709,14.0,442.0
0.14947232604026794,0.631578947368421,0.28710304601425796,14.0,443.0
0.14487376809120178,0.631578947368421,0.28775113415424497,14.0,444.0
0.14324921369552612,0.631578947368421,0.28839922229423204,14.0,445.0
0.14275407791137695,0.631578947368421,0.28904731043421905,14.0,446.0
0.14246848225593567,0.631578947368421,0.28969539857420606,14.0,447.0
0.13937418162822723,0.631578947368421,0.29034348671419313,14.0,448.0
0.13870003819465637,0.6052631578947368,0.29099157485418015,15.0,449.0
0.1376776397228241,0.6052631578947368,0.2916396629941672,15.0,450.0
0.1367100179195404,0.6052631578947368,0.29228775113415423,15.0,451.0
0.1357041895389557,0.6052631578947368,0.2929358392741413,15.0,452.0
0.13480336964130402,0.6052631578947368,0.2935839274141283,15.0,453.0
0.13269716501235962,0.6052631578947368,0.2942320155541154,15.0,454.0
0.13064917922019958,0.6052631578947368,0.2948801036941024,15.0,455.0
0.12909607589244843,0.6052631578947368,0.29552819183408946,15.0,456.0
0.1281127780675888,0.6052631578947368,0.2961762799740765,15.0,457.0
0.12707030773162842,0.6052631578947368,0.2968243681140635,15.0,458.0
0.1268211454153061,0.6052631578947368,0.29747245625405055,15.0,459.0
0.12416969239711761,0.6052631578947368,0.29812054439403757,15.0,460.0
0.12271254509687424,0.6052631578947368,0.29876863253402464,15.0,461.0
0.12266287207603455,0.6052631578947368,0.29941672067401165,15.0,462.0
0.12254077196121216,0.6052631578947368,0.3000648088139987,15.0,463.0
0.1218264028429985,0.6052631578947368,0.30071289695398573,15.0,464.0
0.12081808596849442,0.6052631578947368,0.3013609850939728,15.0,465.0
0.12068590521812439,0.6052631578947368,0.3020090732339598,15.0,466.0
0.11981036514043808,0.6052631578947368,0.3026571613739469,15.0,467.0
0.11711743474006653,0.6052631578947368,0.3033052495139339,15.0,468.0
0.11665987223386765,0.6052631578947368,0.3039533376539209,15.0,469.0
0.11648670583963394,0.6052631578947368,0.304601425793908,15.0,470.0
0.11505156755447388,0.6052631578947368,0.305249513933895,15.0,471.0
0.11144605278968811,0.6052631578947368,0.30589760207388206,15.0,472.0
0.11076117306947708,0.6052631578947368,0.30654569021386907,15.0,473.0
0.10840924084186554,0.6052631578947368,0.30719377835385614,15.0,474.0
0.10816902667284012,0.6052631578947368,0.30784186649384315,15.0,475.0
0.10816435515880585,0.6052631578947368,0.3084899546338302,15.0,476.0
0.10601779073476791,0.6052631578947368,0.30913804277381723,15.0,477.0
0.10534756630659103,0.6052631578947368,0.3097861309138043,15.0,478.0
0.10497444868087769,0.6052631578947368,0.3104342190537913,15.0,479.0
0.104079470038414,0.6052631578947368,0.31108230719377833,15.0,480.0
0.10331747680902481,0.6052631578947368,0.3117303953337654,15.0,481.0
0.10299814492464066,0.6052631578947368,0.3123784834737524,15.0,482.0
0.10181566327810287,0.6052631578947368,0.3130265716137395,15.0,483.0
0.09896958619356155,0.6052631578947368,0.3136746597537265,15.0,484.0
0.09381991624832153,0.6052631578947368,0.31432274789371356,15.0,485.0
0.09380239248275757,0.6052631578947368,0.3149708360337006,15.0,486.0
0.09368700534105301,0.6052631578947368,0.31561892417368764,15.0,487.0
0.09327148646116257,0.6052631578947368,0.31626701231367466,15.0,488.0
0.09152045100927353,0.6052631578947368,0.3169151004536617,15.0,489.0
0.09103845059871674,0.6052631578947368,0.31756318859364874,15.0,490.0
0.09025869518518448,0.6052631578947368,0.31821127673363575,15.0,491.0
0.08944319933652878,0.6052631578947368,0.3188593648736228,15.0,492.0
0.08799010515213013,0.6052631578947368,0.31950745301360983,15.0,493.0
0.08756003528833389,0.6052631578947368,0.3201555411535969,15.0,494.0
0.08623042702674866,0.6052631578947368,0.3208036292935839,15.0,495.0
0.0861813947558403,0.6052631578947368,0.321451717433571,15.0,496.0
0.08616980910301208,0.6052631578947368,0.322099805573558,15.0,497.0
0.08529390394687653,0.6052631578947368,0.32274789371354506,15.0,498.0
0.08422990143299103,0.6052631578947368,0.3233959818535321,15.0,499.0
0.08269208669662476,0.6052631578947368,0.32404406999351915,15.0,500.0
0.08205699920654297,0.6052631578947368,0.32469215813350616,15.0,501.0
0.07921313494443893,0.6052631578947368,0.32534024627349317,15.0,502.0
0.07908380031585693,0.6052631578947368,0.32598833441348024,15.0,503.0
0.07705896347761154,0.6052631578947368,0.32663642255346725,15.0,504.0
0.07590579241514206,0.6052631578947368,0.3272845106934543,15.0,505.0
0.0752631202340126,0.6052631578947368,0.32793259883344134,15.0,506.0
0.07445352524518967,0.6052631578947368,0.3285806869734284,15.0,507.0
0.07384809106588364,0.6052631578947368,0.3292287751134154,15.0,508.0
0.07370170950889587,0.6052631578947368,0.3298768632534025,15.0,509.0
0.07286114990711212,0.6052631578947368,0.3305249513933895,15.0,510.0
0.07211869210004807,0.6052631578947368,0.3311730395333765,15.0,511.0
0.07188703119754791,0.6052631578947368,0.3318211276733636,15.0,512.0
0.07147391885519028,0.6052631578947368,0.3324692158133506,15.0,513.0
0.07108865678310394,0.6052631578947368,0.33311730395333766,15.0,514.0
0.06936261802911758,0.6052631578947368,0.3337653920933247,15.0,515.0
0.06822160631418228,0.6052631578947368,0.33441348023331174,15.0,516.0
0.0679631158709526,0.6052631578947368,0.33506156837329876,15.0,517.0
0.06589452177286148,0.6052631578947368,0.3357096565132858,15.0,518.0
0.06308739632368088,0.6052631578947368,0.33635774465327284,15.0,519.0
0.06276386976242065,0.6052631578947368,0.3370058327932599,15.0,520.0
0.06264779716730118,0.6052631578947368,0.3376539209332469,15.0,521.0
0.061233583837747574,0.6052631578947368,0.33830200907323393,15.0,522.0
0.05975428223609924,0.6052631578947368,0.338950097213221,15.0,523.0
0.0593860037624836,0.6052631578947368,0.339598185353208,15.0,524.0
0.05928516015410423,0.6052631578947368,0.3402462734931951,15.0,525.0
0.05893172696232796,0.6052631578947368,0.3408943616331821,15.0,526.0
0.057855650782585144,0.6052631578947368,0.34154244977316917,15.0,527.0
0.057826582342386246,0.6052631578947368,0.3421905379131562,15.0,528.0
0.057765934616327286,0.6052631578947368,0.34283862605314325,15.0,529.0
0.057658057659864426,0.6052631578947368,0.34348671419313026,15.0,530.0
0.0567815937101841,0.6052631578947368,0.34413480233311733,15.0,531.0
0.05556488782167435,0.6052631578947368,0.34478289047310434,15.0,532.0
0.055447254329919815,0.6052631578947368,0.34543097861309136,15.0,533.0
0.05468975007534027,0.6052631578947368,0.3460790667530784,15.0,534.0
0.05457950755953789,0.6052631578947368,0.34672715489306544,15.0,535.0
0.05421316623687744,0.6052631578947368,0.3473752430330525,15.0,536.0
0.05385572835803032,0.6052631578947368,0.3480233311730395,15.0,537.0
0.05365578830242157,0.6052631578947368,0.3486714193130266,15.0,538.0
0.05260542035102844,0.6052631578947368,0.3493195074530136,15.0,539.0
0.05242390185594559,0.6052631578947368,0.34996759559300067,15.0,540.0
0.052393682301044464,0.6052631578947368,0.3506156837329877,15.0,541.0
0.050641775131225586,0.6052631578947368,0.35126377187297475,15.0,542.0
0.0504830926656723,0.6052631578947368,0.35191186001296176,15.0,543.0
0.04678250104188919,0.6052631578947368,0.3525599481529488,15.0,544.0
0.046505384147167206,0.6052631578947368,0.35320803629293585,15.0,545.0
0.046220529824495316,0.6052631578947368,0.35385612443292286,15.0,546.0
0.0458008274435997,0.6052631578947368,0.3545042125729099,15.0,547.0
0.043818626552820206,0.6052631578947368,0.35515230071289694,15.0,548.0
0.04351434111595154,0.6052631578947368,0.355800388852884,15.0,549.0
0.042698659002780914,0.6052631578947368,0.356448476992871,15.0,550.0
0.04267659783363342,0.6052631578947368,0.3570965651328581,15.0,551.0
0.04168987274169922,0.6052631578947368,0.3577446532728451,15.0,552.0
0.04111067205667496,0.6052631578947368,0.35839274141283217,15.0,553.0
0.04090087488293648,0.6052631578947368,0.3590408295528192,15.0,554.0
0.03991561755537987,0.6052631578947368,0.3596889176928062,15.0,555.0
0.03982044383883476,0.6052631578947368,0.36033700583279327,15.0,556.0
0.0396040640771389,0.6052631578947368,0.3609850939727803,15.0,557.0
0.039153050631284714,0.6052631578947368,0.36163318211276735,15.0,558.0
0.038461942225694656,0.6052631578947368,0.36228127025275436,15.0,559.0
0.03830856829881668,0.6052631578947368,0.36292935839274143,15.0,560.0
0.037022657692432404,0.6052631578947368,0.36357744653272844,15.0,561.0
0.03691311180591583,0.6052631578947368,0.3642255346727155,15.0,562.0
0.03681839257478714,0.6052631578947368,0.3648736228127025,15.0,563.0
0.03672497719526291,0.6052631578947368,0.36552171095268954,15.0,564.0
0.035519834607839584,0.6052631578947368,0.3661697990926766,15.0,565.0
0.035318709909915924,0.6052631578947368,0.3668178872326636,15.0,566.0
0.034886088222265244,0.6052631578947368,0.3674659753726507,15.0,567.0
0.03359796479344368,0.6052631578947368,0.3681140635126377,15.0,568.0
0.03341114893555641,0.6052631578947368,0.36876215165262477,15.0,569.0
0.029674245044589043,0.6052631578947368,0.3694102397926118,15.0,570.0
0.029309803619980812,0.6052631578947368,0.37005832793259885,15.0,571.0
0.029180260375142097,0.6052631578947368,0.37070641607258586,15.0,572.0
0.029146559536457062,0.6052631578947368,0.37135450421257293,15.0,573.0
0.029096150770783424,0.6052631578947368,0.37200259235255995,15.0,574.0
0.027678072452545166,0.6052631578947368,0.37265068049254696,15.0,575.0
0.026429923251271248,0.6052631578947368,0.37329876863253403,15.0,576.0
0.025732561945915222,0.6052631578947368,0.37394685677252104,15.0,577.0
0.019594257697463036,0.6052631578947368,0.3745949449125081,15.0,578.0
0.018900476396083832,0.6052631578947368,0.3752430330524951,15.0,579.0
0.01840278133749962,0.6052631578947368,0.3758911211924822,15.0,580.0
0.01531851664185524,0.6052631578947368,0.3765392093324692,15.0,581.0
0.011891819536685944,0.6052631578947368,0.3771872974724563,15.0,582.0
0.010933000594377518,0.6052631578947368,0.3778353856124433,15.0,583.0
0.010238981805741787,0.6052631578947368,0.37848347375243035,15.0,584.0
0.009928717277944088,0.6052631578947368,0.37913156189241737,15.0,585.0
0.00951676070690155,0.6052631578947368,0.3797796500324044,15.0,586.0
0.008322975598275661,0.6052631578947368,0.38042773817239145,15.0,587.0
0.007837867364287376,0.6052631578947368,0.38107582631237846,15.0,588.0
0.006315974518656731,0.6052631578947368,0.38172391445236553,15.0,589.0
0.0019981118384748697,0.6052631578947368,0.38237200259235254,15.0,590.0
-0.0015134187415242195,0.6052631578947368,0.3830200907323396,15.0,591.0
-0.003906541969627142,0.6052631578947368,0.3836681788723266,15.0,592.0
-0.00558433635160327,0.6052631578947368,0.3843162670123137,15.0,593.0
-0.010063013061881065,0.6052631578947368,0.3849643551523007,15.0,594.0
-0.01201540231704712,0.6052631578947368,0.3856124432922878,15.0,595.0
-0.01651507243514061,0.6052631578947368,0.3862605314322748,15.0,596.0
-0.019298480823636055,0.6052631578947368,0.3869086195722618,15.0,597.0
-0.022843092679977417,0.6052631578947368,0.38755670771224887,15.0,598.0
-0.023173294961452484,0.6052631578947368,0.3882047958522359,15.0,599.0
-0.02503635734319687,0.6052631578947368,0.38885288399222295,15.0,600.0
-0.02514723129570484,0.6052631578947368,0.38950097213220997,15.0,601.0
-0.02535562962293625,0.6052631578947368,0.39014906027219703,15.0,602.0
-0.02909993939101696,0.6052631578947368,0.39079714841218405,15.0,603.0
-0.03430445119738579,0.6052631578947368,0.3914452365521711,15.0,604.0
-0.03539525717496872,0.6052631578947368,0.39209332469215813,15.0,605.0
-0.03730994462966919,0.6052631578947368,0.3927414128321452,15.0,606.0
-0.03867089003324509,0.6052631578947368,0.3933895009721322,15.0,607.0
-0.03994717448949814,0.6052631578947368,0.3940375891121192,15.0,608.0
-0.04168911650776863,0.6052631578947368,0.3946856772521063,15.0,609.0
-0.042313914746046066,0.6052631578947368,0.3953337653920933,15.0,610.0
-0.04343423247337341,0.6052631578947368,0.3959818535320804,15.0,611.0
-0.044816359877586365,0.6052631578947368,0.3966299416720674,15.0,612.0
-0.0463205948472023,0.6052631578947368,0.39727802981205446,15.0,613.0
-0.04643804207444191,0.6052631578947368,0.39792611795204147,15.0,614.0
-0.0480487085878849,0.6052631578947368,0.39857420609202854,15.0,615.0
-0.05037204176187515,0.6052631578947368,0.39922229423201555,15.0,616.0
-0.05071353539824486,0.6052631578947368,0.3998703823720026,15.0,617.0
-0.05117861181497574,0.6052631578947368,0.40051847051198963,15.0,618.0
-0.052300989627838135,0.6052631578947368,0.40116655865197665,15.0,619.0
-0.05484404414892197,0.6052631578947368,0.4018146467919637,15.0,620.0
-0.055429425090551376,0.6052631578947368,0.4024627349319507,15.0,621.0
-0.06078282743692398,0.6052631578947368,0.4031108230719378,15.0,622.0
-0.06313996016979218,0.6052631578947368,0.4037589112119248,15.0,623.0
-0.06355572491884232,0.6052631578947368,0.4044069993519119,15.0,624.0
-0.06369937211275101,0.6052631578947368,0.4050550874918989,15.0,625.0
-0.06970562040805817,0.6052631578947368,0.40570317563188596,15.0,626.0
-0.07144255191087723,0.6052631578947368,0.406351263771873,15.0,627.0
-0.07301020622253418,0.6052631578947368,0.40699935191186,15.0,628.0
-0.07403687387704849,0.6052631578947368,0.40764744005184705,15.0,629.0
-0.07525352388620377,0.6052631578947368,0.40829552819183407,15.0,630.0
-0.0780760645866394,0.6052631578947368,0.40894361633182114,15.0,631.0
-0.08019214123487473,0.6052631578947368,0.40959170447180815,15.0,632.0
-0.08122976869344711,0.6052631578947368,0.4102397926117952,15.0,633.0
-0.08399627357721329,0.6052631578947368,0.41088788075178223,15.0,634.0
-0.08512414246797562,0.6052631578947368,0.4115359688917693,15.0,635.0
-0.08853630721569061,0.6052631578947368,0.4121840570317563,15.0,636.0
-0.0897156298160553,0.6052631578947368,0.4128321451717434,15.0,637.0
-0.09226039052009583,0.6052631578947368,0.4134802333117304,15.0,638.0
-0.10124172270298004,0.6052631578947368,0.4141283214517174,15.0,639.0
-0.1013902872800827,0.6052631578947368,0.4147764095917045,15.0,640.0
-0.10242224484682083,0.6052631578947368,0.4154244977316915,15.0,641.0
-0.10450124740600586,0.6052631578947368,0.41607258587167856,15.0,642.0
-0.10668078064918518,0.6052631578947368,0.41672067401166557,15.0,643.0
-0.11009424924850464,0.6052631578947368,0.41736876215165264,15.0,644.0
-0.11128445714712143,0.6052631578947368,0.41801685029163965,15.0,645.0
-0.11173857748508453,0.6052631578947368,0.4186649384316267,15.0,646.0
-0.11688677966594696,0.6052631578947368,0.41931302657161373,15.0,647.0
-0.11694899946451187,0.6052631578947368,0.4199611147116008,15.0,648.0
-0.12017983943223953,0.6052631578947368,0.4206092028515878,15.0,649.0
-0.12049132585525513,0.6052631578947368,0.42125729099157483,15.0,650.0
-0.12254860997200012,0.6052631578947368,0.4219053791315619,15.0,651.0
-0.12266627699136734,0.6052631578947368,0.4225534672715489,15.0,652.0
-0.12321094423532486,0.6052631578947368,0.423201555411536,15.0,653.0
-0.12436569482088089,0.6052631578947368,0.423849643551523,15.0,654.0
-0.1261260211467743,0.6052631578947368,0.42449773169151006,15.0,655.0
-0.12622253596782684,0.6052631578947368,0.4251458198314971,15.0,656.0
-0.13070300221443176,0.6052631578947368,0.42579390797148414,15.0,657.0
-0.13284167647361755,0.6052631578947368,0.42644199611147116,15.0,658.0
-0.13910089433193207,0.6052631578947368,0.4270900842514582,15.0,659.0
-0.14221349358558655,0.6052631578947368,0.42773817239144524,15.0,660.0
-0.14277786016464233,0.6052631578947368,0.42838626053143225,15.0,661.0
-0.1432703137397766,0.6052631578947368,0.4290343486714193,15.0,662.0
-0.1464073657989502,0.6052631578947368,0.42968243681140633,15.0,663.0
-0.1496715247631073,0.6052631578947368,0.4303305249513934,15.0,664.0
-0.15000517666339874,0.6052631578947368,0.4309786130913804,15.0,665.0
-0.1529877483844757,0.6052631578947368,0.4316267012313675,15.0,666.0
-0.1534874141216278,0.6052631578947368,0.4322747893713545,15.0,667.0
-0.15539026260375977,0.6052631578947368,0.43292287751134156,15.0,668.0
-0.15742644667625427,0.6052631578947368,0.4335709656513286,15.0,669.0
-0.15747910737991333,0.6052631578947368,0.43421905379131565,15.0,670.0
-0.16182725131511688,0.6052631578947368,0.43486714193130266,15.0,671.0
-0.1645483523607254,0.6052631578947368,0.43551523007128967,15.0,672.0
-0.16720347106456757,0.6052631578947368,0.43616331821127674,15.0,673.0
-0.16726170480251312,0.6052631578947368,0.43681140635126375,15.0,674.0
-0.16790421307086945,0.6052631578947368,0.4374594944912508,15.0,675.0
-0.16895002126693726,0.6052631578947368,0.43810758263123784,15.0,676.0
-0.17213721573352814,0.6052631578947368,0.4387556707712249,15.0,677.0
-0.17423902451992035,0.6052631578947368,0.4394037589112119,15.0,678.0
-0.17877881228923798,0.6052631578947368,0.440051847051199,15.0,679.0
-0.17936591804027557,0.6052631578947368,0.440699935191186,15.0,680.0
-0.18231512606143951,0.6052631578947368,0.44134802333117307,15.0,681.0
-0.1841925084590912,0.6052631578947368,0.4419961114711601,15.0,682.0
-0.1847795695066452,0.6052631578947368,0.4426441996111471,15.0,683.0
-0.19065691530704498,0.6052631578947368,0.44329228775113416,15.0,684.0
-0.19081935286521912,0.6052631578947368,0.4439403758911212,15.0,685.0
-0.19099433720111847,0.6052631578947368,0.44458846403110824,15.0,686.0
-0.19199953973293304,0.6052631578947368,0.44523655217109526,15.0,687.0
-0.19624687731266022,0.6052631578947368,0.4458846403110823,15.0,688.0
-0.19837772846221924,0.5789473684210527,0.44653272845106934,16.0,689.0
-0.20403584837913513,0.5789473684210527,0.4471808165910564,16.0,690.0
-0.2049069106578827,0.5789473684210527,0.4478289047310434,16.0,691.0
-0.2057105153799057,0.5789473684210527,0.44847699287103043,16.0,692.0
-0.20613440871238708,0.5789473684210527,0.4491250810110175,16.0,693.0
-0.20971885323524475,0.5789473684210527,0.4497731691510045,16.0,694.0
-0.21115349233150482,0.5789473684210527,0.4504212572909916,16.0,695.0
-0.21138699352741241,0.5789473684210527,0.4510693454309786,16.0,696.0
-0.21210473775863647,0.5789473684210527,0.45171743357096567,16.0,697.0
-0.2130638211965561,0.5789473684210527,0.4523655217109527,16.0,698.0
-0.21313193440437317,0.5789473684210527,0.45301360985093975,16.0,699.0
-0.21467947959899902,0.5789473684210527,0.45366169799092676,16.0,700.0
-0.2156876176595688,0.5789473684210527,0.45430978613091383,16.0,701.0
-0.21973809599876404,0.5789473684210527,0.45495787427090084,16.0,702.0
-0.22545833885669708,0.5789473684210527,0.45560596241088785,16.0,703.0
-0.22942015528678894,0.5789473684210527,0.4562540505508749,16.0,704.0
-0.2297540009021759,0.5789473684210527,0.45690213869086194,16.0,705.0
-0.2332947701215744,0.5789473684210527,0.457550226830849,16.0,706.0
-0.23468223214149475,0.5789473684210527,0.458198314970836,16.0,707.0
-0.23494592308998108,0.5789473684210527,0.4588464031108231,16.0,708.0
-0.2350713312625885,0.5789473684210527,0.4594944912508101,16.0,709.0
-0.23616749048233032,0.5789473684210527,0.46014257939079717,16.0,710.0
-0.2385900765657425,0.5789473684210527,0.4607906675307842,16.0,711.0
-0.23942318558692932,0.5789473684210527,0.46143875567077125,16.0,712.0
-0.24161869287490845,0.5789473684210527,0.46208684381075826,16.0,713.0
-0.24255499243736267,0.5789473684210527,0.4627349319507453,16.0,714.0
-0.24412204325199127,0.5789473684210527,0.46338302009073234,16.0,715.0
-0.24908043444156647,0.5789473684210527,0.46403110823071936,16.0,716.0
-0.24941277503967285,0.5789473684210527,0.4646791963707064,16.0,717.0
-0.2515416443347931,0.5789473684210527,0.46532728451069344,16.0,718.0
-0.2537200152873993,0.5789473684210527,0.4659753726506805,16.0,719.0
-0.25585809350013733,0.5789473684210527,0.4666234607906675,16.0,720.0
-0.2588883638381958,0.5789473684210527,0.4672715489306546,16.0,721.0
-0.2633531093597412,0.5789473684210527,0.4679196370706416,16.0,722.0
-0.2640446424484253,0.5789473684210527,0.46856772521062867,16.0,723.0
-0.265373557806015,0.5789473684210527,0.4692158133506157,16.0,724.0
-0.2680198550224304,0.5789473684210527,0.4698639014906027,16.0,725.0
-0.2680858373641968,0.5789473684210527,0.47051198963058977,16.0,726.0
-0.2699371874332428,0.5789473684210527,0.4711600777705768,16.0,727.0
-0.27092599868774414,0.5789473684210527,0.47180816591056385,16.0,728.0
-0.2711276710033417,0.5789473684210527,0.47245625405055086,16.0,729.0
-0.27437037229537964,0.5789473684210527,0.47310434219053793,16.0,730.0
-0.27442798018455505,0.5789473684210527,0.47375243033052494,16.0,731.0
-0.27521827816963196,0.5789473684210527,0.474400518470512,16.0,732.0
-0.27770593762397766,0.5789473684210527,0.475048606610499,16.0,733.0
-0.2800824046134949,0.5789473684210527,0.4756966947504861,16.0,734.0
-0.28019148111343384,0.5789473684210527,0.4763447828904731,16.0,735.0
-0.28058841824531555,0.5789473684210527,0.4769928710304601,16.0,736.0
-0.2808610200881958,0.5789473684210527,0.4776409591704472,16.0,737.0
-0.2821103632450104,0.5789473684210527,0.4782890473104342,16.0,738.0
-0.2824709713459015,0.5789473684210527,0.47893713545042127,16.0,739.0
-0.2837516963481903,0.5789473684210527,0.4795852235904083,16.0,740.0
-0.28455591201782227,0.5789473684210527,0.48023331173039535,16.0,741.0
-0.28522971272468567,0.5789473684210527,0.48088139987038236,16.0,742.0
-0.2908794581890106,0.5789473684210527,0.48152948801036943,16.0,743.0
-0.29218393564224243,0.5789473684210527,0.48217757615035645,16.0,744.0
-0.2994399964809418,0.5789473684210527,0.48282566429034346,16.0,745.0
-0.303417831659317,0.5789473684210527,0.48347375243033053,16.0,746.0
-0.3035097122192383,0.5789473684210527,0.48412184057031754,16.0,747.0
-0.3055790662765503,0.5789473684210527,0.4847699287103046,16.0,748.0
-0.3059883117675781,0.5789473684210527,0.4854180168502916,16.0,749.0
-0.3063231110572815,0.5789473684210527,0.4860661049902787,16.0,750.0
-0.31417080760002136,0.5789473684210527,0.4867141931302657,16.0,751.0
-0.3160301744937897,0.5789473684210527,0.4873622812702528,16.0,752.0
-0.3165922462940216,0.5789473684210527,0.4880103694102398,16.0,753.0
-0.3174700140953064,0.5789473684210527,0.48865845755022685,16.0,754.0
-0.32046496868133545,0.5789473684210527,0.48930654569021387,16.0,755.0
-0.3210057020187378,0.5789473684210527,0.4899546338302009,16.0,756.0
-0.3254285752773285,0.5789473684210527,0.49060272197018795,16.0,757.0
-0.32668930292129517,0.5789473684210527,0.49125081011017496,16.0,758.0
-0.3268071711063385,0.5789473684210527,0.49189889825016203,16.0,759.0
-0.3300946056842804,0.5789473684210527,0.49254698639014904,16.0,760.0
-0.330122172832489,0.5789473684210527,0.4931950745301361,16.0,761.0
-0.3317610025405884,0.5789473684210527,0.4938431626701231,16.0,762.0
-0.33199864625930786,0.5789473684210527,0.4944912508101102,16.0,763.0
-0.33274441957473755,0.5789473684210527,0.4951393389500972,16.0,764.0
-0.33285200595855713,0.5789473684210527,0.4957874270900843,16.0,765.0
-0.3332362473011017,0.5789473684210527,0.4964355152300713,16.0,766.0
-0.333273321390152,0.5789473684210527,0.4970836033700583,16.0,767.0
-0.33571645617485046,0.5789473684210527,0.49773169151004537,16.0,768.0
-0.3371322453022003,0.5789473684210527,0.4983797796500324,16.0,769.0
-0.33739376068115234,0.5789473684210527,0.49902786779001945,16.0,770.0
-0.3405514657497406,0.5789473684210527,0.49967595593000647,16.0,771.0
-0.3419102430343628,0.5789473684210527,0.5003240440699935,16.0,772.0
-0.34289634227752686,0.5789473684210527,0.5009721322099806,16.0,773.0
-0.34310102462768555,0.5789473684210527,0.5016202203499676,16.0,774.0
-0.3432552218437195,0.5789473684210527,0.5022683084899546,16.0,775.0
-0.34462863206863403,0.5789473684210527,0.5029163966299417,16.0,776.0
-0.34758785367012024,0.5789473684210527,0.5035644847699287,16.0,777.0
-0.3478007912635803,0.5789473684210527,0.5042125729099157,16.0,778.0
-0.35262078046798706,0.5789473684210527,0.5048606610499028,16.0,779.0
-0.35742810368537903,0.5789473684210527,0.5055087491898899,16.0,780.0
-0.35768675804138184,0.5789473684210527,0.5061568373298768,16.0,781.0
-0.3593710660934448,0.5789473684210527,0.5068049254698639,16.0,782.0
-0.3653826117515564,0.5789473684210527,0.507453013609851,16.0,783.0
-0.36547866463661194,0.5789473684210527,0.508101101749838,16.0,784.0
-0.36771664023399353,0.5789473684210527,0.508749189889825,16.0,785.0
-0.3688221573829651,0.5789473684210527,0.509397278029812,16.0,786.0
-0.36910638213157654,0.5789473684210527,0.5100453661697991,16.0,787.0
-0.3718084394931793,0.5789473684210527,0.5106934543097861,16.0,788.0
-0.37376412749290466,0.5789473684210527,0.5113415424497731,16.0,789.0
-0.37514767050743103,0.5789473684210527,0.5119896305897602,16.0,790.0
-0.3761564791202545,0.5789473684210527,0.5126377187297473,16.0,791.0
-0.3764713406562805,0.5789473684210527,0.5132858068697342,16.0,792.0
-0.38096868991851807,0.5789473684210527,0.5139338950097213,16.0,793.0
-0.38343191146850586,0.5789473684210527,0.5145819831497084,16.0,794.0
-0.3854998052120209,0.5789473684210527,0.5152300712896954,16.0,795.0
-0.3865795135498047,0.5789473684210527,0.5158781594296824,16.0,796.0
-0.3872136175632477,0.5789473684210527,0.5165262475696695,16.0,797.0
-0.38759246468544006,0.5789473684210527,0.5171743357096565,16.0,798.0
-0.3879868984222412,0.5789473684210527,0.5178224238496435,16.0,799.0
-0.3887920379638672,0.5789473684210527,0.5184705119896306,16.0,800.0
-0.3916337192058563,0.5789473684210527,0.5191186001296176,16.0,801.0
-0.39423447847366333,0.5789473684210527,0.5197666882696047,16.0,802.0
-0.39615345001220703,0.5789473684210527,0.5204147764095917,16.0,803.0
-0.3972092866897583,0.5789473684210527,0.5210628645495787,16.0,804.0
-0.3972839415073395,0.5789473684210527,0.5217109526895658,16.0,805.0
-0.39739540219306946,0.5789473684210527,0.5223590408295529,16.0,806.0
-0.39997929334640503,0.5789473684210527,0.5230071289695398,16.0,807.0
-0.40156060457229614,0.5789473684210527,0.5236552171095269,16.0,808.0
-0.40180447697639465,0.5789473684210527,0.524303305249514,16.0,809.0
-0.402776837348938,0.5789473684210527,0.5249513933895009,16.0,810.0
-0.40405505895614624,0.5789473684210527,0.525599481529488,16.0,811.0
-0.40576156973838806,0.5789473684210527,0.5262475696694751,16.0,812.0
-0.40914690494537354,0.5789473684210527,0.5268956578094621,16.0,813.0
-0.40981394052505493,0.5789473684210527,0.5275437459494491,16.0,814.0
-0.4098499119281769,0.5789473684210527,0.5281918340894362,16.0,815.0
-0.4103040099143982,0.5789473684210527,0.5288399222294232,16.0,816.0
-0.41107645630836487,0.5789473684210527,0.5294880103694103,16.0,817.0
-0.4112505614757538,0.5789473684210527,0.5301360985093972,16.0,818.0
-0.41160330176353455,0.5789473684210527,0.5307841866493843,16.0,819.0
-0.413800448179245,0.5789473684210527,0.5314322747893714,16.0,820.0
-0.41510286927223206,0.5789473684210527,0.5320803629293583,16.0,821.0
-0.4152320921421051,0.5789473684210527,0.5327284510693454,16.0,822.0
-0.41557130217552185,0.5789473684210527,0.5333765392093325,16.0,823.0
-0.4188843369483948,0.5789473684210527,0.5340246273493195,16.0,824.0
-0.41923490166664124,0.5789473684210527,0.5346727154893065,16.0,825.0
-0.42041391134262085,0.5789473684210527,0.5353208036292936,16.0,826.0
-0.42046666145324707,0.5789473684210527,0.5359688917692806,16.0,827.0
-0.4209256172180176,0.5789473684210527,0.5366169799092677,16.0,828.0
-0.4209747612476349,0.5789473684210527,0.5372650680492547,16.0,829.0
-0.4228322207927704,0.5789473684210527,0.5379131561892417,16.0,830.0
-0.42335188388824463,0.5789473684210527,0.5385612443292288,16.0,831.0
-0.4235689342021942,0.5789473684210527,0.5392093324692158,16.0,832.0
-0.42379090189933777,0.5789473684210527,0.5398574206092028,16.0,833.0
-0.4238065183162689,0.5789473684210527,0.5405055087491899,16.0,834.0
-0.42392221093177795,0.5789473684210527,0.541153596889177,16.0,835.0
-0.43145498633384705,0.5789473684210527,0.5418016850291639,16.0,836.0
-0.4332476258277893,0.5789473684210527,0.542449773169151,16.0,837.0
-0.4349530339241028,0.5789473684210527,0.5430978613091381,16.0,838.0
-0.4362841546535492,0.5789473684210527,0.5437459494491251,16.0,839.0
-0.43641743063926697,0.5789473684210527,0.5443940375891121,16.0,840.0
-0.4370603859424591,0.5789473684210527,0.5450421257290992,16.0,841.0
-0.4376711845397949,0.5789473684210527,0.5456902138690862,16.0,842.0
-0.4382944703102112,0.5789473684210527,0.5463383020090732,16.0,843.0
-0.43901607394218445,0.5789473684210527,0.5469863901490603,16.0,844.0
-0.44007325172424316,0.5789473684210527,0.5476344782890473,16.0,845.0
-0.4428150951862335,0.5789473684210527,0.5482825664290344,16.0,846.0
-0.4435757100582123,0.5789473684210527,0.5489306545690213,16.0,847.0
-0.44753992557525635,0.5789473684210527,0.5495787427090084,16.0,848.0
-0.4476560652256012,0.5789473684210527,0.5502268308489955,16.0,849.0
-0.44893279671669006,0.5789473684210527,0.5508749189889826,16.0,850.0
-0.4503556787967682,0.5789473684210527,0.5515230071289695,16.0,851.0
-0.4519334137439728,0.5789473684210527,0.5521710952689566,16.0,852.0
-0.4542699456214905,0.5789473684210527,0.5528191834089436,16.0,853.0
-0.45702263712882996,0.5789473684210527,0.5534672715489306,16.0,854.0
-0.45723071694374084,0.5789473684210527,0.5541153596889177,16.0,855.0
-0.45947787165641785,0.5789473684210527,0.5547634478289047,16.0,856.0
-0.46183618903160095,0.5789473684210527,0.5554115359688918,16.0,857.0
-0.46286311745643616,0.5789473684210527,0.5560596241088788,16.0,858.0
-0.4668736159801483,0.5789473684210527,0.5567077122488658,16.0,859.0
-0.4675869345664978,0.5789473684210527,0.5573558003888529,16.0,860.0
-0.46806788444519043,0.5789473684210527,0.55800388852884,16.0,861.0
-0.46835455298423767,0.5789473684210527,0.5586519766688269,16.0,862.0
-0.4697229564189911,0.5789473684210527,0.559300064808814,16.0,863.0
-0.4720529615879059,0.5789473684210527,0.5599481529488011,16.0,864.0
-0.47445148229599,0.5789473684210527,0.560596241088788,16.0,865.0
-0.4752718210220337,0.5789473684210527,0.5612443292287751,16.0,866.0
-0.47900867462158203,0.5789473684210527,0.5618924173687622,16.0,867.0
-0.482385516166687,0.5789473684210527,0.5625405055087492,16.0,868.0
-0.48261958360671997,0.5789473684210527,0.5631885936487362,16.0,869.0
-0.48316824436187744,0.5789473684210527,0.5638366817887233,16.0,870.0
-0.48344510793685913,0.5789473684210527,0.5644847699287103,16.0,871.0
-0.4852503836154938,0.5789473684210527,0.5651328580686974,16.0,872.0
-0.4858185648918152,0.5789473684210527,0.5657809462086844,16.0,873.0
-0.4860174357891083,0.5789473684210527,0.5664290343486714,16.0,874.0
-0.4870249629020691,0.5789473684210527,0.5670771224886585,16.0,875.0
-0.4888068735599518,0.5789473684210527,0.5677252106286454,16.0,876.0
-0.49223563075065613,0.5789473684210527,0.5683732987686325,16.0,877.0
-0.49368318915367126,0.5789473684210527,0.5690213869086196,16.0,878.0
-0.4954904317855835,0.5789473684210527,0.5696694750486067,16.0,879.0
-0.49954715371131897,0.5789473684210527,0.5703175631885936,16.0,880.0
-0.5002285242080688,0.5789473684210527,0.5709656513285807,16.0,881.0
-0.5002332925796509,0.5789473684210527,0.5716137394685677,16.0,882.0
-0.504148006439209,0.5789473684210527,0.5722618276085548,16.0,883.0
-0.5042830109596252,0.5789473684210527,0.5729099157485418,16.0,884.0
-0.5048225522041321,0.5789473684210527,0.5735580038885288,16.0,885.0
-0.5069676637649536,0.5789473684210527,0.5742060920285159,16.0,886.0
-0.5092864632606506,0.5789473684210527,0.5748541801685029,16.0,887.0
-0.5099123120307922,0.5789473684210527,0.5755022683084899,16.0,888.0
-0.5167849063873291,0.5789473684210527,0.576150356448477,16.0,889.0
-0.5170140862464905,0.5789473684210527,0.5767984445884641,16.0,890.0
-0.5188111066818237,0.5789473684210527,0.577446532728451,16.0,891.0
-0.5213631987571716,0.5789473684210527,0.5780946208684381,16.0,892.0
-0.5258604288101196,0.5789473684210527,0.5787427090084252,16.0,893.0
-0.5294798612594604,0.5789473684210527,0.5793907971484121,16.0,894.0
-0.5302621722221375,0.5789473684210527,0.5800388852883992,16.0,895.0
-0.5309255123138428,0.5789473684210527,0.5806869734283863,16.0,896.0
-0.53179532289505,0.5789473684210527,0.5813350615683733,16.0,897.0
-0.5338125228881836,0.5789473684210527,0.5819831497083603,16.0,898.0
-0.5355477929115295,0.5789473684210527,0.5826312378483474,16.0,899.0
-0.5356898903846741,0.5789473684210527,0.5832793259883344,16.0,900.0
-0.5358783006668091,0.5789473684210527,0.5839274141283215,16.0,901.0
-0.5377476811408997,0.5789473684210527,0.5845755022683085,16.0,902.0
-0.5389066934585571,0.5789473684210527,0.5852235904082955,16.0,903.0
-0.5400850176811218,0.5789473684210527,0.5858716785482826,16.0,904.0
-0.5439565777778625,0.5789473684210527,0.5865197666882696,16.0,905.0
-0.5454500317573547,0.5789473684210527,0.5871678548282566,16.0,906.0
-0.5455276370048523,0.5789473684210527,0.5878159429682437,16.0,907.0
-0.5490661263465881,0.5789473684210527,0.5884640311082308,16.0,908.0
-0.5491967797279358,0.5789473684210527,0.5891121192482177,16.0,909.0
-0.5509582161903381,0.5789473684210527,0.5897602073882048,16.0,910.0
-0.5519989132881165,0.5789473684210527,0.5904082955281919,16.0,911.0
-0.5542126893997192,0.5789473684210527,0.5910563836681789,16.0,912.0
-0.5547146201133728,0.5789473684210527,0.5917044718081659,16.0,913.0
-0.5547215342521667,0.5789473684210527,0.592352559948153,16.0,914.0
-0.5571929812431335,0.5789473684210527,0.59300064808814,16.0,915.0
-0.5572035312652588,0.5789473684210527,0.593648736228127,16.0,916.0
-0.5575288534164429,0.5789473684210527,0.594296824368114,16.0,917.0
-0.5592257380485535,0.5789473684210527,0.5949449125081011,16.0,918.0
-0.5617892742156982,0.5789473684210527,0.5955930006480882,16.0,919.0
-0.5634148120880127,0.5789473684210527,0.5962410887880751,16.0,920.0
-0.5643326044082642,0.5789473684210527,0.5968891769280622,16.0,921.0
-0.5656516551971436,0.5789473684210527,0.5975372650680493,16.0,922.0
-0.5707430839538574,0.5789473684210527,0.5981853532080363,16.0,923.0
-0.5713046789169312,0.5789473684210527,0.5988334413480233,16.0,924.0
-0.5717201232910156,0.5789473684210527,0.5994815294880104,16.0,925.0
-0.5723797678947449,0.5789473684210527,0.6001296176279974,16.0,926.0
-0.5732412338256836,0.5789473684210527,0.6007777057679844,16.0,927.0
-0.5750695466995239,0.5789473684210527,0.6014257939079715,16.0,928.0
-0.5758640766143799,0.5789473684210527,0.6020738820479585,16.0,929.0
-0.576137900352478,0.5789473684210527,0.6027219701879456,16.0,930.0
-0.5764806866645813,0.5789473684210527,0.6033700583279326,16.0,931.0
-0.5771315693855286,0.5789473684210527,0.6040181464679196,16.0,932.0
-0.5774267315864563,0.5789473684210527,0.6046662346079067,16.0,933.0
-0.5785924196243286,0.5789473684210527,0.6053143227478938,16.0,934.0
-0.5798034071922302,0.5789473684210527,0.6059624108878807,16.0,935.0
-0.5809716582298279,0.5789473684210527,0.6066104990278678,16.0,936.0
-0.5815872550010681,0.5789473684210527,0.6072585871678549,16.0,937.0
-0.583561360836029,0.5789473684210527,0.6079066753078418,16.0,938.0
-0.5842045545578003,0.5789473684210527,0.6085547634478289,16.0,939.0
-0.585332989692688,0.5789473684210527,0.609202851587816,16.0,940.0
-0.5877159237861633,0.5789473684210527,0.609850939727803,16.0,941.0
-0.5890324115753174,0.5789473684210527,0.61049902786779,16.0,942.0
-0.5917212963104248,0.5789473684210527,0.611147116007777,16.0,943.0
-0.5922164916992188,0.5789473684210527,0.6117952041477641,16.0,944.0
-0.59242844581604,0.5789473684210527,0.6124432922877512,16.0,945.0
-0.5932987332344055,0.5789473684210527,0.6130913804277381,16.0,946.0
-0.5942780375480652,0.5789473684210527,0.6137394685677252,16.0,947.0
-0.5977435111999512,0.5789473684210527,0.6143875567077123,16.0,948.0
-0.5982165932655334,0.5789473684210527,0.6150356448476992,16.0,949.0
-0.5984034538269043,0.5789473684210527,0.6156837329876863,16.0,950.0
-0.5990360379219055,0.5789473684210527,0.6163318211276734,16.0,951.0
-0.6010552644729614,0.5789473684210527,0.6169799092676604,16.0,952.0
-0.6012276411056519,0.5789473684210527,0.6176279974076474,16.0,953.0
-0.602325975894928,0.5789473684210527,0.6182760855476345,16.0,954.0
-0.6061015129089355,0.5789473684210527,0.6189241736876215,16.0,955.0
-0.6061817407608032,0.5789473684210527,0.6195722618276086,16.0,956.0
-0.6066502332687378,0.5789473684210527,0.6202203499675956,16.0,957.0
-0.6078227758407593,0.5789473684210527,0.6208684381075826,16.0,958.0
-0.6091166138648987,0.5789473684210527,0.6215165262475697,16.0,959.0
-0.6092180013656616,0.5789473684210527,0.6221646143875567,16.0,960.0
-0.6114327907562256,0.5789473684210527,0.6228127025275437,16.0,961.0
-0.6117457151412964,0.5789473684210527,0.6234607906675308,16.0,962.0
-0.6137700080871582,0.5789473684210527,0.6241088788075179,16.0,963.0
-0.6149276494979858,0.5789473684210527,0.6247569669475048,16.0,964.0
-0.6156249642372131,0.5789473684210527,0.6254050550874919,16.0,965.0
-0.6175399422645569,0.5789473684210527,0.626053143227479,16.0,966.0
-0.618104100227356,0.5789473684210527,0.626701231367466,16.0,967.0
-0.6181358695030212,0.5789473684210527,0.627349319507453,16.0,968.0
-0.6205705404281616,0.5789473684210527,0.62799740764744,16.0,969.0
-0.6234717965126038,0.5789473684210527,0.6286454957874271,16.0,970.0
-0.626831591129303,0.5789473684210527,0.6292935839274141,16.0,971.0
-0.6269707083702087,0.5789473684210527,0.6299416720674011,16.0,972.0
-0.6290479302406311,0.5789473684210527,0.6305897602073882,16.0,973.0
-0.6312704682350159,0.5789473684210527,0.6312378483473753,16.0,974.0
-0.6325379610061646,0.5789473684210527,0.6318859364873622,16.0,975.0
-0.6339475512504578,0.5789473684210527,0.6325340246273493,16.0,976.0
-0.6341965198516846,0.5789473684210527,0.6331821127673364,16.0,977.0
-0.6392742395401001,0.5789473684210527,0.6338302009073234,16.0,978.0
-0.6398547887802124,0.5789473684210527,0.6344782890473104,16.0,979.0
-0.6465335488319397,0.5789473684210527,0.6351263771872975,16.0,980.0
-0.6467329263687134,0.5789473684210527,0.6357744653272845,16.0,981.0
-0.6469823718070984,0.5789473684210527,0.6364225534672715,16.0,982.0
-0.6542590260505676,0.5789473684210527,0.6370706416072586,16.0,983.0
-0.6557732820510864,0.5789473684210527,0.6377187297472456,16.0,984.0
-0.6559152603149414,0.5789473684210527,0.6383668178872327,16.0,985.0
-0.6566846966743469,0.5789473684210527,0.6390149060272197,16.0,986.0
-0.6569209694862366,0.5789473684210527,0.6396629941672067,16.0,987.0
-0.6573590040206909,0.5789473684210527,0.6403110823071938,16.0,988.0
-0.6659796833992004,0.5789473684210527,0.6409591704471809,16.0,989.0
-0.6667828559875488,0.5789473684210527,0.6416072585871678,16.0,990.0
-0.6683936715126038,0.5789473684210527,0.6422553467271549,16.0,991.0
-0.6686872243881226,0.5789473684210527,0.642903434867142,16.0,992.0
-0.6707236170768738,0.5789473684210527,0.6435515230071289,16.0,993.0
-0.6707839965820312,0.5789473684210527,0.644199611147116,16.0,994.0
-0.6708501577377319,0.5789473684210527,0.6448476992871031,16.0,995.0
-0.6726849675178528,0.5789473684210527,0.6454957874270901,16.0,996.0
-0.6748917102813721,0.5789473684210527,0.6461438755670771,16.0,997.0
-0.6750730276107788,0.5789473684210527,0.6467919637070642,16.0,998.0
-0.6774542331695557,0.5789473684210527,0.6474400518470512,16.0,999.0
-0.6776318550109863,0.5789473684210527,0.6480881399870383,16.0,1000.0
-0.6781998872756958,0.5789473684210527,0.6487362281270252,16.0,1001.0
-0.6784221529960632,0.5789473684210527,0.6493843162670123,16.0,1002.0
-0.6794949173927307,0.5789473684210527,0.6500324044069994,16.0,1003.0
-0.6800200343132019,0.5789473684210527,0.6506804925469863,16.0,1004.0
-0.680169403553009,0.5789473684210527,0.6513285806869734,16.0,1005.0
-0.6831210851669312,0.5789473684210527,0.6519766688269605,16.0,1006.0
-0.684172511100769,0.5789473684210527,0.6526247569669476,16.0,1007.0
-0.6863442659378052,0.5789473684210527,0.6532728451069345,16.0,1008.0
-0.6868400573730469,0.5789473684210527,0.6539209332469216,16.0,1009.0
-0.6874803304672241,0.5789473684210527,0.6545690213869086,16.0,1010.0
-0.6882351040840149,0.5789473684210527,0.6552171095268956,16.0,1011.0
-0.6895831227302551,0.5789473684210527,0.6558651976668827,16.0,1012.0
-0.6924431324005127,0.5789473684210527,0.6565132858068697,16.0,1013.0
-0.6941305994987488,0.5789473684210527,0.6571613739468568,16.0,1014.0
-0.6950617432594299,0.5789473684210527,0.6578094620868438,16.0,1015.0
-0.6951720714569092,0.5789473684210527,0.6584575502268308,16.0,1016.0
-0.6971871852874756,0.5789473684210527,0.6591056383668179,16.0,1017.0
-0.6978518962860107,0.5789473684210527,0.659753726506805,16.0,1018.0
-0.6984058022499084,0.5789473684210527,0.6604018146467919,16.0,1019.0
-0.6999537348747253,0.5789473684210527,0.661049902786779,16.0,1020.0
-0.700218915939331,0.5789473684210527,0.6616979909267661,16.0,1021.0
-0.7002479434013367,0.5789473684210527,0.662346079066753,16.0,1022.0
-0.7004814743995667,0.5789473684210527,0.6629941672067401,16.0,1023.0
-0.7009699940681458,0.5789473684210527,0.6636422553467272,16.0,1024.0
-0.7043415307998657,0.5789473684210527,0.6642903434867142,16.0,1025.0
-0.7057763338088989,0.5789473684210527,0.6649384316267012,16.0,1026.0
-0.7079697251319885,0.5789473684210527,0.6655865197666883,16.0,1027.0
-0.7096228003501892,0.5789473684210527,0.6662346079066753,16.0,1028.0
-0.7100505828857422,0.5789473684210527,0.6668826960466624,16.0,1029.0
-0.7122374176979065,0.5789473684210527,0.6675307841866494,16.0,1030.0
-0.7135980129241943,0.5789473684210527,0.6681788723266364,16.0,1031.0
-0.7162131071090698,0.5789473684210527,0.6688269604666235,16.0,1032.0
-0.7168681621551514,0.5789473684210527,0.6694750486066104,16.0,1033.0
-0.7179226875305176,0.5789473684210527,0.6701231367465975,16.0,1034.0
-0.7195830941200256,0.5789473684210527,0.6707712248865846,16.0,1035.0
-0.7204220294952393,0.5789473684210527,0.6714193130265717,16.0,1036.0
-0.7206560969352722,0.5789473684210527,0.6720674011665586,16.0,1037.0
-0.7209563255310059,0.5789473684210527,0.6727154893065457,16.0,1038.0
-0.722675621509552,0.5789473684210527,0.6733635774465327,16.0,1039.0
-0.7239863276481628,0.5789473684210527,0.6740116655865198,16.0,1040.0
-0.7248589992523193,0.5789473684210527,0.6746597537265068,16.0,1041.0
-0.7254917621612549,0.5789473684210527,0.6753078418664938,16.0,1042.0
-0.7266114950180054,0.5789473684210527,0.6759559300064809,16.0,1043.0
-0.7275407910346985,0.5789473684210527,0.6766040181464679,16.0,1044.0
-0.7291319966316223,0.5789473684210527,0.6772521062864549,16.0,1045.0
-0.7300192713737488,0.5789473684210527,0.677900194426442,16.0,1046.0
-0.7310317158699036,0.5789473684210527,0.6785482825664291,16.0,1047.0
-0.7324437499046326,0.5789473684210527,0.679196370706416,16.0,1048.0
-0.7325332760810852,0.5789473684210527,0.6798444588464031,16.0,1049.0
-0.7332428097724915,0.5789473684210527,0.6804925469863902,16.0,1050.0
-0.7338555455207825,0.5789473684210527,0.6811406351263772,16.0,1051.0
-0.7354607582092285,0.5789473684210527,0.6817887232663642,16.0,1052.0
-0.7355772256851196,0.5789473684210527,0.6824368114063513,16.0,1053.0
-0.7367183566093445,0.5789473684210527,0.6830848995463383,16.0,1054.0
-0.7369415163993835,0.5789473684210527,0.6837329876863253,16.0,1055.0
-0.7394214272499084,0.5789473684210527,0.6843810758263124,16.0,1056.0
-0.7400625348091125,0.5789473684210527,0.6850291639662994,16.0,1057.0
-0.7404881715774536,0.5789473684210527,0.6856772521062865,16.0,1058.0
-0.7424430251121521,0.5789473684210527,0.6863253402462735,16.0,1059.0
-0.7424945831298828,0.5789473684210527,0.6869734283862605,16.0,1060.0
-0.7457607984542847,0.5789473684210527,0.6876215165262476,16.0,1061.0
-0.7459327578544617,0.5789473684210527,0.6882696046662347,16.0,1062.0
-0.7487620711326599,0.5789473684210527,0.6889176928062216,16.0,1063.0
-0.7510675191879272,0.5789473684210527,0.6895657809462087,16.0,1064.0
-0.7519548535346985,0.5789473684210527,0.6902138690861958,16.0,1065.0
-0.752662718296051,0.5789473684210527,0.6908619572261827,16.0,1066.0
-0.7527931332588196,0.5789473684210527,0.6915100453661698,16.0,1067.0
-0.7535496950149536,0.5789473684210527,0.6921581335061568,16.0,1068.0
-0.7552095055580139,0.5789473684210527,0.6928062216461439,16.0,1069.0
-0.7553900480270386,0.5789473684210527,0.6934543097861309,16.0,1070.0
-0.7554445266723633,0.5789473684210527,0.6941023979261179,16.0,1071.0
-0.7626938223838806,0.5789473684210527,0.694750486066105,16.0,1072.0
-0.7661792635917664,0.5789473684210527,0.6953985742060921,16.0,1073.0
-0.7690579295158386,0.5789473684210527,0.696046662346079,16.0,1074.0
-0.7725073099136353,0.5789473684210527,0.6966947504860661,16.0,1075.0
-0.7795321941375732,0.5789473684210527,0.6973428386260532,16.0,1076.0
-0.7831466794013977,0.5789473684210527,0.6979909267660401,16.0,1077.0
-0.7863920331001282,0.5789473684210527,0.6986390149060272,16.0,1078.0
-0.7877174019813538,0.5789473684210527,0.6992871030460143,16.0,1079.0
-0.7877212166786194,0.5789473684210527,0.6999351911860013,16.0,1080.0
-0.7911450266838074,0.5789473684210527,0.7005832793259883,16.0,1081.0
-0.792433500289917,0.5789473684210527,0.7012313674659754,16.0,1082.0
-0.7959995865821838,0.5789473684210527,0.7018794556059624,16.0,1083.0
-0.7962227463722229,0.5789473684210527,0.7025275437459495,16.0,1084.0
-0.8003368377685547,0.5789473684210527,0.7031756318859365,16.0,1085.0
-0.8012930750846863,0.5789473684210527,0.7038237200259235,16.0,1086.0
-0.8024309277534485,0.5789473684210527,0.7044718081659106,16.0,1087.0
-0.8084275722503662,0.5789473684210527,0.7051198963058976,16.0,1088.0
-0.8091311454772949,0.5789473684210527,0.7057679844458846,16.0,1089.0
-0.8098084926605225,0.5789473684210527,0.7064160725858717,16.0,1090.0
-0.81191486120224,0.5789473684210527,0.7070641607258588,16.0,1091.0
-0.813278317451477,0.5789473684210527,0.7077122488658457,16.0,1092.0
-0.8141981363296509,0.5789473684210527,0.7083603370058328,16.0,1093.0
-0.8150237202644348,0.5789473684210527,0.7090084251458199,16.0,1094.0
-0.8152533173561096,0.5789473684210527,0.7096565132858069,16.0,1095.0
-0.8160930275917053,0.5789473684210527,0.7103046014257939,16.0,1096.0
-0.8162482976913452,0.5789473684210527,0.710952689565781,16.0,1097.0
-0.8175989985466003,0.5789473684210527,0.711600777705768,16.0,1098.0
-0.8177670836448669,0.5789473684210527,0.712248865845755,16.0,1099.0
-0.8181781768798828,0.5789473684210527,0.712896953985742,16.0,1100.0
-0.8186602592468262,0.5789473684210527,0.7135450421257291,16.0,1101.0
-0.8214093446731567,0.5789473684210527,0.7141931302657162,16.0,1102.0
-0.8233928084373474,0.5789473684210527,0.7148412184057031,16.0,1103.0
-0.8235689997673035,0.5789473684210527,0.7154893065456902,16.0,1104.0
-0.8244829773902893,0.5789473684210527,0.7161373946856773,16.0,1105.0
-0.8249846696853638,0.5789473684210527,0.7167854828256643,16.0,1106.0
-0.8257287740707397,0.5789473684210527,0.7174335709656513,16.0,1107.0
-0.8283401727676392,0.5789473684210527,0.7180816591056384,16.0,1108.0
-0.8293024897575378,0.5789473684210527,0.7187297472456254,16.0,1109.0
-0.831026554107666,0.5789473684210527,0.7193778353856124,16.0,1110.0
-0.8327175974845886,0.5789473684210527,0.7200259235255995,16.0,1111.0
-0.8331855535507202,0.5789473684210527,0.7206740116655865,16.0,1112.0
-0.833617091178894,0.5789473684210527,0.7213220998055736,16.0,1113.0
-0.8375132083892822,0.5789473684210527,0.7219701879455606,16.0,1114.0
-0.8388082981109619,0.5789473684210527,0.7226182760855476,16.0,1115.0
-0.8399113416671753,0.5789473684210527,0.7232663642255347,16.0,1116.0
-0.847387433052063,0.5789473684210527,0.7239144523655218,16.0,1117.0
-0.8474902510643005,0.5789473684210527,0.7245625405055087,16.0,1118.0
-0.849746584892273,0.5789473684210527,0.7252106286454958,16.0,1119.0
-0.8542026281356812,0.5789473684210527,0.7258587167854829,16.0,1120.0
-0.854272186756134,0.5789473684210527,0.7265068049254698,16.0,1121.0
-0.855106770992279,0.5789473684210527,0.7271548930654569,16.0,1122.0
-0.8558907508850098,0.5789473684210527,0.727802981205444,16.0,1123.0
-0.857012152671814,0.5789473684210527,0.728451069345431,16.0,1124.0
-0.858413815498352,0.5789473684210527,0.729099157485418,16.0,1125.0
-0.8592634797096252,0.5789473684210527,0.729747245625405,16.0,1126.0
-0.8595615029335022,0.5789473684210527,0.7303953337653921,16.0,1127.0
-0.8601240515708923,0.5789473684210527,0.7310434219053791,16.0,1128.0
-0.8692255020141602,0.5789473684210527,0.7316915100453661,16.0,1129.0
-0.8693318963050842,0.5789473684210527,0.7323395981853532,16.0,1130.0
-0.8697367310523987,0.5789473684210527,0.7329876863253403,16.0,1131.0
-0.8698468208312988,0.5789473684210527,0.7336357744653272,16.0,1132.0
-0.8728223443031311,0.5789473684210527,0.7342838626053143,16.0,1133.0
-0.8730319142341614,0.5789473684210527,0.7349319507453014,16.0,1134.0
-0.8741909265518188,0.5789473684210527,0.7355800388852884,16.0,1135.0
-0.8766598701477051,0.5789473684210527,0.7362281270252754,16.0,1136.0
-0.8770421743392944,0.5789473684210527,0.7368762151652625,16.0,1137.0
-0.8775011897087097,0.5789473684210527,0.7375243033052495,16.0,1138.0
-0.8784172534942627,0.5789473684210527,0.7381723914452365,16.0,1139.0
-0.8808087706565857,0.5789473684210527,0.7388204795852236,16.0,1140.0
-0.8852172493934631,0.5789473684210527,0.7394685677252106,16.0,1141.0
-0.8860523104667664,0.5789473684210527,0.7401166558651977,16.0,1142.0
-0.8863886594772339,0.5789473684210527,0.7407647440051847,16.0,1143.0
-0.886935830116272,0.5789473684210527,0.7414128321451717,16.0,1144.0
-0.8878160119056702,0.5789473684210527,0.7420609202851588,16.0,1145.0
-0.889129638671875,0.5789473684210527,0.7427090084251459,16.0,1146.0
-0.8898701071739197,0.5789473684210527,0.7433570965651328,16.0,1147.0
-0.8902716636657715,0.5789473684210527,0.7440051847051199,16.0,1148.0
-0.8909160494804382,0.5789473684210527,0.744653272845107,16.0,1149.0
-0.8909784555435181,0.5789473684210527,0.7453013609850939,16.0,1150.0
-0.8911641836166382,0.5789473684210527,0.745949449125081,16.0,1151.0
-0.8987665772438049,0.5789473684210527,0.7465975372650681,16.0,1152.0
-0.900105357170105,0.5789473684210527,0.7472456254050551,16.0,1153.0
-0.9011465311050415,0.5789473684210527,0.7478937135450421,16.0,1154.0
-0.9019902944564819,0.5789473684210527,0.7485418016850292,16.0,1155.0
-0.9030938148498535,0.5789473684210527,0.7491898898250162,16.0,1156.0
-0.9051947593688965,0.5789473684210527,0.7498379779650033,16.0,1157.0
-0.907410204410553,0.5789473684210527,0.7504860661049902,16.0,1158.0
-0.9101191163063049,0.5789473684210527,0.7511341542449773,16.0,1159.0
-0.9138163924217224,0.5789473684210527,0.7517822423849644,16.0,1160.0
-0.9204488396644592,0.5789473684210527,0.7524303305249513,16.0,1161.0
-0.9222639203071594,0.5789473684210527,0.7530784186649384,16.0,1162.0
-0.9223296642303467,0.5789473684210527,0.7537265068049255,16.0,1163.0
-0.9238936901092529,0.5789473684210527,0.7543745949449125,16.0,1164.0
-0.9239380359649658,0.5789473684210527,0.7550226830848995,16.0,1165.0
-0.9274708032608032,0.5789473684210527,0.7556707712248866,16.0,1166.0
-0.9291911125183105,0.5789473684210527,0.7563188593648736,16.0,1167.0
-0.9367258548736572,0.5789473684210527,0.7569669475048607,16.0,1168.0
-0.9375681281089783,0.5789473684210527,0.7576150356448477,16.0,1169.0
-0.9416585564613342,0.5789473684210527,0.7582631237848347,16.0,1170.0
-0.9440736770629883,0.5789473684210527,0.7589112119248218,16.0,1171.0
-0.948774516582489,0.5789473684210527,0.7595593000648088,16.0,1172.0
-0.9492426514625549,0.5789473684210527,0.7602073882047958,16.0,1173.0
-0.950562596321106,0.5789473684210527,0.7608554763447829,16.0,1174.0
-0.9516839981079102,0.5789473684210527,0.76150356448477,16.0,1175.0
-0.9544611573219299,0.5789473684210527,0.7621516526247569,16.0,1176.0
-0.9551342725753784,0.5789473684210527,0.762799740764744,16.0,1177.0
-0.9556182622909546,0.5789473684210527,0.7634478289047311,16.0,1178.0
-0.9569418430328369,0.5789473684210527,0.7640959170447181,16.0,1179.0
-0.9593865275382996,0.5789473684210527,0.7647440051847051,16.0,1180.0
-0.9642378687858582,0.5789473684210527,0.7653920933246922,16.0,1181.0
-0.9660511612892151,0.5789473684210527,0.7660401814646792,16.0,1182.0
-0.967420220375061,0.5789473684210527,0.7666882696046662,16.0,1183.0
-0.9679614901542664,0.5789473684210527,0.7673363577446533,16.0,1184.0
-0.9707571268081665,0.5789473684210527,0.7679844458846403,16.0,1185.0
-0.9718121886253357,0.5789473684210527,0.7686325340246274,16.0,1186.0
-0.9719206690788269,0.5789473684210527,0.7692806221646143,16.0,1187.0
-0.9732669591903687,0.5789473684210527,0.7699287103046014,16.0,1188.0
-0.9740281701087952,0.5789473684210527,0.7705767984445885,16.0,1189.0
-0.9747710824012756,0.5789473684210527,0.7712248865845756,16.0,1190.0
-0.9751729965209961,0.5789473684210527,0.7718729747245625,16.0,1191.0
-0.9753037691116333,0.5789473684210527,0.7725210628645496,16.0,1192.0
-0.9753440618515015,0.5789473684210527,0.7731691510045366,16.0,1193.0
-0.9756792783737183,0.5789473684210527,0.7738172391445236,16.0,1194.0
-0.9765318036079407,0.5789473684210527,0.7744653272845107,16.0,1195.0
-0.9783733487129211,0.5789473684210527,0.7751134154244977,16.0,1196.0
-0.9799793362617493,0.5789473684210527,0.7757615035644848,16.0,1197.0
-0.9807477593421936,0.5789473684210527,0.7764095917044718,16.0,1198.0
-0.9838455319404602,0.5789473684210527,0.7770576798444588,16.0,1199.0
-0.9839310050010681,0.5789473684210527,0.7777057679844459,16.0,1200.0
-0.9842304587364197,0.5789473684210527,0.778353856124433,16.0,1201.0
-0.9857137799263,0.5789473684210527,0.7790019442644199,16.0,1202.0
-0.9869155287742615,0.5789473684210527,0.779650032404407,16.0,1203.0
-0.9907326102256775,0.5789473684210527,0.7802981205443941,16.0,1204.0
-0.9929215908050537,0.5789473684210527,0.780946208684381,16.0,1205.0
-0.9945225119590759,0.5789473684210527,0.7815942968243681,16.0,1206.0
-0.995180606842041,0.5789473684210527,0.7822423849643552,16.0,1207.0
-0.9962676763534546,0.5789473684210527,0.7828904731043422,16.0,1208.0
-0.9973002672195435,0.5789473684210527,0.7835385612443292,16.0,1209.0
-0.9984716176986694,0.5789473684210527,0.7841866493843163,16.0,1210.0
-0.9985880851745605,0.5789473684210527,0.7848347375243033,16.0,1211.0
-1.0001676082611084,0.5789473684210527,0.7854828256642904,16.0,1212.0
-1.0007848739624023,0.5789473684210527,0.7861309138042774,16.0,1213.0
-1.0015617609024048,0.5789473684210527,0.7867790019442644,16.0,1214.0
-1.0046017169952393,0.5789473684210527,0.7874270900842515,16.0,1215.0
-1.0058232545852661,0.5789473684210527,0.7880751782242384,16.0,1216.0
-1.0066020488739014,0.5789473684210527,0.7887232663642255,16.0,1217.0
-1.0088967084884644,0.5789473684210527,0.7893713545042126,16.0,1218.0
-1.0102968215942383,0.5789473684210527,0.7900194426441997,16.0,1219.0
-1.0110158920288086,0.5789473684210527,0.7906675307841866,16.0,1220.0
-1.0110334157943726,0.5789473684210527,0.7913156189241737,16.0,1221.0
-1.0147109031677246,0.5789473684210527,0.7919637070641607,16.0,1222.0
-1.0209444761276245,0.5789473684210527,0.7926117952041478,16.0,1223.0
-1.0241152048110962,0.5789473684210527,0.7932598833441348,16.0,1224.0
-1.0250979661941528,0.5789473684210527,0.7939079714841218,16.0,1225.0
-1.0262243747711182,0.5789473684210527,0.7945560596241089,16.0,1226.0
-1.0275607109069824,0.5789473684210527,0.7952041477640959,16.0,1227.0
-1.0276886224746704,0.5789473684210527,0.7958522359040829,16.0,1228.0
-1.0283790826797485,0.5789473684210527,0.79650032404407,16.0,1229.0
-1.0327147245407104,0.5789473684210527,0.7971484121840571,16.0,1230.0
-1.0356881618499756,0.5789473684210527,0.797796500324044,16.0,1231.0
-1.0360603332519531,0.5789473684210527,0.7984445884640311,16.0,1232.0
-1.0361316204071045,0.5789473684210527,0.7990926766040182,16.0,1233.0
-1.0367556810379028,0.5789473684210527,0.7997407647440052,16.0,1234.0
-1.0381300449371338,0.5789473684210527,0.8003888528839922,16.0,1235.0
-1.0405774116516113,0.5789473684210527,0.8010369410239793,16.0,1236.0
-1.0408517122268677,0.5789473684210527,0.8016850291639663,16.0,1237.0
-1.040992021560669,0.5789473684210527,0.8023331173039533,16.0,1238.0
-1.0410856008529663,0.5789473684210527,0.8029812054439404,16.0,1239.0
-1.042565107345581,0.5789473684210527,0.8036292935839274,16.0,1240.0
-1.0458052158355713,0.5789473684210527,0.8042773817239145,16.0,1241.0
-1.0486435890197754,0.5789473684210527,0.8049254698639015,16.0,1242.0
-1.0492832660675049,0.5789473684210527,0.8055735580038885,16.0,1243.0
-1.052964448928833,0.5789473684210527,0.8062216461438756,16.0,1244.0
-1.0531229972839355,0.5789473684210527,0.8068697342838627,16.0,1245.0
-1.0620909929275513,0.5789473684210527,0.8075178224238496,16.0,1246.0
-1.0630865097045898,0.5789473684210527,0.8081659105638367,16.0,1247.0
-1.0631645917892456,0.5789473684210527,0.8088139987038238,16.0,1248.0
-1.0647159814834595,0.5789473684210527,0.8094620868438107,16.0,1249.0
-1.0667955875396729,0.5789473684210527,0.8101101749837978,16.0,1250.0
-1.0690398216247559,0.5789473684210527,0.8107582631237849,16.0,1251.0
-1.0721166133880615,0.5789473684210527,0.8114063512637719,16.0,1252.0
-1.0734684467315674,0.5789473684210527,0.8120544394037589,16.0,1253.0
-1.0751290321350098,0.5789473684210527,0.812702527543746,16.0,1254.0
-1.0755707025527954,0.5789473684210527,0.813350615683733,16.0,1255.0
-1.0766390562057495,0.5789473684210527,0.81399870382372,16.0,1256.0
-1.0768988132476807,0.5789473684210527,0.814646791963707,16.0,1257.0
-1.0864309072494507,0.5789473684210527,0.8152948801036941,16.0,1258.0
-1.08864164352417,0.5789473684210527,0.8159429682436812,16.0,1259.0
-1.0946671962738037,0.5789473684210527,0.8165910563836681,16.0,1260.0
-1.095667839050293,0.5789473684210527,0.8172391445236552,16.0,1261.0
-1.0958671569824219,0.5789473684210527,0.8178872326636423,16.0,1262.0
-1.0982054471969604,0.5789473684210527,0.8185353208036293,16.0,1263.0
-1.0990090370178223,0.5789473684210527,0.8191834089436163,16.0,1264.0
-1.0996993780136108,0.5789473684210527,0.8198314970836034,16.0,1265.0
-1.1019129753112793,0.5789473684210527,0.8204795852235904,16.0,1266.0
-1.102198600769043,0.5789473684210527,0.8211276733635774,16.0,1267.0
-1.102784514427185,0.5789473684210527,0.8217757615035645,16.0,1268.0
-1.1058812141418457,0.5789473684210527,0.8224238496435515,16.0,1269.0
-1.108251929283142,0.5789473684210527,0.8230719377835386,16.0,1270.0
-1.1091727018356323,0.5789473684210527,0.8237200259235256,16.0,1271.0
-1.1127275228500366,0.5789473684210527,0.8243681140635126,16.0,1272.0
-1.1142483949661255,0.5789473684210527,0.8250162022034997,16.0,1273.0
-1.1143836975097656,0.5789473684210527,0.8256642903434868,16.0,1274.0
-1.1150323152542114,0.5789473684210527,0.8263123784834737,16.0,1275.0
-1.1187539100646973,0.5789473684210527,0.8269604666234608,16.0,1276.0
-1.1223679780960083,0.5789473684210527,0.8276085547634479,16.0,1277.0
-1.128382921218872,0.5789473684210527,0.8282566429034348,16.0,1278.0
-1.1373006105422974,0.5789473684210527,0.8289047310434219,16.0,1279.0
-1.1388415098190308,0.5789473684210527,0.829552819183409,16.0,1280.0
-1.1426680088043213,0.5789473684210527,0.830200907323396,16.0,1281.0
-1.1432805061340332,0.5789473684210527,0.830848995463383,16.0,1282.0
-1.1438639163970947,0.5789473684210527,0.83149708360337,16.0,1283.0
-1.1444885730743408,0.5789473684210527,0.8321451717433571,16.0,1284.0
-1.14673912525177,0.5789473684210527,0.8327932598833442,16.0,1285.0
-1.147932529449463,0.5789473684210527,0.8334413480233311,16.0,1286.0
-1.148309350013733,0.5789473684210527,0.8340894361633182,16.0,1287.0
-1.1500158309936523,0.5789473684210527,0.8347375243033053,16.0,1288.0
-1.1503351926803589,0.5789473684210527,0.8353856124432922,16.0,1289.0
-1.152924656867981,0.5789473684210527,0.8360337005832793,16.0,1290.0
-1.1541260480880737,0.5789473684210527,0.8366817887232664,16.0,1291.0
-1.1550393104553223,0.5789473684210527,0.8373298768632534,16.0,1292.0
-1.157555341720581,0.5789473684210527,0.8379779650032404,16.0,1293.0
-1.1575697660446167,0.5789473684210527,0.8386260531432275,16.0,1294.0
-1.1581088304519653,0.5789473684210527,0.8392741412832145,16.0,1295.0
-1.1587282419204712,0.5789473684210527,0.8399222294232016,16.0,1296.0
-1.159088134765625,0.5789473684210527,0.8405703175631886,16.0,1297.0
-1.1602187156677246,0.5789473684210527,0.8412184057031756,16.0,1298.0
-1.1645410060882568,0.5789473684210527,0.8418664938431627,16.0,1299.0
-1.1670035123825073,0.5789473684210527,0.8425145819831497,16.0,1300.0
-1.1670489311218262,0.5789473684210527,0.8431626701231367,16.0,1301.0
-1.1676791906356812,0.5789473684210527,0.8438107582631238,16.0,1302.0
-1.168749451637268,0.5789473684210527,0.8444588464031109,16.0,1303.0
-1.1689655780792236,0.5789473684210527,0.8451069345430978,16.0,1304.0
-1.170299768447876,0.5789473684210527,0.8457550226830849,16.0,1305.0
-1.1705633401870728,0.5789473684210527,0.846403110823072,16.0,1306.0
-1.1734355688095093,0.5789473684210527,0.847051198963059,16.0,1307.0
-1.1735825538635254,0.5789473684210527,0.847699287103046,16.0,1308.0
-1.1745977401733398,0.5789473684210527,0.848347375243033,16.0,1309.0
-1.1757986545562744,0.5789473684210527,0.8489954633830201,16.0,1310.0
-1.1799700260162354,0.5789473684210527,0.8496435515230071,16.0,1311.0
-1.1825344562530518,0.5789473684210527,0.8502916396629941,16.0,1312.0
-1.1864362955093384,0.5789473684210527,0.8509397278029812,16.0,1313.0
-1.1876192092895508,0.5789473684210527,0.8515878159429683,16.0,1314.0
-1.1892127990722656,0.5789473684210527,0.8522359040829552,16.0,1315.0
-1.190309762954712,0.5789473684210527,0.8528839922229423,16.0,1316.0
-1.19124174118042,0.5789473684210527,0.8535320803629294,16.0,1317.0
-1.1920067071914673,0.5789473684210527,0.8541801685029164,16.0,1318.0
-1.193974256515503,0.5789473684210527,0.8548282566429034,16.0,1319.0
-1.1948926448822021,0.5789473684210527,0.8554763447828905,16.0,1320.0
-1.1966403722763062,0.5789473684210527,0.8561244329228775,16.0,1321.0
-1.1973057985305786,0.5789473684210527,0.8567725210628645,16.0,1322.0
-1.1984050273895264,0.5789473684210527,0.8574206092028516,16.0,1323.0
-1.1990385055541992,0.5789473684210527,0.8580686973428386,16.0,1324.0
-1.2003633975982666,0.5789473684210527,0.8587167854828257,16.0,1325.0
-1.2004740238189697,0.5789473684210527,0.8593648736228127,16.0,1326.0
-1.2009097337722778,0.5789473684210527,0.8600129617627997,16.0,1327.0
-1.202209234237671,0.5789473684210527,0.8606610499027868,16.0,1328.0
-1.2094300985336304,0.5789473684210527,0.8613091380427739,16.0,1329.0
-1.209464192390442,0.5789473684210527,0.8619572261827608,16.0,1330.0
-1.2103166580200195,0.5789473684210527,0.8626053143227479,16.0,1331.0
-1.2131701707839966,0.5789473684210527,0.863253402462735,16.0,1332.0
-1.2141330242156982,0.5789473684210527,0.8639014906027219,16.0,1333.0
-1.214539647102356,0.5789473684210527,0.864549578742709,16.0,1334.0
-1.2198665142059326,0.5789473684210527,0.8651976668826961,16.0,1335.0
-1.2199960947036743,0.5789473684210527,0.8658457550226831,16.0,1336.0
-1.2220921516418457,0.5789473684210527,0.8664938431626701,16.0,1337.0
-1.2221013307571411,0.5789473684210527,0.8671419313026572,16.0,1338.0
-1.2234916687011719,0.5789473684210527,0.8677900194426442,16.0,1339.0
-1.224005937576294,0.5789473684210527,0.8684381075826313,16.0,1340.0
-1.2240197658538818,0.5789473684210527,0.8690861957226182,16.0,1341.0
-1.2252885103225708,0.5789473684210527,0.8697342838626053,16.0,1342.0
-1.2271091938018799,0.5789473684210527,0.8703823720025924,16.0,1343.0
-1.2281599044799805,0.5789473684210527,0.8710304601425793,16.0,1344.0
-1.2288649082183838,0.5789473684210527,0.8716785482825664,16.0,1345.0
-1.2360682487487793,0.5789473684210527,0.8723266364225535,16.0,1346.0
-1.2366762161254883,0.5789473684210527,0.8729747245625405,16.0,1347.0
-1.239818811416626,0.5789473684210527,0.8736228127025275,16.0,1348.0
-1.2447000741958618,0.5789473684210527,0.8742709008425146,16.0,1349.0
-1.245280146598816,0.5789473684210527,0.8749189889825016,16.0,1350.0
-1.2473934888839722,0.5789473684210527,0.8755670771224887,16.0,1351.0
-1.2480846643447876,0.5789473684210527,0.8762151652624757,16.0,1352.0
-1.248756766319275,0.5789473684210527,0.8768632534024627,16.0,1353.0
-1.2489712238311768,0.5789473684210527,0.8775113415424498,16.0,1354.0
-1.2534873485565186,0.5789473684210527,0.8781594296824368,16.0,1355.0
-1.2548056840896606,0.5789473684210527,0.8788075178224238,16.0,1356.0
-1.257620096206665,0.5789473684210527,0.8794556059624109,16.0,1357.0
-1.2602531909942627,0.5789473684210527,0.880103694102398,16.0,1358.0
-1.2609412670135498,0.5789473684210527,0.8807517822423849,16.0,1359.0
-1.263975739479065,0.5789473684210527,0.881399870382372,16.0,1360.0
-1.2642014026641846,0.5789473684210527,0.8820479585223591,16.0,1361.0
-1.2651835680007935,0.5789473684210527,0.8826960466623461,16.0,1362.0
-1.2669674158096313,0.5789473684210527,0.8833441348023331,16.0,1363.0
-1.2670615911483765,0.5789473684210527,0.8839922229423202,16.0,1364.0
-1.2675166130065918,0.5789473684210527,0.8846403110823072,16.0,1365.0
-1.2731281518936157,0.5789473684210527,0.8852883992222942,16.0,1366.0
-1.2735447883605957,0.5789473684210527,0.8859364873622813,16.0,1367.0
-1.2737061977386475,0.5789473684210527,0.8865845755022683,16.0,1368.0
-1.2744017839431763,0.5789473684210527,0.8872326636422554,16.0,1369.0
-1.2761750221252441,0.5789473684210527,0.8878807517822424,16.0,1370.0
-1.277886152267456,0.5789473684210527,0.8885288399222294,16.0,1371.0
-1.279150366783142,0.5789473684210527,0.8891769280622165,16.0,1372.0
-1.2792021036148071,0.5789473684210527,0.8898250162022034,16.0,1373.0
-1.281212568283081,0.5789473684210527,0.8904731043421905,16.0,1374.0
-1.2862499952316284,0.5789473684210527,0.8911211924821776,16.0,1375.0
-1.2875226736068726,0.5789473684210527,0.8917692806221647,16.0,1376.0
-1.2888282537460327,0.5789473684210527,0.8924173687621516,16.0,1377.0
-1.2914867401123047,0.5789473684210527,0.8930654569021387,16.0,1378.0
-1.2927558422088623,0.5789473684210527,0.8937135450421257,16.0,1379.0
-1.2933623790740967,0.5789473684210527,0.8943616331821128,16.0,1380.0
-1.2951276302337646,0.5789473684210527,0.8950097213220998,16.0,1381.0
-1.2985910177230835,0.5789473684210527,0.8956578094620868,16.0,1382.0
-1.2997490167617798,0.5789473684210527,0.8963058976020739,16.0,1383.0
-1.2999532222747803,0.5789473684210527,0.8969539857420609,16.0,1384.0
-1.3007646799087524,0.5789473684210527,0.8976020738820479,16.0,1385.0
-1.301714301109314,0.5789473684210527,0.898250162022035,16.0,1386.0
-1.3042502403259277,0.5789473684210527,0.8988982501620221,16.0,1387.0
-1.3045880794525146,0.5789473684210527,0.899546338302009,16.0,1388.0
-1.3055047988891602,0.5789473684210527,0.9001944264419961,16.0,1389.0
-1.3060369491577148,0.5789473684210527,0.9008425145819832,16.0,1390.0
-1.3079394102096558,0.5789473684210527,0.9014906027219702,16.0,1391.0
-1.3085005283355713,0.5789473684210527,0.9021386908619572,16.0,1392.0
-1.3085923194885254,0.5789473684210527,0.9027867790019443,16.0,1393.0
-1.3099147081375122,0.5789473684210527,0.9034348671419313,16.0,1394.0
-1.3119515180587769,0.5789473684210527,0.9040829552819183,16.0,1395.0
-1.312688946723938,0.5789473684210527,0.9047310434219054,16.0,1396.0
-1.316290259361267,0.5789473684210527,0.9053791315618924,16.0,1397.0
-1.316702127456665,0.5789473684210527,0.9060272197018795,16.0,1398.0
-1.3193511962890625,0.5789473684210527,0.9066753078418665,16.0,1399.0
-1.3209997415542603,0.5789473684210527,0.9073233959818535,16.0,1400.0
-1.321750521659851,0.5789473684210527,0.9079714841218406,16.0,1401.0
-1.3234308958053589,0.5789473684210527,0.9086195722618277,16.0,1402.0
-1.3242219686508179,0.5789473684210527,0.9092676604018146,16.0,1403.0
-1.33009934425354,0.5789473684210527,0.9099157485418017,16.0,1404.0
-1.3302392959594727,0.5789473684210527,0.9105638366817888,16.0,1405.0
-1.3305798768997192,0.5789473684210527,0.9112119248217757,16.0,1406.0
-1.3358123302459717,0.5789473684210527,0.9118600129617628,16.0,1407.0
-1.344666600227356,0.5789473684210527,0.9125081011017498,16.0,1408.0
-1.3458325862884521,0.5789473684210527,0.9131561892417369,16.0,1409.0
-1.3479511737823486,0.5789473684210527,0.9138042773817239,16.0,1410.0
-1.3507425785064697,0.5789473684210527,0.9144523655217109,16.0,1411.0
-1.351199746131897,0.5789473684210527,0.915100453661698,16.0,1412.0
-1.3515996932983398,0.5789473684210527,0.9157485418016851,16.0,1413.0
-1.3555599451065063,0.5789473684210527,0.916396629941672,16.0,1414.0
-1.3576276302337646,0.5789473684210527,0.9170447180816591,16.0,1415.0
-1.357883095741272,0.5789473684210527,0.9176928062216462,16.0,1416.0
-1.360584020614624,0.5789473684210527,0.9183408943616331,16.0,1417.0
-1.3608828783035278,0.5789473684210527,0.9189889825016202,16.0,1418.0
-1.3676596879959106,0.5789473684210527,0.9196370706416073,16.0,1419.0
-1.367815375328064,0.5789473684210527,0.9202851587815943,16.0,1420.0
-1.3704274892807007,0.5789473684210527,0.9209332469215813,16.0,1421.0
-1.378093957901001,0.5789473684210527,0.9215813350615684,16.0,1422.0
-1.3800145387649536,0.5789473684210527,0.9222294232015554,16.0,1423.0
-1.3899959325790405,0.5789473684210527,0.9228775113415425,16.0,1424.0
-1.3968790769577026,0.5789473684210527,0.9235255994815295,16.0,1425.0
-1.3970879316329956,0.5789473684210527,0.9241736876215165,16.0,1426.0
-1.4173531532287598,0.5789473684210527,0.9248217757615036,16.0,1427.0
-1.422321081161499,0.5789473684210527,0.9254698639014906,16.0,1428.0
-1.4338963031768799,0.5789473684210527,0.9261179520414776,16.0,1429.0
-1.4341566562652588,0.5789473684210527,0.9267660401814647,16.0,1430.0
-1.4368377923965454,0.5789473684210527,0.9274141283214518,16.0,1431.0
-1.440615177154541,0.5789473684210527,0.9280622164614387,16.0,1432.0
-1.4461760520935059,0.5789473684210527,0.9287103046014258,16.0,1433.0
-1.4601776599884033,0.5789473684210527,0.9293583927414129,16.0,1434.0
-1.4621365070343018,0.5789473684210527,0.9300064808813999,16.0,1435.0
-1.4624176025390625,0.5789473684210527,0.9306545690213869,16.0,1436.0
-1.4628726243972778,0.5789473684210527,0.931302657161374,16.0,1437.0
-1.4630653858184814,0.5789473684210527,0.931950745301361,16.0,1438.0
-1.464786410331726,0.5789473684210527,0.932598833441348,16.0,1439.0
-1.4870765209197998,0.5789473684210527,0.933246921581335,16.0,1440.0
-1.4897856712341309,0.5789473684210527,0.9338950097213221,16.0,1441.0
-1.4898723363876343,0.5789473684210527,0.9345430978613092,16.0,1442.0
-1.50831937789917,0.5789473684210527,0.9351911860012961,16.0,1443.0
-1.508523941040039,0.5789473684210527,0.9358392741412832,16.0,1444.0
-1.5122737884521484,0.5789473684210527,0.9364873622812703,16.0,1445.0
-1.5155589580535889,0.5789473684210527,0.9371354504212573,16.0,1446.0
-1.5420198440551758,0.5789473684210527,0.9377835385612443,16.0,1447.0
-1.545054316520691,0.5789473684210527,0.9384316267012314,16.0,1448.0
-1.554234266281128,0.5789473684210527,0.9390797148412184,16.0,1449.0
-1.5633251667022705,0.5789473684210527,0.9397278029812054,16.0,1450.0
-1.569417953491211,0.5789473684210527,0.9403758911211925,16.0,1451.0
-1.5695747137069702,0.5789473684210527,0.9410239792611795,16.0,1452.0
-1.5778348445892334,0.5789473684210527,0.9416720674011666,16.0,1453.0
-1.5884300470352173,0.5789473684210527,0.9423201555411536,16.0,1454.0
-1.6005691289901733,0.5789473684210527,0.9429682436811406,16.0,1455.0
-1.6028774976730347,0.5789473684210527,0.9436163318211277,16.0,1456.0
-1.611268162727356,0.5789473684210527,0.9442644199611148,16.0,1457.0
-1.6330907344818115,0.5789473684210527,0.9449125081011017,16.0,1458.0
-1.6511704921722412,0.5789473684210527,0.9455605962410888,16.0,1459.0
-1.6579229831695557,0.5789473684210527,0.9462086843810759,16.0,1460.0
-1.6616113185882568,0.5789473684210527,0.9468567725210628,16.0,1461.0
-1.663906216621399,0.5789473684210527,0.9475048606610499,16.0,1462.0
-1.6684684753417969,0.5789473684210527,0.948152948801037,16.0,1463.0
-1.6702923774719238,0.5789473684210527,0.948801036941024,16.0,1464.0
-1.6723214387893677,0.5789473684210527,0.949449125081011,16.0,1465.0
-1.6757732629776,0.5789473684210527,0.950097213220998,16.0,1466.0
-1.6774756908416748,0.5789473684210527,0.9507453013609851,16.0,1467.0
-1.680088996887207,0.5789473684210527,0.9513933895009722,16.0,1468.0
-1.6808489561080933,0.5789473684210527,0.9520414776409591,16.0,1469.0
-1.6890857219696045,0.5789473684210527,0.9526895657809462,16.0,1470.0
-1.6917250156402588,0.5789473684210527,0.9533376539209333,16.0,1471.0
-1.7008823156356812,0.5789473684210527,0.9539857420609202,16.0,1472.0
-1.7040494680404663,0.5789473684210527,0.9546338302009073,16.0,1473.0
-1.7063902616500854,0.5789473684210527,0.9552819183408944,16.0,1474.0
-1.7232593297958374,0.5789473684210527,0.9559300064808814,16.0,1475.0
-1.7263084650039673,0.5789473684210527,0.9565780946208684,16.0,1476.0
-1.7509685754776,0.5789473684210527,0.9572261827608555,16.0,1477.0
-1.75099515914917,0.5789473684210527,0.9578742709008425,16.0,1478.0
-1.7544329166412354,0.5789473684210527,0.9585223590408296,16.0,1479.0
-1.761730670928955,0.5789473684210527,0.9591704471808166,16.0,1480.0
-1.7735350131988525,0.5789473684210527,0.9598185353208036,16.0,1481.0
-1.7746573686599731,0.5789473684210527,0.9604666234607907,16.0,1482.0
-1.7792094945907593,0.5789473684210527,0.9611147116007777,16.0,1483.0
-1.7863842248916626,0.5789473684210527,0.9617627997407647,16.0,1484.0
-1.7873440980911255,0.5789473684210527,0.9624108878807518,16.0,1485.0
-1.7995291948318481,0.5789473684210527,0.9630589760207389,16.0,1486.0
-1.837671160697937,0.5789473684210527,0.9637070641607258,16.0,1487.0
-1.8380680084228516,0.5789473684210527,0.9643551523007129,16.0,1488.0
-1.8480725288391113,0.5789473684210527,0.9650032404407,16.0,1489.0
-1.8570047616958618,0.5789473684210527,0.9656513285806869,16.0,1490.0
-1.8610835075378418,0.5789473684210527,0.966299416720674,16.0,1491.0
-1.8640601634979248,0.5789473684210527,0.9669475048606611,16.0,1492.0
-1.8725321292877197,0.5789473684210527,0.9675955930006481,16.0,1493.0
-1.952437162399292,0.5789473684210527,0.9682436811406351,16.0,1494.0
-1.9575459957122803,0.5789473684210527,0.9688917692806222,16.0,1495.0
-1.9643652439117432,0.5789473684210527,0.9695398574206092,16.0,1496.0
-1.9954627752304077,0.5789473684210527,0.9701879455605963,16.0,1497.0
-1.999604344367981,0.5789473684210527,0.9708360337005832,16.0,1498.0
-2.0142574310302734,0.5789473684210527,0.9714841218405703,16.0,1499.0
-2.030081272125244,0.5789473684210527,0.9721322099805574,16.0,1500.0
-2.035545587539673,0.5789473684210527,0.9727802981205443,16.0,1501.0
-2.0363924503326416,0.5789473684210527,0.9734283862605314,16.0,1502.0
-2.0430996417999268,0.5789473684210527,0.9740764744005185,16.0,1503.0
-2.066673755645752,0.5789473684210527,0.9747245625405055,16.0,1504.0
-2.077195167541504,0.5789473684210527,0.9753726506804925,16.0,1505.0
-2.100057601928711,0.5789473684210527,0.9760207388204796,16.0,1506.0
-2.1105782985687256,0.5789473684210527,0.9766688269604666,16.0,1507.0
-2.117344856262207,0.5789473684210527,0.9773169151004537,16.0,1508.0
-2.1309542655944824,0.5789473684210527,0.9779650032404407,16.0,1509.0
-2.157156467437744,0.5789473684210527,0.9786130913804277,16.0,1510.0
-2.169156789779663,0.5789473684210527,0.9792611795204148,16.0,1511.0
-2.183893918991089,0.5789473684210527,0.9799092676604018,16.0,1512.0
-2.246767520904541,0.5789473684210527,0.9805573558003888,16.0,1513.0
-2.249403953552246,0.5789473684210527,0.9812054439403759,16.0,1514.0
-2.2697629928588867,0.5789473684210527,0.981853532080363,16.0,1515.0
-2.2710087299346924,0.5789473684210527,0.9825016202203499,16.0,1516.0
-2.3526651859283447,0.5789473684210527,0.983149708360337,16.0,1517.0
-2.4080910682678223,0.5789473684210527,0.9837977965003241,16.0,1518.0
-2.452521800994873,0.5789473684210527,0.9844458846403111,16.0,1519.0
-2.4845633506774902,0.5789473684210527,0.9850939727802981,16.0,1520.0
-2.5233023166656494,0.5789473684210527,0.9857420609202852,16.0,1521.0
-2.560009002685547,0.5789473684210527,0.9863901490602722,16.0,1522.0
-2.5665438175201416,0.5789473684210527,0.9870382372002592,16.0,1523.0
-2.5887961387634277,0.5789473684210527,0.9876863253402463,16.0,1524.0
-2.635146141052246,0.5789473684210527,0.9883344134802333,16.0,1525.0
-2.656064987182617,0.5789473684210527,0.9889825016202204,16.0,1526.0
-2.6814427375793457,0.5789473684210527,0.9896305897602073,16.0,1527.0
