score_threshold,miss_rate,FPPW,TP,FP
2.1843178272247314,0.9736842105263158,0.0,1.0,0.0
1.3893952369689941,0.9473684210526316,0.0006480881399870382,2.0,1.0
1.2136825323104858,0.8947368421052632,0.0012961762799740765,4.0,2.0
1.1688299179077148,0.868421052631579,0.0019442644199611147,5.0,3.0
1.1577335596084595,0.868421052631579,0.002592352559948153,5.0,4.0
1.1539111137390137,0.868421052631579,0.0032404406999351912,5.0,5.0
1.1535518169403076,0.868421052631579,0.0038885288399222295,5.0,6.0
1.1382139921188354,0.868421052631579,0.004536616979909268,5.0,7.0
1.1112221479415894,0.868421052631579,0.005184705119896306,5.0,8.0
1.0908212661743164,0.868421052631579,0.005832793259883344,5.0,9.0
1.0891656875610352,0.868421052631579,0.0064808813998703824,5.0,10.0
1.0751235485076904,0.8421052631578947,0.007128969539857421,6.0,11.0
1.0473589897155762,0.8421052631578947,0.007777057679844459,6.0,12.0
1.0241751670837402,0.8421052631578947,0.008425145819831496,6.0,13.0
1.0201765298843384,0.8421052631578947,0.009073233959818535,6.0,14.0
1.016466736793518,0.8421052631578947,0.009721322099805573,6.0,15.0
1.0112135410308838,0.8157894736842105,0.010369410239792612,7.0,16.0
0.9960747361183167,0.8157894736842105,0.01101749837977965,7.0,17.0
0.9907664656639099,0.8157894736842105,0.011665586519766688,7.0,18.0
0.9883111119270325,0.8157894736842105,0.012313674659753726,7.0,19.0
0.9854015111923218,0.8157894736842105,0.012961762799740765,7.0,20.0
0.9755607843399048,0.7894736842105263,0.013609850939727802,8.0,21.0
0.9751651287078857,0.7894736842105263,0.014257939079714841,8.0,22.0
0.9728718400001526,0.7894736842105263,0.014906027219701879,8.0,23.0
0.9666494727134705,0.7894736842105263,0.015554115359688918,8.0,24.0
0.9606566429138184,0.7894736842105263,0.016202203499675955,8.0,25.0
0.9237011671066284,0.7894736842105263,0.016850291639662993,8.0,26.0
0.8908529281616211,0.7894736842105263,0.017498379779650033,8.0,27.0
0.8795780539512634,0.7631578947368421,0.01814646791963707,9.0,28.0
0.869163453578949,0.7631578947368421,0.018794556059624108,9.0,29.0
0.8671364188194275,0.7631578947368421,0.019442644199611146,9.0,30.0
0.8628093600273132,0.7631578947368421,0.020090732339598186,9.0,31.0
0.857415497303009,0.7631578947368421,0.020738820479585224,9.0,32.0
0.8509915471076965,0.7631578947368421,0.02138690861957226,9.0,33.0
0.8426747918128967,0.7631578947368421,0.0220349967595593,9.0,34.0
0.8400998115539551,0.7631578947368421,0.02268308489954634,9.0,35.0
0.8325440883636475,0.7631578947368421,0.023331173039533377,9.0,36.0
0.8260165452957153,0.7631578947368421,0.023979261179520414,9.0,37.0
0.8224734663963318,0.7631578947368421,0.02462734931950745,9.0,38.0
0.8150877952575684,0.7631578947368421,0.025275437459494492,9.0,39.0
0.812811553478241,0.7631578947368421,0.02592352559948153,9.0,40.0
0.8091148138046265,0.7631578947368421,0.026571613739468567,9.0,41.0
0.8079840540885925,0.7631578947368421,0.027219701879455604,9.0,42.0
0.8074235320091248,0.7631578947368421,0.027867790019442645,9.0,43.0
0.80033940076828,0.7631578947368421,0.028515878159429683,9.0,44.0
0.7951342463493347,0.7631578947368421,0.02916396629941672,9.0,45.0
0.7909875512123108,0.7631578947368421,0.029812054439403757,9.0,46.0
0.7839934825897217,0.7631578947368421,0.0304601425793908,9.0,47.0
0.7784107327461243,0.7631578947368421,0.031108230719377836,9.0,48.0
0.7777594923973083,0.7631578947368421,0.031756318859364877,9.0,49.0
0.7741679549217224,0.7631578947368421,0.03240440699935191,9.0,50.0
0.7680364847183228,0.7631578947368421,0.03305249513933895,9.0,51.0
0.7646085023880005,0.7631578947368421,0.033700583279325985,9.0,52.0
0.7620052099227905,0.7631578947368421,0.034348671419313026,9.0,53.0
0.7524722814559937,0.7631578947368421,0.03499675955930007,9.0,54.0
0.7522342801094055,0.7631578947368421,0.0356448476992871,9.0,55.0
0.7521414756774902,0.7631578947368421,0.03629293583927414,9.0,56.0
0.7493952512741089,0.7631578947368421,0.03694102397926118,9.0,57.0
0.7454273700714111,0.7631578947368421,0.037589112119248216,9.0,58.0
0.7335430383682251,0.7631578947368421,0.03823720025923526,9.0,59.0
0.7315695285797119,0.7631578947368421,0.03888528839922229,9.0,60.0
0.7312042713165283,0.7631578947368421,0.03953337653920933,9.0,61.0
0.7187622785568237,0.7631578947368421,0.04018146467919637,9.0,62.0
0.7155560255050659,0.7631578947368421,0.04082955281918341,9.0,63.0
0.7147265076637268,0.7631578947368421,0.04147764095917045,9.0,64.0
0.7115792036056519,0.7631578947368421,0.04212572909915749,9.0,65.0
0.710639238357544,0.7631578947368421,0.04277381723914452,9.0,66.0
0.7033809423446655,0.7631578947368421,0.04342190537913156,9.0,67.0
0.7026203274726868,0.7631578947368421,0.0440699935191186,9.0,68.0
0.701443076133728,0.7631578947368421,0.04471808165910564,9.0,69.0
0.7007768750190735,0.7631578947368421,0.04536616979909268,9.0,70.0
0.6973641514778137,0.7631578947368421,0.04601425793907971,9.0,71.0
0.6945293545722961,0.7631578947368421,0.046662346079066754,9.0,72.0
0.6864501237869263,0.7631578947368421,0.047310434219053794,9.0,73.0
0.6846601366996765,0.7631578947368421,0.04795852235904083,9.0,74.0
0.6826006174087524,0.7631578947368421,0.04860661049902787,9.0,75.0
0.6792483925819397,0.7631578947368421,0.0492546986390149,9.0,76.0
0.6787698268890381,0.7631578947368421,0.049902786779001944,9.0,77.0
0.6770418286323547,0.7631578947368421,0.050550874918988985,9.0,78.0
0.6764166951179504,0.7631578947368421,0.05119896305897602,9.0,79.0
0.6754665374755859,0.736842105263158,0.05184705119896306,10.0,80.0
0.6728594303131104,0.736842105263158,0.0524951393389501,10.0,81.0
0.6727270483970642,0.736842105263158,0.053143227478937134,10.0,82.0
0.6713677048683167,0.736842105263158,0.053791315618924175,10.0,83.0
0.668522834777832,0.736842105263158,0.05443940375891121,10.0,84.0
0.6501805782318115,0.736842105263158,0.05508749189889825,10.0,85.0
0.6451142430305481,0.736842105263158,0.05573558003888529,10.0,86.0
0.6413530707359314,0.736842105263158,0.056383668178872325,10.0,87.0
0.6408669948577881,0.736842105263158,0.057031756318859365,10.0,88.0
0.6404418349266052,0.7105263157894737,0.057679844458846406,11.0,89.0
0.6389402747154236,0.7105263157894737,0.05832793259883344,11.0,90.0
0.6361598968505859,0.7105263157894737,0.05897602073882048,11.0,91.0
0.6350373029708862,0.7105263157894737,0.059624108878807515,11.0,92.0
0.6329584717750549,0.7105263157894737,0.060272197018794556,11.0,93.0
0.63215571641922,0.7105263157894737,0.0609202851587816,11.0,94.0
0.6316617727279663,0.7105263157894737,0.06156837329876863,11.0,95.0
0.629623532295227,0.7105263157894737,0.06221646143875567,11.0,96.0
0.6259198784828186,0.7105263157894737,0.06286454957874271,11.0,97.0
0.6247417330741882,0.7105263157894737,0.06351263771872975,11.0,98.0
0.6241008043289185,0.7105263157894737,0.06416072585871678,11.0,99.0
0.6239864230155945,0.7105263157894737,0.06480881399870382,11.0,100.0
0.6218738555908203,0.7105263157894737,0.06545690213869086,11.0,101.0
0.6141576766967773,0.7105263157894737,0.0661049902786779,11.0,102.0
0.612623393535614,0.7105263157894737,0.06675307841866494,11.0,103.0
0.6115016937255859,0.7105263157894737,0.06740116655865197,11.0,104.0
0.6080465912818909,0.7105263157894737,0.06804925469863901,11.0,105.0
0.6019247174263,0.7105263157894737,0.06869734283862605,11.0,106.0
0.5970563888549805,0.7105263157894737,0.06934543097861309,11.0,107.0
0.5947439670562744,0.7105263157894737,0.06999351911860013,11.0,108.0
0.5929151177406311,0.7105263157894737,0.07064160725858717,11.0,109.0
0.5898857116699219,0.7105263157894737,0.0712896953985742,11.0,110.0
0.5880535244941711,0.7105263157894737,0.07193778353856124,11.0,111.0
0.5842682123184204,0.7105263157894737,0.07258587167854828,11.0,112.0
0.5774197578430176,0.6842105263157895,0.07323395981853532,12.0,113.0
0.5723214149475098,0.6842105263157895,0.07388204795852236,12.0,114.0
0.5720345973968506,0.6842105263157895,0.07453013609850939,12.0,115.0
0.5715717673301697,0.6842105263157895,0.07517822423849643,12.0,116.0
0.5687878131866455,0.6842105263157895,0.07582631237848347,12.0,117.0
0.565304160118103,0.6842105263157895,0.07647440051847051,12.0,118.0
0.5624008178710938,0.6578947368421053,0.07712248865845756,13.0,119.0
0.5541095733642578,0.6578947368421053,0.07777057679844458,13.0,120.0
0.5468200445175171,0.6578947368421053,0.07841866493843162,13.0,121.0
0.5467854142189026,0.6578947368421053,0.07906675307841866,13.0,122.0
0.5465129017829895,0.6578947368421053,0.0797148412184057,13.0,123.0
0.5464689135551453,0.6578947368421053,0.08036292935839275,13.0,124.0
0.5459725260734558,0.6578947368421053,0.08101101749837979,13.0,125.0
0.5437403321266174,0.6578947368421053,0.08165910563836681,13.0,126.0
0.543515682220459,0.6578947368421053,0.08230719377835385,13.0,127.0
0.5424721240997314,0.6578947368421053,0.0829552819183409,13.0,128.0
0.5424339175224304,0.6578947368421053,0.08360337005832794,13.0,129.0
0.5405259132385254,0.6578947368421053,0.08425145819831498,13.0,130.0
0.5402089357376099,0.6578947368421053,0.084899546338302,13.0,131.0
0.5382943749427795,0.6578947368421053,0.08554763447828904,13.0,132.0
0.5379045605659485,0.6578947368421053,0.08619572261827609,13.0,133.0
0.5323476195335388,0.6578947368421053,0.08684381075826313,13.0,134.0
0.5263548493385315,0.6578947368421053,0.08749189889825017,13.0,135.0
0.5252082943916321,0.6578947368421053,0.0881399870382372,13.0,136.0
0.5249904990196228,0.6578947368421053,0.08878807517822424,13.0,137.0
0.5227479338645935,0.6578947368421053,0.08943616331821128,13.0,138.0
0.5213317275047302,0.6578947368421053,0.09008425145819832,13.0,139.0
0.5191000699996948,0.6578947368421053,0.09073233959818536,13.0,140.0
0.5067486763000488,0.6578947368421053,0.09138042773817238,13.0,141.0
0.5065297484397888,0.6578947368421053,0.09202851587815943,13.0,142.0
0.5021989941596985,0.6578947368421053,0.09267660401814647,13.0,143.0
0.49631017446517944,0.6578947368421053,0.09332469215813351,13.0,144.0
0.4950486123561859,0.6578947368421053,0.09397278029812055,13.0,145.0
0.4890066981315613,0.6578947368421053,0.09462086843810759,13.0,146.0
0.48225125670433044,0.6578947368421053,0.09526895657809462,13.0,147.0
0.47692587971687317,0.6578947368421053,0.09591704471808166,13.0,148.0
0.47648298740386963,0.6578947368421053,0.0965651328580687,13.0,149.0
0.475593626499176,0.6578947368421053,0.09721322099805574,13.0,150.0
0.4721653461456299,0.6578947368421053,0.09786130913804278,13.0,151.0
0.47204241156578064,0.6578947368421053,0.0985093972780298,13.0,152.0
0.4640907347202301,0.6578947368421053,0.09915748541801685,13.0,153.0
0.45526424050331116,0.6578947368421053,0.09980557355800389,13.0,154.0
0.444967120885849,0.6578947368421053,0.10045366169799093,13.0,155.0
0.44041118025779724,0.631578947368421,0.10110174983797797,14.0,156.0
0.43657106161117554,0.631578947368421,0.101749837977965,14.0,157.0
0.432815283536911,0.631578947368421,0.10239792611795204,14.0,158.0
0.43251681327819824,0.631578947368421,0.10304601425793908,14.0,159.0
0.4271601438522339,0.631578947368421,0.10369410239792612,14.0,160.0
0.4259326756000519,0.631578947368421,0.10434219053791316,14.0,161.0
0.42537811398506165,0.631578947368421,0.1049902786779002,14.0,162.0
0.42534470558166504,0.631578947368421,0.10563836681788723,14.0,163.0
0.41946566104888916,0.631578947368421,0.10628645495787427,14.0,164.0
0.4193625748157501,0.631578947368421,0.10693454309786131,14.0,165.0
0.418442964553833,0.631578947368421,0.10758263123784835,14.0,166.0
0.4182019531726837,0.631578947368421,0.10823071937783539,14.0,167.0
0.4171910881996155,0.631578947368421,0.10887880751782242,14.0,168.0
0.4146355986595154,0.631578947368421,0.10952689565780946,14.0,169.0
0.4129171669483185,0.631578947368421,0.1101749837977965,14.0,170.0
0.41243812441825867,0.631578947368421,0.11082307193778354,14.0,171.0
0.41186150908470154,0.631578947368421,0.11147116007777058,14.0,172.0
0.41056516766548157,0.631578947368421,0.11211924821775761,14.0,173.0
0.4064566493034363,0.631578947368421,0.11276733635774465,14.0,174.0
0.4056430160999298,0.631578947368421,0.11341542449773169,14.0,175.0
0.40548962354660034,0.631578947368421,0.11406351263771873,14.0,176.0
0.4047580063343048,0.631578947368421,0.11471160077770577,14.0,177.0
0.4035502076148987,0.631578947368421,0.11535968891769281,14.0,178.0
0.4020870327949524,0.631578947368421,0.11600777705767984,14.0,179.0
0.401775598526001,0.631578947368421,0.11665586519766688,14.0,180.0
0.39948201179504395,0.631578947368421,0.11730395333765392,14.0,181.0
0.3984144628047943,0.631578947368421,0.11795204147764096,14.0,182.0
0.397765576839447,0.631578947368421,0.118600129617628,14.0,183.0
0.3949213922023773,0.631578947368421,0.11924821775761503,14.0,184.0
0.3939480781555176,0.631578947368421,0.11989630589760207,14.0,185.0
0.39086073637008667,0.631578947368421,0.12054439403758911,14.0,186.0
0.3900224268436432,0.631578947368421,0.12119248217757615,14.0,187.0
0.38667184114456177,0.631578947368421,0.1218405703175632,14.0,188.0
0.38527634739875793,0.631578947368421,0.12248865845755022,14.0,189.0
0.38517144322395325,0.631578947368421,0.12313674659753726,14.0,190.0
0.3712064027786255,0.631578947368421,0.1237848347375243,14.0,191.0
0.37000277638435364,0.631578947368421,0.12443292287751134,14.0,192.0
0.3672298192977905,0.631578947368421,0.12508101101749838,14.0,193.0
0.3666461110115051,0.631578947368421,0.12572909915748542,14.0,194.0
0.3618391752243042,0.631578947368421,0.12637718729747247,14.0,195.0
0.361675888299942,0.631578947368421,0.1270252754374595,14.0,196.0
0.3570069372653961,0.631578947368421,0.12767336357744652,14.0,197.0
0.35446351766586304,0.631578947368421,0.12832145171743356,14.0,198.0
0.35328423976898193,0.631578947368421,0.1289695398574206,14.0,199.0
0.35243335366249084,0.631578947368421,0.12961762799740764,14.0,200.0
0.3519383370876312,0.631578947368421,0.13026571613739468,14.0,201.0
0.34945744276046753,0.631578947368421,0.13091380427738172,14.0,202.0
0.34908628463745117,0.631578947368421,0.13156189241736876,14.0,203.0
0.3408837616443634,0.631578947368421,0.1322099805573558,14.0,204.0
0.33747485280036926,0.631578947368421,0.13285806869734285,14.0,205.0
0.33687683939933777,0.631578947368421,0.1335061568373299,14.0,206.0
0.3363635838031769,0.631578947368421,0.13415424497731693,14.0,207.0
0.33615484833717346,0.631578947368421,0.13480233311730394,14.0,208.0
0.3359488844871521,0.631578947368421,0.13545042125729098,14.0,209.0
0.3355906307697296,0.631578947368421,0.13609850939727802,14.0,210.0
0.3335690498352051,0.631578947368421,0.13674659753726506,14.0,211.0
0.33052876591682434,0.631578947368421,0.1373946856772521,14.0,212.0
0.32893869280815125,0.631578947368421,0.13804277381723914,14.0,213.0
0.32838645577430725,0.631578947368421,0.13869086195722619,14.0,214.0
0.3283531665802002,0.631578947368421,0.13933895009721323,14.0,215.0
0.3276013433933258,0.631578947368421,0.13998703823720027,14.0,216.0
0.32726868987083435,0.631578947368421,0.1406351263771873,14.0,217.0
0.326249361038208,0.631578947368421,0.14128321451717435,14.0,218.0
0.32536980509757996,0.631578947368421,0.14193130265716136,14.0,219.0
0.3223675489425659,0.631578947368421,0.1425793907971484,14.0,220.0
0.32223817706108093,0.631578947368421,0.14322747893713544,14.0,221.0
0.31946128606796265,0.631578947368421,0.14387556707712248,14.0,222.0
0.3181462287902832,0.631578947368421,0.14452365521710953,14.0,223.0
0.3179801404476166,0.631578947368421,0.14517174335709657,14.0,224.0
0.31576377153396606,0.631578947368421,0.1458198314970836,14.0,225.0
0.3146241307258606,0.631578947368421,0.14646791963707065,14.0,226.0
0.31417641043663025,0.631578947368421,0.1471160077770577,14.0,227.0
0.31294548511505127,0.631578947368421,0.14776409591704473,14.0,228.0
0.3110937476158142,0.631578947368421,0.14841218405703174,14.0,229.0
0.31010520458221436,0.631578947368421,0.14906027219701878,14.0,230.0
0.30870190262794495,0.631578947368421,0.14970836033700582,14.0,231.0
0.30670732259750366,0.631578947368421,0.15035644847699287,14.0,232.0
0.30386266112327576,0.631578947368421,0.1510045366169799,14.0,233.0
0.3028876781463623,0.631578947368421,0.15165262475696695,14.0,234.0
0.30284255743026733,0.631578947368421,0.152300712896954,14.0,235.0
0.30252373218536377,0.631578947368421,0.15294880103694103,14.0,236.0
0.29800155758857727,0.631578947368421,0.15359688917692807,14.0,237.0
0.29671624302864075,0.631578947368421,0.1542449773169151,14.0,238.0
0.2959822118282318,0.6052631578947368,0.15489306545690215,15.0,239.0
0.29528021812438965,0.6052631578947368,0.15554115359688916,15.0,240.0
0.2935805320739746,0.6052631578947368,0.1561892417368762,15.0,241.0
0.2929835617542267,0.6052631578947368,0.15683732987686325,15.0,242.0
0.2902017831802368,0.6052631578947368,0.1574854180168503,15.0,243.0
0.2898389399051666,0.6052631578947368,0.15813350615683733,15.0,244.0
0.28931012749671936,0.6052631578947368,0.15878159429682437,15.0,245.0
0.2892792820930481,0.6052631578947368,0.1594296824368114,15.0,246.0
0.2891826927661896,0.6052631578947368,0.16007777057679845,15.0,247.0
0.288906991481781,0.6052631578947368,0.1607258587167855,15.0,248.0
0.2827804684638977,0.6052631578947368,0.16137394685677253,15.0,249.0
0.28203874826431274,0.6052631578947368,0.16202203499675957,15.0,250.0
0.2819686532020569,0.6052631578947368,0.16267012313674659,15.0,251.0
0.2803674042224884,0.6052631578947368,0.16331821127673363,15.0,252.0
0.2792699337005615,0.6052631578947368,0.16396629941672067,15.0,253.0
0.27592483162879944,0.6052631578947368,0.1646143875567077,15.0,254.0
0.2749350070953369,0.6052631578947368,0.16526247569669475,15.0,255.0
0.2747475802898407,0.6052631578947368,0.1659105638366818,15.0,256.0
0.2735922932624817,0.6052631578947368,0.16655865197666883,15.0,257.0
0.27169325947761536,0.6052631578947368,0.16720674011665587,15.0,258.0
0.27152684330940247,0.6052631578947368,0.1678548282566429,15.0,259.0
0.27136069536209106,0.6052631578947368,0.16850291639662995,15.0,260.0
0.27126097679138184,0.6052631578947368,0.16915100453661697,15.0,261.0
0.2681387960910797,0.6052631578947368,0.169799092676604,15.0,262.0
0.26736757159233093,0.6052631578947368,0.17044718081659105,15.0,263.0
0.2649215757846832,0.6052631578947368,0.1710952689565781,15.0,264.0
0.2648872435092926,0.6052631578947368,0.17174335709656513,15.0,265.0
0.2628534138202667,0.6052631578947368,0.17239144523655217,15.0,266.0
0.2626480460166931,0.6052631578947368,0.1730395333765392,15.0,267.0
0.26254186034202576,0.6052631578947368,0.17368762151652625,15.0,268.0
0.2624553143978119,0.6052631578947368,0.1743357096565133,15.0,269.0
0.2611101567745209,0.6052631578947368,0.17498379779650033,15.0,270.0
0.2602488696575165,0.6052631578947368,0.17563188593648738,15.0,271.0
0.2596951425075531,0.6052631578947368,0.1762799740764744,15.0,272.0
0.259623259305954,0.6052631578947368,0.17692806221646143,15.0,273.0
0.2577022314071655,0.6052631578947368,0.17757615035644847,15.0,274.0
0.25605472922325134,0.6052631578947368,0.1782242384964355,15.0,275.0
0.2544138729572296,0.6052631578947368,0.17887232663642255,15.0,276.0
0.2543635964393616,0.6052631578947368,0.1795204147764096,15.0,277.0
0.2540992796421051,0.6052631578947368,0.18016850291639663,15.0,278.0
0.25368738174438477,0.6052631578947368,0.18081659105638367,15.0,279.0
0.2501254379749298,0.6052631578947368,0.18146467919637072,15.0,280.0
0.2495937943458557,0.6052631578947368,0.18211276733635776,15.0,281.0
0.2493673712015152,0.6052631578947368,0.18276085547634477,15.0,282.0
0.2488062083721161,0.6052631578947368,0.1834089436163318,15.0,283.0
0.24718335270881653,0.6052631578947368,0.18405703175631885,15.0,284.0
0.24638453125953674,0.6052631578947368,0.1847051198963059,15.0,285.0
0.2457859367132187,0.6052631578947368,0.18535320803629293,15.0,286.0
0.24500799179077148,0.6052631578947368,0.18600129617627997,15.0,287.0
0.24199897050857544,0.6052631578947368,0.18664938431626701,15.0,288.0
0.241491436958313,0.6052631578947368,0.18729747245625405,15.0,289.0
0.2410171926021576,0.6052631578947368,0.1879455605962411,15.0,290.0
0.2405356466770172,0.6052631578947368,0.18859364873622814,15.0,291.0
0.23835790157318115,0.6052631578947368,0.18924173687621518,15.0,292.0
0.23613649606704712,0.6052631578947368,0.1898898250162022,15.0,293.0
0.23567748069763184,0.6052631578947368,0.19053791315618923,15.0,294.0
0.2322455197572708,0.6052631578947368,0.19118600129617627,15.0,295.0
0.23196245729923248,0.6052631578947368,0.1918340894361633,15.0,296.0
0.23189042508602142,0.6052631578947368,0.19248217757615035,15.0,297.0
0.23054565489292145,0.6052631578947368,0.1931302657161374,15.0,298.0
0.22921685874462128,0.6052631578947368,0.19377835385612444,15.0,299.0
0.22698022425174713,0.6052631578947368,0.19442644199611148,15.0,300.0
0.2242419719696045,0.6052631578947368,0.19507453013609852,15.0,301.0
0.223872572183609,0.6052631578947368,0.19572261827608556,15.0,302.0
0.22074133157730103,0.6052631578947368,0.1963707064160726,15.0,303.0
0.22039546072483063,0.6052631578947368,0.1970187945560596,15.0,304.0
0.21882601082324982,0.6052631578947368,0.19766688269604665,15.0,305.0
0.21628086268901825,0.6052631578947368,0.1983149708360337,15.0,306.0
0.21240705251693726,0.6052631578947368,0.19896305897602073,15.0,307.0
0.2117108404636383,0.6052631578947368,0.19961114711600778,15.0,308.0
0.2109207659959793,0.6052631578947368,0.20025923525599482,15.0,309.0
0.21046273410320282,0.6052631578947368,0.20090732339598186,15.0,310.0
0.20959138870239258,0.6052631578947368,0.2015554115359689,15.0,311.0
0.2090204805135727,0.6052631578947368,0.20220349967595594,15.0,312.0
0.2088036686182022,0.6052631578947368,0.20285158781594298,15.0,313.0
0.20752322673797607,0.6052631578947368,0.20349967595593,15.0,314.0
0.20581388473510742,0.6052631578947368,0.20414776409591703,15.0,315.0
0.20330366492271423,0.6052631578947368,0.20479585223590407,15.0,316.0
0.20294542610645294,0.6052631578947368,0.20544394037589112,15.0,317.0
0.20281840860843658,0.6052631578947368,0.20609202851587816,15.0,318.0
0.1998661309480667,0.6052631578947368,0.2067401166558652,15.0,319.0
0.19959108531475067,0.6052631578947368,0.20738820479585224,15.0,320.0
0.19815443456172943,0.6052631578947368,0.20803629293583928,15.0,321.0
0.19725249707698822,0.6052631578947368,0.20868438107582632,15.0,322.0
0.1951799988746643,0.6052631578947368,0.20933246921581336,15.0,323.0
0.19177810847759247,0.6052631578947368,0.2099805573558004,15.0,324.0
0.1910104900598526,0.6052631578947368,0.21062864549578741,15.0,325.0
0.19037383794784546,0.6052631578947368,0.21127673363577446,15.0,326.0
0.18901091814041138,0.6052631578947368,0.2119248217757615,15.0,327.0
0.18847210705280304,0.6052631578947368,0.21257290991574854,15.0,328.0
0.18492533266544342,0.6052631578947368,0.21322099805573558,15.0,329.0
0.18387170135974884,0.6052631578947368,0.21386908619572262,15.0,330.0
0.1832454353570938,0.6052631578947368,0.21451717433570966,15.0,331.0
0.1827400028705597,0.6052631578947368,0.2151652624756967,15.0,332.0
0.18260765075683594,0.6052631578947368,0.21581335061568374,15.0,333.0
0.18099555373191833,0.6052631578947368,0.21646143875567078,15.0,334.0
0.17846105992794037,0.6052631578947368,0.21710952689565782,15.0,335.0
0.17640410363674164,0.6052631578947368,0.21775761503564484,15.0,336.0
0.1761121302843094,0.6052631578947368,0.21840570317563188,15.0,337.0
0.17371635138988495,0.6052631578947368,0.21905379131561892,15.0,338.0
0.17223232984542847,0.6052631578947368,0.21970187945560596,15.0,339.0
0.17103098332881927,0.6052631578947368,0.220349967595593,15.0,340.0
0.17096327245235443,0.6052631578947368,0.22099805573558004,15.0,341.0
0.17064838111400604,0.6052631578947368,0.22164614387556708,15.0,342.0
0.17016315460205078,0.6052631578947368,0.22229423201555412,15.0,343.0
0.16860613226890564,0.6052631578947368,0.22294232015554116,15.0,344.0
0.16805963218212128,0.6052631578947368,0.2235904082955282,15.0,345.0
0.16697347164154053,0.6052631578947368,0.22423849643551522,15.0,346.0
0.16486352682113647,0.6052631578947368,0.22488658457550226,15.0,347.0
0.16454030573368073,0.6052631578947368,0.2255346727154893,15.0,348.0
0.16434316337108612,0.6052631578947368,0.22618276085547634,15.0,349.0
0.16226255893707275,0.6052631578947368,0.22683084899546338,15.0,350.0
0.1613144874572754,0.6052631578947368,0.22747893713545042,15.0,351.0
0.16070863604545593,0.6052631578947368,0.22812702527543746,15.0,352.0
0.15966346859931946,0.6052631578947368,0.2287751134154245,15.0,353.0
0.158472940325737,0.6052631578947368,0.22942320155541154,15.0,354.0
0.15810422599315643,0.6052631578947368,0.23007128969539858,15.0,355.0
0.1560298502445221,0.6052631578947368,0.23071937783538563,15.0,356.0
0.15579301118850708,0.6052631578947368,0.23136746597537264,15.0,357.0
0.15551665425300598,0.6052631578947368,0.23201555411535968,15.0,358.0
0.15455138683319092,0.6052631578947368,0.23266364225534672,15.0,359.0
0.1542961150407791,0.6052631578947368,0.23331173039533376,15.0,360.0
0.15415725111961365,0.6052631578947368,0.2339598185353208,15.0,361.0
0.1529075652360916,0.6052631578947368,0.23460790667530784,15.0,362.0
0.1527051031589508,0.6052631578947368,0.23525599481529488,15.0,363.0
0.15187442302703857,0.6052631578947368,0.23590408295528192,15.0,364.0
0.15105722844600677,0.6052631578947368,0.23655217109526896,15.0,365.0
0.14971287548542023,0.6052631578947368,0.237200259235256,15.0,366.0
0.1492113620042801,0.6052631578947368,0.23784834737524305,15.0,367.0
0.14823396503925323,0.6052631578947368,0.23849643551523006,15.0,368.0
0.14761883020401,0.6052631578947368,0.2391445236552171,15.0,369.0
0.14721839129924774,0.6052631578947368,0.23979261179520414,15.0,370.0
0.1465921849012375,0.6052631578947368,0.24044069993519118,15.0,371.0
0.14562185108661652,0.6052631578947368,0.24108878807517822,15.0,372.0
0.1437923163175583,0.6052631578947368,0.24173687621516526,15.0,373.0
0.14353540539741516,0.6052631578947368,0.2423849643551523,15.0,374.0
0.1430184245109558,0.6052631578947368,0.24303305249513935,15.0,375.0
0.14295630156993866,0.6052631578947368,0.2436811406351264,15.0,376.0
0.14273782074451447,0.6052631578947368,0.24432922877511343,15.0,377.0
0.14127282798290253,0.6052631578947368,0.24497731691510044,15.0,378.0
0.14064419269561768,0.6052631578947368,0.24562540505508748,15.0,379.0
0.14013729989528656,0.6052631578947368,0.24627349319507452,15.0,380.0
0.13934434950351715,0.6052631578947368,0.24692158133506156,15.0,381.0
0.1376858353614807,0.6052631578947368,0.2475696694750486,15.0,382.0
0.1346638798713684,0.6052631578947368,0.24821775761503564,15.0,383.0
0.13446807861328125,0.6052631578947368,0.24886584575502269,15.0,384.0
0.133110910654068,0.6052631578947368,0.24951393389500973,15.0,385.0
0.13243608176708221,0.6052631578947368,0.25016202203499677,15.0,386.0
0.13235831260681152,0.6052631578947368,0.2508101101749838,15.0,387.0
0.13015766441822052,0.6052631578947368,0.25145819831497085,15.0,388.0
0.12951578199863434,0.6052631578947368,0.25210628645495786,15.0,389.0
0.12790513038635254,0.6052631578947368,0.25275437459494493,15.0,390.0
0.1269184798002243,0.6052631578947368,0.25340246273493194,15.0,391.0
0.12542326748371124,0.6052631578947368,0.254050550874919,15.0,392.0
0.1237475648522377,0.6052631578947368,0.254698639014906,15.0,393.0
0.12124922126531601,0.6052631578947368,0.25534672715489304,15.0,394.0
0.1176624521613121,0.6052631578947368,0.2559948152948801,15.0,395.0
0.11763229966163635,0.6052631578947368,0.2566429034348671,15.0,396.0
0.11716317385435104,0.6052631578947368,0.2572909915748542,15.0,397.0
0.11589160561561584,0.6052631578947368,0.2579390797148412,15.0,398.0
0.11516029387712479,0.6052631578947368,0.25858716785482827,15.0,399.0
0.11412615329027176,0.6052631578947368,0.2592352559948153,15.0,400.0
0.11393259465694427,0.6052631578947368,0.25988334413480235,15.0,401.0
0.11306330561637878,0.6052631578947368,0.26053143227478937,15.0,402.0
0.1120581105351448,0.6052631578947368,0.26117952041477643,15.0,403.0
0.11166784912347794,0.6052631578947368,0.26182760855476345,15.0,404.0
0.1105022057890892,0.6052631578947368,0.26247569669475046,15.0,405.0
0.10970441997051239,0.6052631578947368,0.26312378483473753,15.0,406.0
0.10914908349514008,0.6052631578947368,0.26377187297472454,15.0,407.0
0.10476548224687576,0.6052631578947368,0.2644199611147116,15.0,408.0
0.10353931039571762,0.6052631578947368,0.2650680492546986,15.0,409.0
0.1031668558716774,0.6052631578947368,0.2657161373946857,15.0,410.0
0.10281633585691452,0.6052631578947368,0.2663642255346727,15.0,411.0
0.10268951207399368,0.6052631578947368,0.2670123136746598,15.0,412.0
0.10255204141139984,0.6052631578947368,0.2676604018146468,15.0,413.0
0.10192213952541351,0.6052631578947368,0.26830848995463386,15.0,414.0
0.10145735740661621,0.6052631578947368,0.26895657809462087,15.0,415.0
0.09979347884654999,0.6052631578947368,0.2696046662346079,15.0,416.0
0.09812673181295395,0.6052631578947368,0.27025275437459495,15.0,417.0
0.09630683809518814,0.6052631578947368,0.27090084251458196,15.0,418.0
0.09620711207389832,0.6052631578947368,0.27154893065456903,15.0,419.0
0.09555414319038391,0.6052631578947368,0.27219701879455604,15.0,420.0
0.09414777904748917,0.6052631578947368,0.2728451069345431,15.0,421.0
0.09314469248056412,0.6052631578947368,0.2734931950745301,15.0,422.0
0.09313278645277023,0.6052631578947368,0.2741412832145172,15.0,423.0
0.09268046915531158,0.6052631578947368,0.2747893713545042,15.0,424.0
0.0916566327214241,0.6052631578947368,0.2754374594944913,15.0,425.0
0.09129498898983002,0.6052631578947368,0.2760855476344783,15.0,426.0
0.09107132256031036,0.6052631578947368,0.2767336357744653,15.0,427.0
0.08902782946825027,0.6052631578947368,0.27738172391445237,15.0,428.0
0.08878762274980545,0.6052631578947368,0.2780298120544394,15.0,429.0
0.0882105752825737,0.6052631578947368,0.27867790019442645,15.0,430.0
0.0867571011185646,0.6052631578947368,0.27932598833441347,15.0,431.0
0.08624894171953201,0.6052631578947368,0.27997407647440054,15.0,432.0
0.08389727026224136,0.6052631578947368,0.28062216461438755,15.0,433.0
0.0833444595336914,0.6052631578947368,0.2812702527543746,15.0,434.0
0.08182787895202637,0.6052631578947368,0.28191834089436163,15.0,435.0
0.08167620748281479,0.6052631578947368,0.2825664290343487,15.0,436.0
0.08109287917613983,0.6052631578947368,0.2832145171743357,15.0,437.0
0.08101091533899307,0.6052631578947368,0.2838626053143227,15.0,438.0
0.08042106032371521,0.6052631578947368,0.2845106934543098,15.0,439.0
0.08000640571117401,0.6052631578947368,0.2851587815942968,15.0,440.0
0.07990626245737076,0.6052631578947368,0.2858068697342839,15.0,441.0
0.07966124266386032,0.6052631578947368,0.2864549578742709,15.0,442.0
0.07727576792240143,0.6052631578947368,0.28710304601425796,15.0,443.0
0.0751076340675354,0.6052631578947368,0.28775113415424497,15.0,444.0
0.07505612075328827,0.6052631578947368,0.28839922229423204,15.0,445.0
0.07500040531158447,0.6052631578947368,0.28904731043421905,15.0,446.0
0.07489744573831558,0.6052631578947368,0.28969539857420606,15.0,447.0
0.07442156970500946,0.6052631578947368,0.29034348671419313,15.0,448.0
0.07422278076410294,0.6052631578947368,0.29099157485418015,15.0,449.0
0.07298986613750458,0.6052631578947368,0.2916396629941672,15.0,450.0
0.07109542936086655,0.6052631578947368,0.29228775113415423,15.0,451.0
0.07105802744626999,0.6052631578947368,0.2929358392741413,15.0,452.0
0.07079506665468216,0.6052631578947368,0.2935839274141283,15.0,453.0
0.07071001082658768,0.6052631578947368,0.2942320155541154,15.0,454.0
0.07056895643472672,0.6052631578947368,0.2948801036941024,15.0,455.0
0.06988871097564697,0.6052631578947368,0.29552819183408946,15.0,456.0
0.06962095201015472,0.6052631578947368,0.2961762799740765,15.0,457.0
0.06807030737400055,0.6052631578947368,0.2968243681140635,15.0,458.0
0.06714684516191483,0.6052631578947368,0.29747245625405055,15.0,459.0
0.06701960414648056,0.6052631578947368,0.29812054439403757,15.0,460.0
0.06698925048112869,0.6052631578947368,0.29876863253402464,15.0,461.0
0.06576259434223175,0.6052631578947368,0.29941672067401165,15.0,462.0
0.0657314881682396,0.6052631578947368,0.3000648088139987,15.0,463.0
0.06280732154846191,0.6052631578947368,0.30071289695398573,15.0,464.0
0.06223078817129135,0.6052631578947368,0.3013609850939728,15.0,465.0
0.061060402542352676,0.6052631578947368,0.3020090732339598,15.0,466.0
0.06040509045124054,0.6052631578947368,0.3026571613739469,15.0,467.0
0.05974859744310379,0.6052631578947368,0.3033052495139339,15.0,468.0
0.05963410809636116,0.6052631578947368,0.3039533376539209,15.0,469.0
0.059306833893060684,0.6052631578947368,0.304601425793908,15.0,470.0
0.059126563370227814,0.6052631578947368,0.305249513933895,15.0,471.0
0.05648622661828995,0.6052631578947368,0.30589760207388206,15.0,472.0
0.05626583471894264,0.6052631578947368,0.30654569021386907,15.0,473.0
0.056252848356962204,0.6052631578947368,0.30719377835385614,15.0,474.0
0.055591173470020294,0.6052631578947368,0.30784186649384315,15.0,475.0
0.05349314957857132,0.6052631578947368,0.3084899546338302,15.0,476.0
0.053372129797935486,0.6052631578947368,0.30913804277381723,15.0,477.0
0.05293874070048332,0.6052631578947368,0.3097861309138043,15.0,478.0
0.052797582000494,0.6052631578947368,0.3104342190537913,15.0,479.0
0.052721623331308365,0.6052631578947368,0.31108230719377833,15.0,480.0
0.05227522552013397,0.6052631578947368,0.3117303953337654,15.0,481.0
0.051971036940813065,0.6052631578947368,0.3123784834737524,15.0,482.0
0.05159590393304825,0.6052631578947368,0.3130265716137395,15.0,483.0
0.0505860410630703,0.6052631578947368,0.3136746597537265,15.0,484.0
0.04994620755314827,0.6052631578947368,0.31432274789371356,15.0,485.0
0.04964767023921013,0.6052631578947368,0.3149708360337006,15.0,486.0
0.04945104941725731,0.6052631578947368,0.31561892417368764,15.0,487.0
0.04879441112279892,0.6052631578947368,0.31626701231367466,15.0,488.0
0.04835174232721329,0.6052631578947368,0.3169151004536617,15.0,489.0
0.046765897423028946,0.6052631578947368,0.31756318859364874,15.0,490.0
0.04556005448102951,0.6052631578947368,0.31821127673363575,15.0,491.0
0.04329169541597366,0.6052631578947368,0.3188593648736228,15.0,492.0
0.04297187551856041,0.6052631578947368,0.31950745301360983,15.0,493.0
0.04239256680011749,0.6052631578947368,0.3201555411535969,15.0,494.0
0.04200701788067818,0.6052631578947368,0.3208036292935839,15.0,495.0
0.04051142558455467,0.6052631578947368,0.321451717433571,15.0,496.0
0.0402221716940403,0.6052631578947368,0.322099805573558,15.0,497.0
0.04003995284438133,0.6052631578947368,0.32274789371354506,15.0,498.0
0.03995135799050331,0.6052631578947368,0.3233959818535321,15.0,499.0
0.03950566053390503,0.6052631578947368,0.32404406999351915,15.0,500.0
0.03847743198275566,0.6052631578947368,0.32469215813350616,15.0,501.0
0.03738454356789589,0.6052631578947368,0.32534024627349317,15.0,502.0
0.0349312461912632,0.6052631578947368,0.32598833441348024,15.0,503.0
0.03487977758049965,0.6052631578947368,0.32663642255346725,15.0,504.0
0.0339779257774353,0.6052631578947368,0.3272845106934543,15.0,505.0
0.03277890011668205,0.6052631578947368,0.32793259883344134,15.0,506.0
0.032182492315769196,0.6052631578947368,0.3285806869734284,15.0,507.0
0.03201593831181526,0.6052631578947368,0.3292287751134154,15.0,508.0
0.030939452350139618,0.6052631578947368,0.3298768632534025,15.0,509.0
0.030582444742321968,0.6052631578947368,0.3305249513933895,15.0,510.0
0.02960795722901821,0.6052631578947368,0.3311730395333765,15.0,511.0
0.02744600735604763,0.6052631578947368,0.3318211276733636,15.0,512.0
0.027429010719060898,0.6052631578947368,0.3324692158133506,15.0,513.0
0.02692403830587864,0.6052631578947368,0.33311730395333766,15.0,514.0
0.02666027657687664,0.6052631578947368,0.3337653920933247,15.0,515.0
0.02630598098039627,0.6052631578947368,0.33441348023331174,15.0,516.0
0.026276463642716408,0.6052631578947368,0.33506156837329876,15.0,517.0
0.025675248354673386,0.6052631578947368,0.3357096565132858,15.0,518.0
0.02449025586247444,0.6052631578947368,0.33635774465327284,15.0,519.0
0.022534824907779694,0.6052631578947368,0.3370058327932599,15.0,520.0
0.022370213642716408,0.6052631578947368,0.3376539209332469,15.0,521.0
0.022289887070655823,0.6052631578947368,0.33830200907323393,15.0,522.0
0.021550696343183517,0.6052631578947368,0.338950097213221,15.0,523.0
0.020349586382508278,0.6052631578947368,0.339598185353208,15.0,524.0
0.020108411088585854,0.6052631578947368,0.3402462734931951,15.0,525.0
0.01950402930378914,0.6052631578947368,0.3408943616331821,15.0,526.0
0.019119223579764366,0.6052631578947368,0.34154244977316917,15.0,527.0
0.017349805682897568,0.6052631578947368,0.3421905379131562,15.0,528.0
0.016806883737444878,0.6052631578947368,0.34283862605314325,15.0,529.0
0.016639746725559235,0.6052631578947368,0.34348671419313026,15.0,530.0
0.01639489084482193,0.6052631578947368,0.34413480233311733,15.0,531.0
0.016327735036611557,0.6052631578947368,0.34478289047310434,15.0,532.0
0.015519586391746998,0.6052631578947368,0.34543097861309136,15.0,533.0
0.014068521559238434,0.6052631578947368,0.3460790667530784,15.0,534.0
0.013045607134699821,0.6052631578947368,0.34672715489306544,15.0,535.0
0.01173026580363512,0.6052631578947368,0.3473752430330525,15.0,536.0
0.01032809168100357,0.6052631578947368,0.3480233311730395,15.0,537.0
0.008971408009529114,0.6052631578947368,0.3486714193130266,15.0,538.0
0.008559335954487324,0.6052631578947368,0.3493195074530136,15.0,539.0
0.00840671919286251,0.6052631578947368,0.34996759559300067,15.0,540.0
0.007903918623924255,0.6052631578947368,0.3506156837329877,15.0,541.0
0.005912479478865862,0.6052631578947368,0.35126377187297475,15.0,542.0
0.005472558084875345,0.6052631578947368,0.35191186001296176,15.0,543.0
0.005005365703254938,0.6052631578947368,0.3525599481529488,15.0,544.0
0.004458352457731962,0.6052631578947368,0.35320803629293585,15.0,545.0
0.0042319949716329575,0.6052631578947368,0.35385612443292286,15.0,546.0
0.004007889423519373,0.6052631578947368,0.3545042125729099,15.0,547.0
0.003678488777950406,0.6052631578947368,0.35515230071289694,15.0,548.0
0.0026089695747941732,0.6052631578947368,0.355800388852884,15.0,549.0
0.0015529250958934426,0.6052631578947368,0.356448476992871,15.0,550.0
-5.5857784900581464e-05,0.6052631578947368,0.3570965651328581,15.0,551.0
-0.00018722233653534204,0.6052631578947368,0.3577446532728451,15.0,552.0
-0.0006595445447601378,0.6052631578947368,0.35839274141283217,15.0,553.0
-0.0010556136257946491,0.5789473684210527,0.3590408295528192,16.0,554.0
-0.001948268385604024,0.5789473684210527,0.3596889176928062,16.0,555.0
-0.0025994773022830486,0.5789473684210527,0.36033700583279327,16.0,556.0
-0.0031170668080449104,0.5789473684210527,0.3609850939727803,16.0,557.0
-0.0031196298077702522,0.5789473684210527,0.36163318211276735,16.0,558.0
-0.003133375197649002,0.5789473684210527,0.36228127025275436,16.0,559.0
-0.003665562253445387,0.5789473684210527,0.36292935839274143,16.0,560.0
-0.0037962745409458876,0.5789473684210527,0.36357744653272844,16.0,561.0
-0.004565403331071138,0.5789473684210527,0.3642255346727155,16.0,562.0
-0.00706484355032444,0.5789473684210527,0.3648736228127025,16.0,563.0
-0.008674743585288525,0.5789473684210527,0.36552171095268954,16.0,564.0
-0.010288585908710957,0.5789473684210527,0.3661697990926766,16.0,565.0
-0.014106890186667442,0.5789473684210527,0.3668178872326636,16.0,566.0
-0.0154808908700943,0.5789473684210527,0.3674659753726507,16.0,567.0
-0.016490651294589043,0.5789473684210527,0.3681140635126377,16.0,568.0
-0.0172113087028265,0.5789473684210527,0.36876215165262477,16.0,569.0
-0.017314739525318146,0.5789473684210527,0.3694102397926118,16.0,570.0
-0.018931306898593903,0.5789473684210527,0.37005832793259885,16.0,571.0
-0.019360769540071487,0.5789473684210527,0.37070641607258586,16.0,572.0
-0.02026176080107689,0.5789473684210527,0.37135450421257293,16.0,573.0
-0.022638818249106407,0.5789473684210527,0.37200259235255995,16.0,574.0
-0.022719843313097954,0.5789473684210527,0.37265068049254696,16.0,575.0
-0.02398296631872654,0.5789473684210527,0.37329876863253403,16.0,576.0
-0.024418871849775314,0.5789473684210527,0.37394685677252104,16.0,577.0
-0.02774944342672825,0.5789473684210527,0.3745949449125081,16.0,578.0
-0.02951592020690441,0.5789473684210527,0.3752430330524951,16.0,579.0
-0.029754197224974632,0.5789473684210527,0.3758911211924822,16.0,580.0
-0.030325813218951225,0.5789473684210527,0.3765392093324692,16.0,581.0
-0.03085331991314888,0.5789473684210527,0.3771872974724563,16.0,582.0
-0.031063761562108994,0.5789473684210527,0.3778353856124433,16.0,583.0
-0.031219052150845528,0.5789473684210527,0.37848347375243035,16.0,584.0
-0.031233103945851326,0.5789473684210527,0.37913156189241737,16.0,585.0
-0.03231482952833176,0.5789473684210527,0.3797796500324044,16.0,586.0
-0.032839518040418625,0.5789473684210527,0.38042773817239145,16.0,587.0
-0.03343289718031883,0.5789473684210527,0.38107582631237846,16.0,588.0
-0.033440981060266495,0.5789473684210527,0.38172391445236553,16.0,589.0
-0.03412430360913277,0.5789473684210527,0.38237200259235254,16.0,590.0
-0.034340210258960724,0.5789473684210527,0.3830200907323396,16.0,591.0
-0.0349496565759182,0.5789473684210527,0.3836681788723266,16.0,592.0
-0.03558458387851715,0.5789473684210527,0.3843162670123137,16.0,593.0
-0.0364297516644001,0.5789473684210527,0.3849643551523007,16.0,594.0
-0.03729192540049553,0.5789473684210527,0.3856124432922878,16.0,595.0
-0.03745492175221443,0.5789473684210527,0.3862605314322748,16.0,596.0
-0.03892556577920914,0.5789473684210527,0.3869086195722618,16.0,597.0
-0.04099079221487045,0.5789473684210527,0.38755670771224887,16.0,598.0
-0.04336532577872276,0.5789473684210527,0.3882047958522359,16.0,599.0
-0.04408776015043259,0.5789473684210527,0.38885288399222295,16.0,600.0
-0.04542245343327522,0.5789473684210527,0.38950097213220997,16.0,601.0
-0.045473113656044006,0.5789473684210527,0.39014906027219703,16.0,602.0
-0.04619639366865158,0.5789473684210527,0.39079714841218405,16.0,603.0
-0.048482105135917664,0.5789473684210527,0.3914452365521711,16.0,604.0
-0.04890577122569084,0.5789473684210527,0.39209332469215813,16.0,605.0
-0.04959776997566223,0.5789473684210527,0.3927414128321452,16.0,606.0
-0.05096125975251198,0.5789473684210527,0.3933895009721322,16.0,607.0
-0.05108802765607834,0.5789473684210527,0.3940375891121192,16.0,608.0
-0.05494028702378273,0.5789473684210527,0.3946856772521063,16.0,609.0
-0.05535835400223732,0.5789473684210527,0.3953337653920933,16.0,610.0
-0.057433951646089554,0.5789473684210527,0.3959818535320804,16.0,611.0
-0.05988408625125885,0.5789473684210527,0.3966299416720674,16.0,612.0
-0.060175828635692596,0.5789473684210527,0.39727802981205446,16.0,613.0
-0.06035088375210762,0.5789473684210527,0.39792611795204147,16.0,614.0
-0.0611899197101593,0.5789473684210527,0.39857420609202854,16.0,615.0
-0.06332432478666306,0.5789473684210527,0.39922229423201555,16.0,616.0
-0.06493675708770752,0.5789473684210527,0.3998703823720026,16.0,617.0
-0.06918210536241531,0.5789473684210527,0.40051847051198963,16.0,618.0
-0.07095209509134293,0.5789473684210527,0.40116655865197665,16.0,619.0
-0.07375738769769669,0.5789473684210527,0.4018146467919637,16.0,620.0
-0.07400455325841904,0.5789473684210527,0.4024627349319507,16.0,621.0
-0.07483015209436417,0.5789473684210527,0.4031108230719378,16.0,622.0
-0.07709155231714249,0.5789473684210527,0.4037589112119248,16.0,623.0
-0.08201569318771362,0.5789473684210527,0.4044069993519119,16.0,624.0
-0.08234453946352005,0.5789473684210527,0.4050550874918989,16.0,625.0
-0.08285021036863327,0.5789473684210527,0.40570317563188596,16.0,626.0
-0.08318018168210983,0.5789473684210527,0.406351263771873,16.0,627.0
-0.08502449095249176,0.5789473684210527,0.40699935191186,16.0,628.0
-0.0871327817440033,0.5789473684210527,0.40764744005184705,16.0,629.0
-0.08938412368297577,0.5789473684210527,0.40829552819183407,16.0,630.0
-0.09460443258285522,0.5789473684210527,0.40894361633182114,16.0,631.0
-0.09555685520172119,0.5789473684210527,0.40959170447180815,16.0,632.0
-0.09574739634990692,0.5789473684210527,0.4102397926117952,16.0,633.0
-0.09792924672365189,0.5789473684210527,0.41088788075178223,16.0,634.0
-0.0989467054605484,0.5789473684210527,0.4115359688917693,16.0,635.0
-0.09909497201442719,0.5789473684210527,0.4121840570317563,16.0,636.0
-0.09975394606590271,0.5789473684210527,0.4128321451717434,16.0,637.0
-0.10013235360383987,0.5789473684210527,0.4134802333117304,16.0,638.0
-0.10449740290641785,0.5789473684210527,0.4141283214517174,16.0,639.0
-0.10680387169122696,0.5789473684210527,0.4147764095917045,16.0,640.0
-0.1073492169380188,0.5789473684210527,0.4154244977316915,16.0,641.0
-0.1105799600481987,0.5789473684210527,0.41607258587167856,16.0,642.0
-0.11221838742494583,0.5789473684210527,0.41672067401166557,16.0,643.0
-0.1214875876903534,0.5789473684210527,0.41736876215165264,16.0,644.0
-0.12360536307096481,0.5789473684210527,0.41801685029163965,16.0,645.0
-0.12462214380502701,0.5789473684210527,0.4186649384316267,16.0,646.0
-0.12698286771774292,0.5789473684210527,0.41931302657161373,16.0,647.0
-0.12710513174533844,0.5789473684210527,0.4199611147116008,16.0,648.0
-0.1276012361049652,0.5789473684210527,0.4206092028515878,16.0,649.0
-0.12971128523349762,0.5789473684210527,0.42125729099157483,16.0,650.0
-0.13128253817558289,0.5789473684210527,0.4219053791315619,16.0,651.0
-0.13403230905532837,0.5789473684210527,0.4225534672715489,16.0,652.0
-0.1340932846069336,0.5789473684210527,0.423201555411536,16.0,653.0
-0.13477081060409546,0.5789473684210527,0.423849643551523,16.0,654.0
-0.13529802858829498,0.5789473684210527,0.42449773169151006,16.0,655.0
-0.1370643675327301,0.5789473684210527,0.4251458198314971,16.0,656.0
-0.1383267641067505,0.5789473684210527,0.42579390797148414,16.0,657.0
-0.13935735821723938,0.5789473684210527,0.42644199611147116,16.0,658.0
-0.1400652825832367,0.5789473684210527,0.4270900842514582,16.0,659.0
-0.1409759670495987,0.5789473684210527,0.42773817239144524,16.0,660.0
-0.14385579526424408,0.5789473684210527,0.42838626053143225,16.0,661.0
-0.1449335515499115,0.5789473684210527,0.4290343486714193,16.0,662.0
-0.14556585252285004,0.5789473684210527,0.42968243681140633,16.0,663.0
-0.14586412906646729,0.5789473684210527,0.4303305249513934,16.0,664.0
-0.14617659151554108,0.5789473684210527,0.4309786130913804,16.0,665.0
-0.14874514937400818,0.5789473684210527,0.4316267012313675,16.0,666.0
-0.15103669464588165,0.5789473684210527,0.4322747893713545,16.0,667.0
-0.15195703506469727,0.5789473684210527,0.43292287751134156,16.0,668.0
-0.15377159416675568,0.5789473684210527,0.4335709656513286,16.0,669.0
-0.1541105955839157,0.5789473684210527,0.43421905379131565,16.0,670.0
-0.1542832851409912,0.5789473684210527,0.43486714193130266,16.0,671.0
-0.15506866574287415,0.5789473684210527,0.43551523007128967,16.0,672.0
-0.15637601912021637,0.5789473684210527,0.43616331821127674,16.0,673.0
-0.15999764204025269,0.5789473684210527,0.43681140635126375,16.0,674.0
-0.1632387638092041,0.5789473684210527,0.4374594944912508,16.0,675.0
-0.16397349536418915,0.5789473684210527,0.43810758263123784,16.0,676.0
-0.16421760618686676,0.5789473684210527,0.4387556707712249,16.0,677.0
-0.16435346007347107,0.5789473684210527,0.4394037589112119,16.0,678.0
-0.16694329679012299,0.5789473684210527,0.440051847051199,16.0,679.0
-0.16865728795528412,0.5789473684210527,0.440699935191186,16.0,680.0
-0.1741677224636078,0.5789473684210527,0.44134802333117307,16.0,681.0
-0.17693737149238586,0.5789473684210527,0.4419961114711601,16.0,682.0
-0.17804214358329773,0.5789473684210527,0.4426441996111471,16.0,683.0
-0.18050047755241394,0.5789473684210527,0.44329228775113416,16.0,684.0
-0.1805560290813446,0.5789473684210527,0.4439403758911212,16.0,685.0
-0.1834518015384674,0.5789473684210527,0.44458846403110824,16.0,686.0
-0.18568192422389984,0.5789473684210527,0.44523655217109526,16.0,687.0
-0.1879286915063858,0.5789473684210527,0.4458846403110823,16.0,688.0
-0.19014519453048706,0.5789473684210527,0.44653272845106934,16.0,689.0
-0.1926402896642685,0.5789473684210527,0.4471808165910564,16.0,690.0
-0.19782774150371552,0.5789473684210527,0.4478289047310434,16.0,691.0
-0.19803225994110107,0.5789473684210527,0.44847699287103043,16.0,692.0
-0.1982887089252472,0.5789473684210527,0.4491250810110175,16.0,693.0
-0.1997186243534088,0.5789473684210527,0.4497731691510045,16.0,694.0
-0.20039881765842438,0.5789473684210527,0.4504212572909916,16.0,695.0
-0.20049697160720825,0.5789473684210527,0.4510693454309786,16.0,696.0
-0.20077736675739288,0.5789473684210527,0.45171743357096567,16.0,697.0
-0.20121775567531586,0.5789473684210527,0.4523655217109527,16.0,698.0
-0.20160622894763947,0.5789473684210527,0.45301360985093975,16.0,699.0
-0.20362572371959686,0.5789473684210527,0.45366169799092676,16.0,700.0
-0.2046024054288864,0.5789473684210527,0.45430978613091383,16.0,701.0
-0.21119000017642975,0.5789473684210527,0.45495787427090084,16.0,702.0
-0.21143853664398193,0.5789473684210527,0.45560596241088785,16.0,703.0
-0.21448677778244019,0.5789473684210527,0.4562540505508749,16.0,704.0
-0.215267151594162,0.5789473684210527,0.45690213869086194,16.0,705.0
-0.21562688052654266,0.5789473684210527,0.457550226830849,16.0,706.0
-0.2178228348493576,0.5789473684210527,0.458198314970836,16.0,707.0
-0.21890905499458313,0.5789473684210527,0.4588464031108231,16.0,708.0
-0.21935835480690002,0.5789473684210527,0.4594944912508101,16.0,709.0
-0.2204453945159912,0.5789473684210527,0.46014257939079717,16.0,710.0
-0.2226864993572235,0.5789473684210527,0.4607906675307842,16.0,711.0
-0.22719775140285492,0.5789473684210527,0.46143875567077125,16.0,712.0
-0.22760248184204102,0.5789473684210527,0.46208684381075826,16.0,713.0
-0.22766615450382233,0.5789473684210527,0.4627349319507453,16.0,714.0
-0.2279646396636963,0.5789473684210527,0.46338302009073234,16.0,715.0
-0.22824393212795258,0.5789473684210527,0.46403110823071936,16.0,716.0
-0.22853536903858185,0.5789473684210527,0.4646791963707064,16.0,717.0
-0.22981669008731842,0.5789473684210527,0.46532728451069344,16.0,718.0
-0.23215878009796143,0.5789473684210527,0.4659753726506805,16.0,719.0
-0.23343300819396973,0.5789473684210527,0.4666234607906675,16.0,720.0
-0.23602885007858276,0.5789473684210527,0.4672715489306546,16.0,721.0
-0.2370549738407135,0.5789473684210527,0.4679196370706416,16.0,722.0
-0.23718227446079254,0.5789473684210527,0.46856772521062867,16.0,723.0
-0.2376757115125656,0.5789473684210527,0.4692158133506157,16.0,724.0
-0.23775291442871094,0.5789473684210527,0.4698639014906027,16.0,725.0
-0.240724578499794,0.5789473684210527,0.47051198963058977,16.0,726.0
-0.2408842146396637,0.5789473684210527,0.4711600777705768,16.0,727.0
-0.24102148413658142,0.5789473684210527,0.47180816591056385,16.0,728.0
-0.24252480268478394,0.5789473684210527,0.47245625405055086,16.0,729.0
-0.24269530177116394,0.5789473684210527,0.47310434219053793,16.0,730.0
-0.24520744383335114,0.5789473684210527,0.47375243033052494,16.0,731.0
-0.24615789949893951,0.5789473684210527,0.474400518470512,16.0,732.0
-0.24636466801166534,0.5789473684210527,0.475048606610499,16.0,733.0
-0.25142160058021545,0.5789473684210527,0.4756966947504861,16.0,734.0
-0.2546881437301636,0.5789473684210527,0.4763447828904731,16.0,735.0
-0.2547762095928192,0.5789473684210527,0.4769928710304601,16.0,736.0
-0.25553029775619507,0.5789473684210527,0.4776409591704472,16.0,737.0
-0.25622057914733887,0.5789473684210527,0.4782890473104342,16.0,738.0
-0.2563409209251404,0.5789473684210527,0.47893713545042127,16.0,739.0
-0.25941839814186096,0.5789473684210527,0.4795852235904083,16.0,740.0
-0.2620760202407837,0.5789473684210527,0.48023331173039535,16.0,741.0
-0.2622612714767456,0.5789473684210527,0.48088139987038236,16.0,742.0
-0.2624043822288513,0.5789473684210527,0.48152948801036943,16.0,743.0
-0.2640106976032257,0.5789473684210527,0.48217757615035645,16.0,744.0
-0.2640819847583771,0.5789473684210527,0.48282566429034346,16.0,745.0
-0.2650250494480133,0.5789473684210527,0.48347375243033053,16.0,746.0
-0.2670269012451172,0.5789473684210527,0.48412184057031754,16.0,747.0
-0.26918357610702515,0.5789473684210527,0.4847699287103046,16.0,748.0
-0.27074724435806274,0.5789473684210527,0.4854180168502916,16.0,749.0
-0.2709568440914154,0.5789473684210527,0.4860661049902787,16.0,750.0
-0.2711169421672821,0.5789473684210527,0.4867141931302657,16.0,751.0
-0.27183297276496887,0.5789473684210527,0.4873622812702528,16.0,752.0
-0.27211830019950867,0.5789473684210527,0.4880103694102398,16.0,753.0
-0.2729509472846985,0.5789473684210527,0.48865845755022685,16.0,754.0
-0.27537453174591064,0.5789473684210527,0.48930654569021387,16.0,755.0
-0.2756720185279846,0.5789473684210527,0.4899546338302009,16.0,756.0
-0.27741527557373047,0.5789473684210527,0.49060272197018795,16.0,757.0
-0.2774485945701599,0.5789473684210527,0.49125081011017496,16.0,758.0
-0.2790367305278778,0.5789473684210527,0.49189889825016203,16.0,759.0
-0.28114384412765503,0.5789473684210527,0.49254698639014904,16.0,760.0
-0.28179115056991577,0.5789473684210527,0.4931950745301361,16.0,761.0
-0.282436341047287,0.5789473684210527,0.4938431626701231,16.0,762.0
-0.28275302052497864,0.5789473684210527,0.4944912508101102,16.0,763.0
-0.2848988473415375,0.5789473684210527,0.4951393389500972,16.0,764.0
-0.2850579023361206,0.5789473684210527,0.4957874270900843,16.0,765.0
-0.2865581512451172,0.5789473684210527,0.4964355152300713,16.0,766.0
-0.2885025441646576,0.5789473684210527,0.4970836033700583,16.0,767.0
-0.28918758034706116,0.5789473684210527,0.49773169151004537,16.0,768.0
-0.2901800572872162,0.5789473684210527,0.4983797796500324,16.0,769.0
-0.29120081663131714,0.5789473684210527,0.49902786779001945,16.0,770.0
-0.292886346578598,0.5789473684210527,0.49967595593000647,16.0,771.0
-0.2935534119606018,0.5789473684210527,0.5003240440699935,16.0,772.0
-0.29656392335891724,0.5789473684210527,0.5009721322099806,16.0,773.0
-0.30144810676574707,0.5789473684210527,0.5016202203499676,16.0,774.0
-0.30240529775619507,0.5789473684210527,0.5022683084899546,16.0,775.0
-0.3049333691596985,0.5789473684210527,0.5029163966299417,16.0,776.0
-0.3058389723300934,0.5789473684210527,0.5035644847699287,16.0,777.0
-0.3078855276107788,0.5789473684210527,0.5042125729099157,16.0,778.0
-0.30871647596359253,0.5789473684210527,0.5048606610499028,16.0,779.0
-0.31148552894592285,0.5789473684210527,0.5055087491898899,16.0,780.0
-0.3134664297103882,0.5789473684210527,0.5061568373298768,16.0,781.0
-0.31387075781822205,0.5789473684210527,0.5068049254698639,16.0,782.0
-0.31406235694885254,0.5789473684210527,0.507453013609851,16.0,783.0
-0.31451916694641113,0.5789473684210527,0.508101101749838,16.0,784.0
-0.3161289691925049,0.5789473684210527,0.508749189889825,16.0,785.0
-0.31921738386154175,0.5789473684210527,0.509397278029812,16.0,786.0
-0.3232429027557373,0.5789473684210527,0.5100453661697991,16.0,787.0
-0.3247300684452057,0.5789473684210527,0.5106934543097861,16.0,788.0
-0.32497134804725647,0.5789473684210527,0.5113415424497731,16.0,789.0
-0.3252003490924835,0.5789473684210527,0.5119896305897602,16.0,790.0
-0.3256355822086334,0.5789473684210527,0.5126377187297473,16.0,791.0
-0.3262789249420166,0.5789473684210527,0.5132858068697342,16.0,792.0
-0.32632625102996826,0.5789473684210527,0.5139338950097213,16.0,793.0
-0.32667073607444763,0.5789473684210527,0.5145819831497084,16.0,794.0
-0.32678675651550293,0.5789473684210527,0.5152300712896954,16.0,795.0
-0.3287540078163147,0.5789473684210527,0.5158781594296824,16.0,796.0
-0.33267414569854736,0.5789473684210527,0.5165262475696695,16.0,797.0
-0.33579808473587036,0.5789473684210527,0.5171743357096565,16.0,798.0
-0.33586451411247253,0.5789473684210527,0.5178224238496435,16.0,799.0
-0.336014062166214,0.5789473684210527,0.5184705119896306,16.0,800.0
-0.33604228496551514,0.5789473684210527,0.5191186001296176,16.0,801.0
-0.33619239926338196,0.5789473684210527,0.5197666882696047,16.0,802.0
-0.338615745306015,0.5789473684210527,0.5204147764095917,16.0,803.0
-0.34239131212234497,0.5789473684210527,0.5210628645495787,16.0,804.0
-0.3441421091556549,0.5789473684210527,0.5217109526895658,16.0,805.0
-0.3450193703174591,0.5789473684210527,0.5223590408295529,16.0,806.0
-0.34710773825645447,0.5789473684210527,0.5230071289695398,16.0,807.0
-0.3489873707294464,0.5789473684210527,0.5236552171095269,16.0,808.0
-0.3501489758491516,0.5789473684210527,0.524303305249514,16.0,809.0
-0.35063278675079346,0.5789473684210527,0.5249513933895009,16.0,810.0
-0.35197389125823975,0.5789473684210527,0.525599481529488,16.0,811.0
-0.3533083200454712,0.5789473684210527,0.5262475696694751,16.0,812.0
-0.3546595871448517,0.5789473684210527,0.5268956578094621,16.0,813.0
-0.3558163344860077,0.5789473684210527,0.5275437459494491,16.0,814.0
-0.3573242425918579,0.5789473684210527,0.5281918340894362,16.0,815.0
-0.3576507866382599,0.5789473684210527,0.5288399222294232,16.0,816.0
-0.3585438132286072,0.5789473684210527,0.5294880103694103,16.0,817.0
-0.3611571490764618,0.5789473684210527,0.5301360985093972,16.0,818.0
-0.3624587059020996,0.5789473684210527,0.5307841866493843,16.0,819.0
-0.36352744698524475,0.5789473684210527,0.5314322747893714,16.0,820.0
-0.36425483226776123,0.5789473684210527,0.5320803629293583,16.0,821.0
-0.36546483635902405,0.5789473684210527,0.5327284510693454,16.0,822.0
-0.3655700981616974,0.5789473684210527,0.5333765392093325,16.0,823.0
-0.3695187270641327,0.5789473684210527,0.5340246273493195,16.0,824.0
-0.3724820613861084,0.5789473684210527,0.5346727154893065,16.0,825.0
-0.3728526830673218,0.5789473684210527,0.5353208036292936,16.0,826.0
-0.3760664761066437,0.5789473684210527,0.5359688917692806,16.0,827.0
-0.3764859437942505,0.5789473684210527,0.5366169799092677,16.0,828.0
-0.37690651416778564,0.5789473684210527,0.5372650680492547,16.0,829.0
-0.3796246647834778,0.5789473684210527,0.5379131561892417,16.0,830.0
-0.3824789822101593,0.5789473684210527,0.5385612443292288,16.0,831.0
-0.3825701177120209,0.5789473684210527,0.5392093324692158,16.0,832.0
-0.3826337158679962,0.5789473684210527,0.5398574206092028,16.0,833.0
-0.38503387570381165,0.5789473684210527,0.5405055087491899,16.0,834.0
-0.3888091742992401,0.5789473684210527,0.541153596889177,16.0,835.0
-0.3890325129032135,0.5789473684210527,0.5418016850291639,16.0,836.0
-0.3894276022911072,0.5789473684210527,0.542449773169151,16.0,837.0
-0.39252474904060364,0.5789473684210527,0.5430978613091381,16.0,838.0
-0.3929767608642578,0.5789473684210527,0.5437459494491251,16.0,839.0
-0.3934456706047058,0.5789473684210527,0.5443940375891121,16.0,840.0
-0.39379268884658813,0.5789473684210527,0.5450421257290992,16.0,841.0
-0.3982639014720917,0.5789473684210527,0.5456902138690862,16.0,842.0
-0.40313205122947693,0.5789473684210527,0.5463383020090732,16.0,843.0
-0.40520820021629333,0.5789473684210527,0.5469863901490603,16.0,844.0
-0.4065386652946472,0.5789473684210527,0.5476344782890473,16.0,845.0
-0.40792158246040344,0.5789473684210527,0.5482825664290344,16.0,846.0
-0.40863776206970215,0.5789473684210527,0.5489306545690213,16.0,847.0
-0.40910470485687256,0.5789473684210527,0.5495787427090084,16.0,848.0
-0.4106059968471527,0.5789473684210527,0.5502268308489955,16.0,849.0
-0.4113464057445526,0.5789473684210527,0.5508749189889826,16.0,850.0
-0.4117628335952759,0.5789473684210527,0.5515230071289695,16.0,851.0
-0.41279539465904236,0.5789473684210527,0.5521710952689566,16.0,852.0
-0.41405144333839417,0.5789473684210527,0.5528191834089436,16.0,853.0
-0.4142102599143982,0.5789473684210527,0.5534672715489306,16.0,854.0
-0.4160608649253845,0.5789473684210527,0.5541153596889177,16.0,855.0
-0.4172861576080322,0.5789473684210527,0.5547634478289047,16.0,856.0
-0.41758009791374207,0.5789473684210527,0.5554115359688918,16.0,857.0
-0.4196533262729645,0.5789473684210527,0.5560596241088788,16.0,858.0
-0.42054951190948486,0.5789473684210527,0.5567077122488658,16.0,859.0
-0.4209806025028229,0.5789473684210527,0.5573558003888529,16.0,860.0
-0.42350849509239197,0.5789473684210527,0.55800388852884,16.0,861.0
-0.423906147480011,0.5789473684210527,0.5586519766688269,16.0,862.0
-0.42528247833251953,0.5789473684210527,0.559300064808814,16.0,863.0
-0.4256151616573334,0.5789473684210527,0.5599481529488011,16.0,864.0
-0.4270014464855194,0.5789473684210527,0.560596241088788,16.0,865.0
-0.42715269327163696,0.5789473684210527,0.5612443292287751,16.0,866.0
-0.42726990580558777,0.5789473684210527,0.5618924173687622,16.0,867.0
-0.42762863636016846,0.5789473684210527,0.5625405055087492,16.0,868.0
-0.4290210008621216,0.5789473684210527,0.5631885936487362,16.0,869.0
-0.4298657178878784,0.5789473684210527,0.5638366817887233,16.0,870.0
-0.4317058324813843,0.5789473684210527,0.5644847699287103,16.0,871.0
-0.4334682822227478,0.5789473684210527,0.5651328580686974,16.0,872.0
-0.43594521284103394,0.5789473684210527,0.5657809462086844,16.0,873.0
-0.4364244341850281,0.5789473684210527,0.5664290343486714,16.0,874.0
-0.43829405307769775,0.5789473684210527,0.5670771224886585,16.0,875.0
-0.4385949969291687,0.5789473684210527,0.5677252106286454,16.0,876.0
-0.4387143850326538,0.5789473684210527,0.5683732987686325,16.0,877.0
-0.44004732370376587,0.5789473684210527,0.5690213869086196,16.0,878.0
-0.4405772387981415,0.5789473684210527,0.5696694750486067,16.0,879.0
-0.4411218464374542,0.5789473684210527,0.5703175631885936,16.0,880.0
-0.4416053891181946,0.5789473684210527,0.5709656513285807,16.0,881.0
-0.4418572187423706,0.5789473684210527,0.5716137394685677,16.0,882.0
-0.4420239329338074,0.5789473684210527,0.5722618276085548,16.0,883.0
-0.44631871581077576,0.5789473684210527,0.5729099157485418,16.0,884.0
-0.44643768668174744,0.5789473684210527,0.5735580038885288,16.0,885.0
-0.44644132256507874,0.5789473684210527,0.5742060920285159,16.0,886.0
-0.4470013380050659,0.5789473684210527,0.5748541801685029,16.0,887.0
-0.44928285479545593,0.5789473684210527,0.5755022683084899,16.0,888.0
-0.4517452120780945,0.5789473684210527,0.576150356448477,16.0,889.0
-0.45304974913597107,0.5789473684210527,0.5767984445884641,16.0,890.0
-0.45308560132980347,0.5789473684210527,0.577446532728451,16.0,891.0
-0.4537501633167267,0.5789473684210527,0.5780946208684381,16.0,892.0
-0.453795850276947,0.5789473684210527,0.5787427090084252,16.0,893.0
-0.45410168170928955,0.5789473684210527,0.5793907971484121,16.0,894.0
-0.456594318151474,0.5789473684210527,0.5800388852883992,16.0,895.0
-0.46147263050079346,0.5789473684210527,0.5806869734283863,16.0,896.0
-0.4619010388851166,0.5789473684210527,0.5813350615683733,16.0,897.0
-0.4627247452735901,0.5789473684210527,0.5819831497083603,16.0,898.0
-0.4630988538265228,0.5789473684210527,0.5826312378483474,16.0,899.0
-0.4671626389026642,0.5789473684210527,0.5832793259883344,16.0,900.0
-0.4674272835254669,0.5789473684210527,0.5839274141283215,16.0,901.0
-0.4675326347351074,0.5789473684210527,0.5845755022683085,16.0,902.0
-0.4678179621696472,0.5789473684210527,0.5852235904082955,16.0,903.0
-0.46810707449913025,0.5789473684210527,0.5858716785482826,16.0,904.0
-0.46878084540367126,0.5789473684210527,0.5865197666882696,16.0,905.0
-0.4689895808696747,0.5789473684210527,0.5871678548282566,16.0,906.0
-0.4705200791358948,0.5789473684210527,0.5878159429682437,16.0,907.0
-0.4722977876663208,0.5789473684210527,0.5884640311082308,16.0,908.0
-0.47307634353637695,0.5789473684210527,0.5891121192482177,16.0,909.0
-0.47579923272132874,0.5789473684210527,0.5897602073882048,16.0,910.0
-0.47597992420196533,0.5789473684210527,0.5904082955281919,16.0,911.0
-0.4761040508747101,0.5789473684210527,0.5910563836681789,16.0,912.0
-0.47687816619873047,0.5789473684210527,0.5917044718081659,16.0,913.0
-0.47688308358192444,0.5789473684210527,0.592352559948153,16.0,914.0
-0.47771692276000977,0.5789473684210527,0.59300064808814,16.0,915.0
-0.47879552841186523,0.5789473684210527,0.593648736228127,16.0,916.0
-0.48018449544906616,0.5789473684210527,0.594296824368114,16.0,917.0
-0.4816110134124756,0.5789473684210527,0.5949449125081011,16.0,918.0
-0.48173168301582336,0.5789473684210527,0.5955930006480882,16.0,919.0
-0.4824519455432892,0.5789473684210527,0.5962410887880751,16.0,920.0
-0.4827542304992676,0.5789473684210527,0.5968891769280622,16.0,921.0
-0.483860045671463,0.5789473684210527,0.5975372650680493,16.0,922.0
-0.4844755232334137,0.5789473684210527,0.5981853532080363,16.0,923.0
-0.4846513569355011,0.5789473684210527,0.5988334413480233,16.0,924.0
-0.48468783497810364,0.5789473684210527,0.5994815294880104,16.0,925.0
-0.4859384298324585,0.5789473684210527,0.6001296176279974,16.0,926.0
-0.4864804744720459,0.5789473684210527,0.6007777057679844,16.0,927.0
-0.4867171347141266,0.5789473684210527,0.6014257939079715,16.0,928.0
-0.4867803156375885,0.5789473684210527,0.6020738820479585,16.0,929.0
-0.4908553659915924,0.5789473684210527,0.6027219701879456,16.0,930.0
-0.49088412523269653,0.5789473684210527,0.6033700583279326,16.0,931.0
-0.49125099182128906,0.5789473684210527,0.6040181464679196,16.0,932.0
-0.4924023151397705,0.5789473684210527,0.6046662346079067,16.0,933.0
-0.4925703704357147,0.5789473684210527,0.6053143227478938,16.0,934.0
-0.49280864000320435,0.5789473684210527,0.6059624108878807,16.0,935.0
-0.496268093585968,0.5789473684210527,0.6066104990278678,16.0,936.0
-0.49664801359176636,0.5789473684210527,0.6072585871678549,16.0,937.0
-0.49714499711990356,0.5789473684210527,0.6079066753078418,16.0,938.0
-0.5002139806747437,0.5789473684210527,0.6085547634478289,16.0,939.0
-0.501374363899231,0.5789473684210527,0.609202851587816,16.0,940.0
-0.5029615759849548,0.5789473684210527,0.609850939727803,16.0,941.0
-0.5032060146331787,0.5789473684210527,0.61049902786779,16.0,942.0
-0.5041988492012024,0.5789473684210527,0.611147116007777,16.0,943.0
-0.5049163699150085,0.5789473684210527,0.6117952041477641,16.0,944.0
-0.5061916708946228,0.5789473684210527,0.6124432922877512,16.0,945.0
-0.5084770321846008,0.5789473684210527,0.6130913804277381,16.0,946.0
-0.5116302967071533,0.5789473684210527,0.6137394685677252,16.0,947.0
-0.5126842856407166,0.5789473684210527,0.6143875567077123,16.0,948.0
-0.5131089687347412,0.5789473684210527,0.6150356448476992,16.0,949.0
-0.513192892074585,0.5789473684210527,0.6156837329876863,16.0,950.0
-0.5132049322128296,0.5789473684210527,0.6163318211276734,16.0,951.0
-0.5169382691383362,0.5789473684210527,0.6169799092676604,16.0,952.0
-0.5201432704925537,0.5789473684210527,0.6176279974076474,16.0,953.0
-0.5206948518753052,0.5789473684210527,0.6182760855476345,16.0,954.0
-0.5238598585128784,0.5789473684210527,0.6189241736876215,16.0,955.0
-0.5241797566413879,0.5789473684210527,0.6195722618276086,16.0,956.0
-0.5244050621986389,0.5789473684210527,0.6202203499675956,16.0,957.0
-0.5250220894813538,0.5789473684210527,0.6208684381075826,16.0,958.0
-0.5257169008255005,0.5789473684210527,0.6215165262475697,16.0,959.0
-0.5264217853546143,0.5789473684210527,0.6221646143875567,16.0,960.0
-0.5287407636642456,0.5789473684210527,0.6228127025275437,16.0,961.0
-0.5310288667678833,0.5789473684210527,0.6234607906675308,16.0,962.0
-0.5316210389137268,0.5789473684210527,0.6241088788075179,16.0,963.0
-0.5320377349853516,0.5789473684210527,0.6247569669475048,16.0,964.0
-0.5344531536102295,0.5789473684210527,0.6254050550874919,16.0,965.0
-0.5351173281669617,0.5789473684210527,0.626053143227479,16.0,966.0
-0.5362804532051086,0.5789473684210527,0.626701231367466,16.0,967.0
-0.536605954170227,0.5789473684210527,0.627349319507453,16.0,968.0
-0.5369119644165039,0.5789473684210527,0.62799740764744,16.0,969.0
-0.5377385020256042,0.5789473684210527,0.6286454957874271,16.0,970.0
-0.5382196307182312,0.5789473684210527,0.6292935839274141,16.0,971.0
-0.5400229692459106,0.5789473684210527,0.6299416720674011,16.0,972.0
-0.5408403277397156,0.5789473684210527,0.6305897602073882,16.0,973.0
-0.540985643863678,0.5789473684210527,0.6312378483473753,16.0,974.0
-0.5419114828109741,0.5789473684210527,0.6318859364873622,16.0,975.0
-0.5421197414398193,0.5789473684210527,0.6325340246273493,16.0,976.0
-0.5451748967170715,0.5789473684210527,0.6331821127673364,16.0,977.0
-0.5465379357337952,0.5789473684210527,0.6338302009073234,16.0,978.0
-0.5471281409263611,0.5789473684210527,0.6344782890473104,16.0,979.0
-0.5478723645210266,0.5789473684210527,0.6351263771872975,16.0,980.0
-0.5479679703712463,0.5789473684210527,0.6357744653272845,16.0,981.0
-0.5500211119651794,0.5789473684210527,0.6364225534672715,16.0,982.0
-0.5526646971702576,0.5789473684210527,0.6370706416072586,16.0,983.0
-0.5526679754257202,0.5789473684210527,0.6377187297472456,16.0,984.0
-0.5529811978340149,0.5789473684210527,0.6383668178872327,16.0,985.0
-0.5548722147941589,0.5789473684210527,0.6390149060272197,16.0,986.0
-0.5562456846237183,0.5789473684210527,0.6396629941672067,16.0,987.0
-0.5576850175857544,0.5789473684210527,0.6403110823071938,16.0,988.0
-0.5582948923110962,0.5789473684210527,0.6409591704471809,16.0,989.0
-0.5583289265632629,0.5789473684210527,0.6416072585871678,16.0,990.0
-0.5601859092712402,0.5789473684210527,0.6422553467271549,16.0,991.0
-0.5604934692382812,0.5789473684210527,0.642903434867142,16.0,992.0
-0.5606774091720581,0.5789473684210527,0.6435515230071289,16.0,993.0
-0.5607290267944336,0.5789473684210527,0.644199611147116,16.0,994.0
-0.5615161657333374,0.5789473684210527,0.6448476992871031,16.0,995.0
-0.56379234790802,0.5789473684210527,0.6454957874270901,16.0,996.0
-0.5648693442344666,0.5789473684210527,0.6461438755670771,16.0,997.0
-0.5667585730552673,0.5789473684210527,0.6467919637070642,16.0,998.0
-0.5672756433486938,0.5789473684210527,0.6474400518470512,16.0,999.0
-0.5701764225959778,0.5789473684210527,0.6480881399870383,16.0,1000.0
-0.5712807178497314,0.5789473684210527,0.6487362281270252,16.0,1001.0
-0.5722659230232239,0.5789473684210527,0.6493843162670123,16.0,1002.0
-0.5727784633636475,0.5789473684210527,0.6500324044069994,16.0,1003.0
-0.5740313529968262,0.5789473684210527,0.6506804925469863,16.0,1004.0
-0.5761717557907104,0.5789473684210527,0.6513285806869734,16.0,1005.0
-0.5769601464271545,0.5789473684210527,0.6519766688269605,16.0,1006.0
-0.5777043700218201,0.5789473684210527,0.6526247569669476,16.0,1007.0
-0.5790861248970032,0.5789473684210527,0.6532728451069345,16.0,1008.0
-0.5841694474220276,0.5789473684210527,0.6539209332469216,16.0,1009.0
-0.585917055606842,0.5789473684210527,0.6545690213869086,16.0,1010.0
-0.5860145688056946,0.5789473684210527,0.6552171095268956,16.0,1011.0
-0.5881474614143372,0.5789473684210527,0.6558651976668827,16.0,1012.0
-0.5886800289154053,0.5789473684210527,0.6565132858068697,16.0,1013.0
-0.5900107026100159,0.5789473684210527,0.6571613739468568,16.0,1014.0
-0.591516375541687,0.5789473684210527,0.6578094620868438,16.0,1015.0
-0.5962752103805542,0.5789473684210527,0.6584575502268308,16.0,1016.0
-0.596359372138977,0.5789473684210527,0.6591056383668179,16.0,1017.0
-0.5975611805915833,0.5789473684210527,0.659753726506805,16.0,1018.0
-0.5977533459663391,0.5789473684210527,0.6604018146467919,16.0,1019.0
-0.5984058380126953,0.5789473684210527,0.661049902786779,16.0,1020.0
-0.599760115146637,0.5789473684210527,0.6616979909267661,16.0,1021.0
-0.6003739833831787,0.5789473684210527,0.662346079066753,16.0,1022.0
-0.6004106402397156,0.5789473684210527,0.6629941672067401,16.0,1023.0
-0.6016523838043213,0.5789473684210527,0.6636422553467272,16.0,1024.0
-0.6017298698425293,0.5789473684210527,0.6642903434867142,16.0,1025.0
-0.6029984951019287,0.5789473684210527,0.6649384316267012,16.0,1026.0
-0.6036185026168823,0.5789473684210527,0.6655865197666883,16.0,1027.0
-0.60458904504776,0.5789473684210527,0.6662346079066753,16.0,1028.0
-0.6073309779167175,0.5789473684210527,0.6668826960466624,16.0,1029.0
-0.6076886057853699,0.5789473684210527,0.6675307841866494,16.0,1030.0
-0.6114577054977417,0.5789473684210527,0.6681788723266364,16.0,1031.0
-0.611771821975708,0.5789473684210527,0.6688269604666235,16.0,1032.0
-0.6139042973518372,0.5789473684210527,0.6694750486066104,16.0,1033.0
-0.614758312702179,0.5789473684210527,0.6701231367465975,16.0,1034.0
-0.614872395992279,0.5789473684210527,0.6707712248865846,16.0,1035.0
-0.6159383058547974,0.5789473684210527,0.6714193130265717,16.0,1036.0
-0.6171274185180664,0.5789473684210527,0.6720674011665586,16.0,1037.0
-0.6172255873680115,0.5789473684210527,0.6727154893065457,16.0,1038.0
-0.618676483631134,0.5789473684210527,0.6733635774465327,16.0,1039.0
-0.6188902854919434,0.5789473684210527,0.6740116655865198,16.0,1040.0
-0.6215358972549438,0.5789473684210527,0.6746597537265068,16.0,1041.0
-0.6249169111251831,0.5789473684210527,0.6753078418664938,16.0,1042.0
-0.6250848174095154,0.5789473684210527,0.6759559300064809,16.0,1043.0
-0.6264856457710266,0.5789473684210527,0.6766040181464679,16.0,1044.0
-0.6289533972740173,0.5789473684210527,0.6772521062864549,16.0,1045.0
-0.6296107172966003,0.5789473684210527,0.677900194426442,16.0,1046.0
-0.6300824284553528,0.5789473684210527,0.6785482825664291,16.0,1047.0
-0.6300875544548035,0.5789473684210527,0.679196370706416,16.0,1048.0
-0.6302343606948853,0.5789473684210527,0.6798444588464031,16.0,1049.0
-0.6317517161369324,0.5789473684210527,0.6804925469863902,16.0,1050.0
-0.6317927837371826,0.5789473684210527,0.6811406351263772,16.0,1051.0
-0.6331835389137268,0.5789473684210527,0.6817887232663642,16.0,1052.0
-0.634087860584259,0.5789473684210527,0.6824368114063513,16.0,1053.0
-0.6350137591362,0.5789473684210527,0.6830848995463383,16.0,1054.0
-0.6357423663139343,0.5789473684210527,0.6837329876863253,16.0,1055.0
-0.6357862949371338,0.5789473684210527,0.6843810758263124,16.0,1056.0
-0.6362507939338684,0.5789473684210527,0.6850291639662994,16.0,1057.0
-0.6365311741828918,0.5789473684210527,0.6856772521062865,16.0,1058.0
-0.6370454430580139,0.5789473684210527,0.6863253402462735,16.0,1059.0
-0.6383557915687561,0.5789473684210527,0.6869734283862605,16.0,1060.0
-0.6383581161499023,0.5789473684210527,0.6876215165262476,16.0,1061.0
-0.6386284828186035,0.5789473684210527,0.6882696046662347,16.0,1062.0
-0.6391277313232422,0.5789473684210527,0.6889176928062216,16.0,1063.0
-0.6429610848426819,0.5789473684210527,0.6895657809462087,16.0,1064.0
-0.6434884071350098,0.5789473684210527,0.6902138690861958,16.0,1065.0
-0.6444123983383179,0.5789473684210527,0.6908619572261827,16.0,1066.0
-0.6458826065063477,0.5789473684210527,0.6915100453661698,16.0,1067.0
-0.6471737027168274,0.5789473684210527,0.6921581335061568,16.0,1068.0
-0.6478789448738098,0.5789473684210527,0.6928062216461439,16.0,1069.0
-0.6484914422035217,0.5789473684210527,0.6934543097861309,16.0,1070.0
-0.6488407850265503,0.5789473684210527,0.6941023979261179,16.0,1071.0
-0.6507818102836609,0.5789473684210527,0.694750486066105,16.0,1072.0
-0.651262640953064,0.5789473684210527,0.6953985742060921,16.0,1073.0
-0.6538453698158264,0.5789473684210527,0.696046662346079,16.0,1074.0
-0.6552809476852417,0.5789473684210527,0.6966947504860661,16.0,1075.0
-0.6558569669723511,0.5789473684210527,0.6973428386260532,16.0,1076.0
-0.6585907340049744,0.5789473684210527,0.6979909267660401,16.0,1077.0
-0.6588857173919678,0.5789473684210527,0.6986390149060272,16.0,1078.0
-0.6593733429908752,0.5789473684210527,0.6992871030460143,16.0,1079.0
-0.6597135066986084,0.5789473684210527,0.6999351911860013,16.0,1080.0
-0.660575807094574,0.5789473684210527,0.7005832793259883,16.0,1081.0
-0.6611393094062805,0.5789473684210527,0.7012313674659754,16.0,1082.0
-0.6620187759399414,0.5789473684210527,0.7018794556059624,16.0,1083.0
-0.6627489328384399,0.5789473684210527,0.7025275437459495,16.0,1084.0
-0.66328364610672,0.5789473684210527,0.7031756318859365,16.0,1085.0
-0.6633734703063965,0.5789473684210527,0.7038237200259235,16.0,1086.0
-0.6652154326438904,0.5789473684210527,0.7044718081659106,16.0,1087.0
-0.6654283404350281,0.5789473684210527,0.7051198963058976,16.0,1088.0
-0.6656032204627991,0.5789473684210527,0.7057679844458846,16.0,1089.0
-0.6677910685539246,0.5789473684210527,0.7064160725858717,16.0,1090.0
-0.669097900390625,0.5789473684210527,0.7070641607258588,16.0,1091.0
-0.6699764728546143,0.5789473684210527,0.7077122488658457,16.0,1092.0
-0.6712825894355774,0.5789473684210527,0.7083603370058328,16.0,1093.0
-0.6718152165412903,0.5789473684210527,0.7090084251458199,16.0,1094.0
-0.6721462607383728,0.5789473684210527,0.7096565132858069,16.0,1095.0
-0.6724738478660583,0.5789473684210527,0.7103046014257939,16.0,1096.0
-0.6726097464561462,0.5789473684210527,0.710952689565781,16.0,1097.0
-0.6734960675239563,0.5789473684210527,0.711600777705768,16.0,1098.0
-0.6757298111915588,0.5789473684210527,0.712248865845755,16.0,1099.0
-0.6767932176589966,0.5789473684210527,0.712896953985742,16.0,1100.0
-0.6799212694168091,0.5789473684210527,0.7135450421257291,16.0,1101.0
-0.6822349429130554,0.5789473684210527,0.7141931302657162,16.0,1102.0
-0.6826553344726562,0.5789473684210527,0.7148412184057031,16.0,1103.0
-0.6828906536102295,0.5789473684210527,0.7154893065456902,16.0,1104.0
-0.6830869317054749,0.5789473684210527,0.7161373946856773,16.0,1105.0
-0.6848462224006653,0.5789473684210527,0.7167854828256643,16.0,1106.0
-0.6853850483894348,0.5789473684210527,0.7174335709656513,16.0,1107.0
-0.6854962110519409,0.5789473684210527,0.7180816591056384,16.0,1108.0
-0.6858026385307312,0.5789473684210527,0.7187297472456254,16.0,1109.0
-0.6859331727027893,0.5789473684210527,0.7193778353856124,16.0,1110.0
-0.687142550945282,0.5789473684210527,0.7200259235255995,16.0,1111.0
-0.6877657175064087,0.5789473684210527,0.7206740116655865,16.0,1112.0
-0.6896812319755554,0.5789473684210527,0.7213220998055736,16.0,1113.0
-0.6900792121887207,0.5789473684210527,0.7219701879455606,16.0,1114.0
-0.6965275406837463,0.5789473684210527,0.7226182760855476,16.0,1115.0
-0.697617769241333,0.5789473684210527,0.7232663642255347,16.0,1116.0
-0.697783350944519,0.5789473684210527,0.7239144523655218,16.0,1117.0
-0.7007501125335693,0.5789473684210527,0.7245625405055087,16.0,1118.0
-0.7061005234718323,0.5789473684210527,0.7252106286454958,16.0,1119.0
-0.7094865441322327,0.5789473684210527,0.7258587167854829,16.0,1120.0
-0.7135991454124451,0.5789473684210527,0.7265068049254698,16.0,1121.0
-0.7144944071769714,0.5789473684210527,0.7271548930654569,16.0,1122.0
-0.7179983258247375,0.5789473684210527,0.727802981205444,16.0,1123.0
-0.7187846302986145,0.5789473684210527,0.728451069345431,16.0,1124.0
-0.719157338142395,0.5789473684210527,0.729099157485418,16.0,1125.0
-0.7221750617027283,0.5789473684210527,0.729747245625405,16.0,1126.0
-0.7242898344993591,0.5789473684210527,0.7303953337653921,16.0,1127.0
-0.7252321839332581,0.5789473684210527,0.7310434219053791,16.0,1128.0
-0.7268332839012146,0.5789473684210527,0.7316915100453661,16.0,1129.0
-0.7294753193855286,0.5789473684210527,0.7323395981853532,16.0,1130.0
-0.7301992177963257,0.5789473684210527,0.7329876863253403,16.0,1131.0
-0.7311515808105469,0.5789473684210527,0.7336357744653272,16.0,1132.0
-0.7324944734573364,0.5789473684210527,0.7342838626053143,16.0,1133.0
-0.7362377047538757,0.5789473684210527,0.7349319507453014,16.0,1134.0
-0.7363134026527405,0.5789473684210527,0.7355800388852884,16.0,1135.0
-0.7369065284729004,0.5789473684210527,0.7362281270252754,16.0,1136.0
-0.7369747757911682,0.5789473684210527,0.7368762151652625,16.0,1137.0
-0.7379224896430969,0.5789473684210527,0.7375243033052495,16.0,1138.0
-0.7412631511688232,0.5789473684210527,0.7381723914452365,16.0,1139.0
-0.7460922002792358,0.5789473684210527,0.7388204795852236,16.0,1140.0
-0.7485328316688538,0.5789473684210527,0.7394685677252106,16.0,1141.0
-0.7497777342796326,0.5789473684210527,0.7401166558651977,16.0,1142.0
-0.7525628209114075,0.5789473684210527,0.7407647440051847,16.0,1143.0
-0.7534484267234802,0.5789473684210527,0.7414128321451717,16.0,1144.0
-0.7539146542549133,0.5789473684210527,0.7420609202851588,16.0,1145.0
-0.7556267976760864,0.5789473684210527,0.7427090084251459,16.0,1146.0
-0.7564770579338074,0.5789473684210527,0.7433570965651328,16.0,1147.0
-0.7565147280693054,0.5789473684210527,0.7440051847051199,16.0,1148.0
-0.7576674222946167,0.5789473684210527,0.744653272845107,16.0,1149.0
-0.7577981352806091,0.5789473684210527,0.7453013609850939,16.0,1150.0
-0.7582519054412842,0.5789473684210527,0.745949449125081,16.0,1151.0
-0.7593468427658081,0.5789473684210527,0.7465975372650681,16.0,1152.0
-0.7599940896034241,0.5789473684210527,0.7472456254050551,16.0,1153.0
-0.7600576877593994,0.5789473684210527,0.7478937135450421,16.0,1154.0
-0.7604784369468689,0.5789473684210527,0.7485418016850292,16.0,1155.0
-0.7625724673271179,0.5789473684210527,0.7491898898250162,16.0,1156.0
-0.7630576491355896,0.5789473684210527,0.7498379779650033,16.0,1157.0
-0.7639653086662292,0.5789473684210527,0.7504860661049902,16.0,1158.0
-0.7656261920928955,0.5789473684210527,0.7511341542449773,16.0,1159.0
-0.7704723477363586,0.5789473684210527,0.7517822423849644,16.0,1160.0
-0.7724860310554504,0.5789473684210527,0.7524303305249513,16.0,1161.0
-0.7776416540145874,0.5789473684210527,0.7530784186649384,16.0,1162.0
-0.7784745693206787,0.5789473684210527,0.7537265068049255,16.0,1163.0
-0.7785352468490601,0.5789473684210527,0.7543745949449125,16.0,1164.0
-0.7787030935287476,0.5789473684210527,0.7550226830848995,16.0,1165.0
-0.7837583422660828,0.5789473684210527,0.7556707712248866,16.0,1166.0
-0.784440815448761,0.5789473684210527,0.7563188593648736,16.0,1167.0
-0.7856031656265259,0.5789473684210527,0.7569669475048607,16.0,1168.0
-0.7871497869491577,0.5789473684210527,0.7576150356448477,16.0,1169.0
-0.7875394225120544,0.5789473684210527,0.7582631237848347,16.0,1170.0
-0.7875518202781677,0.5789473684210527,0.7589112119248218,16.0,1171.0
-0.7912107706069946,0.5789473684210527,0.7595593000648088,16.0,1172.0
-0.7925007939338684,0.5789473684210527,0.7602073882047958,16.0,1173.0
-0.7926700115203857,0.5789473684210527,0.7608554763447829,16.0,1174.0
-0.7928474545478821,0.5789473684210527,0.76150356448477,16.0,1175.0
-0.793363630771637,0.5789473684210527,0.7621516526247569,16.0,1176.0
-0.7933668494224548,0.5789473684210527,0.762799740764744,16.0,1177.0
-0.794392466545105,0.5789473684210527,0.7634478289047311,16.0,1178.0
-0.7958786487579346,0.5789473684210527,0.7640959170447181,16.0,1179.0
-0.7972674369812012,0.5789473684210527,0.7647440051847051,16.0,1180.0
-0.7977534532546997,0.5789473684210527,0.7653920933246922,16.0,1181.0
-0.7987208366394043,0.5789473684210527,0.7660401814646792,16.0,1182.0
-0.8007913827896118,0.5789473684210527,0.7666882696046662,16.0,1183.0
-0.8062276244163513,0.5789473684210527,0.7673363577446533,16.0,1184.0
-0.8069497346878052,0.5789473684210527,0.7679844458846403,16.0,1185.0
-0.8071873188018799,0.5789473684210527,0.7686325340246274,16.0,1186.0
-0.8090423941612244,0.5789473684210527,0.7692806221646143,16.0,1187.0
-0.8105743527412415,0.5789473684210527,0.7699287103046014,16.0,1188.0
-0.8140599131584167,0.5789473684210527,0.7705767984445885,16.0,1189.0
-0.8142173886299133,0.5789473684210527,0.7712248865845756,16.0,1190.0
-0.8146780133247375,0.5789473684210527,0.7718729747245625,16.0,1191.0
-0.8150101900100708,0.5789473684210527,0.7725210628645496,16.0,1192.0
-0.8180297017097473,0.5789473684210527,0.7731691510045366,16.0,1193.0
-0.8194060921669006,0.5789473684210527,0.7738172391445236,16.0,1194.0
-0.8218348622322083,0.5789473684210527,0.7744653272845107,16.0,1195.0
-0.8219610452651978,0.5789473684210527,0.7751134154244977,16.0,1196.0
-0.8242460489273071,0.5789473684210527,0.7757615035644848,16.0,1197.0
-0.8304214477539062,0.5789473684210527,0.7764095917044718,16.0,1198.0
-0.8323607444763184,0.5789473684210527,0.7770576798444588,16.0,1199.0
-0.8338842988014221,0.5789473684210527,0.7777057679844459,16.0,1200.0
-0.8369704484939575,0.5789473684210527,0.778353856124433,16.0,1201.0
-0.8370413184165955,0.5789473684210527,0.7790019442644199,16.0,1202.0
-0.8430142402648926,0.5789473684210527,0.779650032404407,16.0,1203.0
-0.8434012532234192,0.5789473684210527,0.7802981205443941,16.0,1204.0
-0.8449256420135498,0.5789473684210527,0.780946208684381,16.0,1205.0
-0.8451536297798157,0.5789473684210527,0.7815942968243681,16.0,1206.0
-0.8452935218811035,0.5789473684210527,0.7822423849643552,16.0,1207.0
-0.8463994860649109,0.5789473684210527,0.7828904731043422,16.0,1208.0
-0.8477388024330139,0.5789473684210527,0.7835385612443292,16.0,1209.0
-0.8478663563728333,0.5789473684210527,0.7841866493843163,16.0,1210.0
-0.8499264121055603,0.5789473684210527,0.7848347375243033,16.0,1211.0
-0.8518871068954468,0.5789473684210527,0.7854828256642904,16.0,1212.0
-0.8536539673805237,0.5789473684210527,0.7861309138042774,16.0,1213.0
-0.8543179035186768,0.5789473684210527,0.7867790019442644,16.0,1214.0
-0.8550413846969604,0.5789473684210527,0.7874270900842515,16.0,1215.0
-0.8557590246200562,0.5789473684210527,0.7880751782242384,16.0,1216.0
-0.85605388879776,0.5789473684210527,0.7887232663642255,16.0,1217.0
-0.8564106225967407,0.5789473684210527,0.7893713545042126,16.0,1218.0
-0.8596416115760803,0.5789473684210527,0.7900194426441997,16.0,1219.0
-0.8605479001998901,0.5789473684210527,0.7906675307841866,16.0,1220.0
-0.861529529094696,0.5789473684210527,0.7913156189241737,16.0,1221.0
-0.863264799118042,0.5789473684210527,0.7919637070641607,16.0,1222.0
-0.8637950420379639,0.5789473684210527,0.7926117952041478,16.0,1223.0
-0.8639137744903564,0.5789473684210527,0.7932598833441348,16.0,1224.0
-0.864521861076355,0.5789473684210527,0.7939079714841218,16.0,1225.0
-0.8691275119781494,0.5789473684210527,0.7945560596241089,16.0,1226.0
-0.8696702718734741,0.5789473684210527,0.7952041477640959,16.0,1227.0
-0.8724590539932251,0.5789473684210527,0.7958522359040829,16.0,1228.0
-0.8727449774742126,0.5789473684210527,0.79650032404407,16.0,1229.0
-0.8789252638816833,0.5789473684210527,0.7971484121840571,16.0,1230.0
-0.8829271197319031,0.5789473684210527,0.797796500324044,16.0,1231.0
-0.8829541206359863,0.5789473684210527,0.7984445884640311,16.0,1232.0
-0.8840467929840088,0.5789473684210527,0.7990926766040182,16.0,1233.0
-0.8862805366516113,0.5789473684210527,0.7997407647440052,16.0,1234.0
-0.8870820999145508,0.5789473684210527,0.8003888528839922,16.0,1235.0
-0.8956609964370728,0.5789473684210527,0.8010369410239793,16.0,1236.0
-0.896021842956543,0.5789473684210527,0.8016850291639663,16.0,1237.0
-0.8971347808837891,0.5789473684210527,0.8023331173039533,16.0,1238.0
-0.8971934914588928,0.5789473684210527,0.8029812054439404,16.0,1239.0
-0.8989844918251038,0.5789473684210527,0.8036292935839274,16.0,1240.0
-0.8990095853805542,0.5789473684210527,0.8042773817239145,16.0,1241.0
-0.8993663191795349,0.5789473684210527,0.8049254698639015,16.0,1242.0
-0.9004974961280823,0.5789473684210527,0.8055735580038885,16.0,1243.0
-0.9011641144752502,0.5789473684210527,0.8062216461438756,16.0,1244.0
-0.9022537469863892,0.5789473684210527,0.8068697342838627,16.0,1245.0
-0.902567446231842,0.5789473684210527,0.8075178224238496,16.0,1246.0
-0.9095479249954224,0.5789473684210527,0.8081659105638367,16.0,1247.0
-0.9095844030380249,0.5789473684210527,0.8088139987038238,16.0,1248.0
-0.9114813208580017,0.5789473684210527,0.8094620868438107,16.0,1249.0
-0.9129095673561096,0.5789473684210527,0.8101101749837978,16.0,1250.0
-0.9135246872901917,0.5789473684210527,0.8107582631237849,16.0,1251.0
-0.9182182550430298,0.5789473684210527,0.8114063512637719,16.0,1252.0
-0.9199923276901245,0.5789473684210527,0.8120544394037589,16.0,1253.0
-0.9243319034576416,0.5789473684210527,0.812702527543746,16.0,1254.0
-0.9247035980224609,0.5789473684210527,0.813350615683733,16.0,1255.0
-0.9264166951179504,0.5789473684210527,0.81399870382372,16.0,1256.0
-0.9293139576911926,0.5789473684210527,0.814646791963707,16.0,1257.0
-0.9308275580406189,0.5789473684210527,0.8152948801036941,16.0,1258.0
-0.9316405653953552,0.5789473684210527,0.8159429682436812,16.0,1259.0
-0.9332833290100098,0.5789473684210527,0.8165910563836681,16.0,1260.0
-0.9342450499534607,0.5789473684210527,0.8172391445236552,16.0,1261.0
-0.9345496892929077,0.5789473684210527,0.8178872326636423,16.0,1262.0
-0.93558269739151,0.5789473684210527,0.8185353208036293,16.0,1263.0
-0.9361563324928284,0.5789473684210527,0.8191834089436163,16.0,1264.0
-0.9381334781646729,0.5789473684210527,0.8198314970836034,16.0,1265.0
-0.9385590553283691,0.5789473684210527,0.8204795852235904,16.0,1266.0
-0.9418076872825623,0.5789473684210527,0.8211276733635774,16.0,1267.0
-0.9438885450363159,0.5789473684210527,0.8217757615035645,16.0,1268.0
-0.9447816014289856,0.5789473684210527,0.8224238496435515,16.0,1269.0
-0.9448654651641846,0.5789473684210527,0.8230719377835386,16.0,1270.0
-0.9548252820968628,0.5789473684210527,0.8237200259235256,16.0,1271.0
-0.9551489949226379,0.5789473684210527,0.8243681140635126,16.0,1272.0
-0.9551956653594971,0.5789473684210527,0.8250162022034997,16.0,1273.0
-0.9565361738204956,0.5789473684210527,0.8256642903434868,16.0,1274.0
-0.9565557837486267,0.5789473684210527,0.8263123784834737,16.0,1275.0
-0.9578680396080017,0.5789473684210527,0.8269604666234608,16.0,1276.0
-0.9610829949378967,0.5789473684210527,0.8276085547634479,16.0,1277.0
-0.9621370434761047,0.5789473684210527,0.8282566429034348,16.0,1278.0
-0.9626744389533997,0.5789473684210527,0.8289047310434219,16.0,1279.0
-0.9631131887435913,0.5789473684210527,0.829552819183409,16.0,1280.0
-0.9633112549781799,0.5789473684210527,0.830200907323396,16.0,1281.0
-0.9656805992126465,0.5789473684210527,0.830848995463383,16.0,1282.0
-0.9662550091743469,0.5789473684210527,0.83149708360337,16.0,1283.0
-0.9664255976676941,0.5789473684210527,0.8321451717433571,16.0,1284.0
-0.9668018817901611,0.5789473684210527,0.8327932598833442,16.0,1285.0
-0.9668291807174683,0.5789473684210527,0.8334413480233311,16.0,1286.0
-0.9678685069084167,0.5789473684210527,0.8340894361633182,16.0,1287.0
-0.9697369933128357,0.5789473684210527,0.8347375243033053,16.0,1288.0
-0.9709447026252747,0.5789473684210527,0.8353856124432922,16.0,1289.0
-0.9738421440124512,0.5789473684210527,0.8360337005832793,16.0,1290.0
-0.9746118783950806,0.5789473684210527,0.8366817887232664,16.0,1291.0
-0.9749159216880798,0.5789473684210527,0.8373298768632534,16.0,1292.0
-0.9749775528907776,0.5789473684210527,0.8379779650032404,16.0,1293.0
-0.9792453050613403,0.5789473684210527,0.8386260531432275,16.0,1294.0
-0.9820148944854736,0.5789473684210527,0.8392741412832145,16.0,1295.0
-0.9831721782684326,0.5789473684210527,0.8399222294232016,16.0,1296.0
-0.9849326610565186,0.5789473684210527,0.8405703175631886,16.0,1297.0
-0.985090434551239,0.5789473684210527,0.8412184057031756,16.0,1298.0
-0.9853615164756775,0.5789473684210527,0.8418664938431627,16.0,1299.0
-0.9859190583229065,0.5789473684210527,0.8425145819831497,16.0,1300.0
-0.9872598052024841,0.5789473684210527,0.8431626701231367,16.0,1301.0
-0.9912481307983398,0.5789473684210527,0.8438107582631238,16.0,1302.0
-0.9913324117660522,0.5789473684210527,0.8444588464031109,16.0,1303.0
-0.9922811985015869,0.5789473684210527,0.8451069345430978,16.0,1304.0
-0.9923948645591736,0.5789473684210527,0.8457550226830849,16.0,1305.0
-0.9940567016601562,0.5789473684210527,0.846403110823072,16.0,1306.0
-0.9958954453468323,0.5789473684210527,0.847051198963059,16.0,1307.0
-0.9961247444152832,0.5789473684210527,0.847699287103046,16.0,1308.0
-0.9972131848335266,0.5789473684210527,0.848347375243033,16.0,1309.0
-0.998870313167572,0.5789473684210527,0.8489954633830201,16.0,1310.0
-1.0012623071670532,0.5789473684210527,0.8496435515230071,16.0,1311.0
-1.0014138221740723,0.5789473684210527,0.8502916396629941,16.0,1312.0
-1.001481294631958,0.5789473684210527,0.8509397278029812,16.0,1313.0
-1.0025782585144043,0.5789473684210527,0.8515878159429683,16.0,1314.0
-1.0027271509170532,0.5789473684210527,0.8522359040829552,16.0,1315.0
-1.0045995712280273,0.5789473684210527,0.8528839922229423,16.0,1316.0
-1.0050559043884277,0.5789473684210527,0.8535320803629294,16.0,1317.0
-1.005118727684021,0.5789473684210527,0.8541801685029164,16.0,1318.0
-1.0069935321807861,0.5789473684210527,0.8548282566429034,16.0,1319.0
-1.0072380304336548,0.5789473684210527,0.8554763447828905,16.0,1320.0
-1.0109390020370483,0.5789473684210527,0.8561244329228775,16.0,1321.0
-1.0110089778900146,0.5789473684210527,0.8567725210628645,16.0,1322.0
-1.0140657424926758,0.5789473684210527,0.8574206092028516,16.0,1323.0
-1.0189310312271118,0.5789473684210527,0.8580686973428386,16.0,1324.0
-1.0189344882965088,0.5789473684210527,0.8587167854828257,16.0,1325.0
-1.0191584825515747,0.5789473684210527,0.8593648736228127,16.0,1326.0
-1.019850730895996,0.5789473684210527,0.8600129617627997,16.0,1327.0
-1.0211046934127808,0.5789473684210527,0.8606610499027868,16.0,1328.0
-1.0236574411392212,0.5789473684210527,0.8613091380427739,16.0,1329.0
-1.026993751525879,0.5789473684210527,0.8619572261827608,16.0,1330.0
-1.0322099924087524,0.5789473684210527,0.8626053143227479,16.0,1331.0
-1.0363534688949585,0.5789473684210527,0.863253402462735,16.0,1332.0
-1.036783218383789,0.5789473684210527,0.8639014906027219,16.0,1333.0
-1.0371676683425903,0.5789473684210527,0.864549578742709,16.0,1334.0
-1.037259817123413,0.5789473684210527,0.8651976668826961,16.0,1335.0
-1.0386971235275269,0.5789473684210527,0.8658457550226831,16.0,1336.0
-1.0424408912658691,0.5789473684210527,0.8664938431626701,16.0,1337.0
-1.0430952310562134,0.5789473684210527,0.8671419313026572,16.0,1338.0
-1.0440174341201782,0.5789473684210527,0.8677900194426442,16.0,1339.0
-1.0444258451461792,0.5789473684210527,0.8684381075826313,16.0,1340.0
-1.0501883029937744,0.5789473684210527,0.8690861957226182,16.0,1341.0
-1.0505497455596924,0.5789473684210527,0.8697342838626053,16.0,1342.0
-1.0543203353881836,0.5789473684210527,0.8703823720025924,16.0,1343.0
-1.054835557937622,0.5789473684210527,0.8710304601425793,16.0,1344.0
-1.0556730031967163,0.5789473684210527,0.8716785482825664,16.0,1345.0
-1.0575076341629028,0.5789473684210527,0.8723266364225535,16.0,1346.0
-1.0624021291732788,0.5789473684210527,0.8729747245625405,16.0,1347.0
-1.063602328300476,0.5789473684210527,0.8736228127025275,16.0,1348.0
-1.0645197629928589,0.5789473684210527,0.8742709008425146,16.0,1349.0
-1.0655885934829712,0.5789473684210527,0.8749189889825016,16.0,1350.0
-1.0660380125045776,0.5789473684210527,0.8755670771224887,16.0,1351.0
-1.0666464567184448,0.5789473684210527,0.8762151652624757,16.0,1352.0
-1.068457007408142,0.5789473684210527,0.8768632534024627,16.0,1353.0
-1.068833589553833,0.5789473684210527,0.8775113415424498,16.0,1354.0
-1.0720802545547485,0.5789473684210527,0.8781594296824368,16.0,1355.0
-1.0724655389785767,0.5789473684210527,0.8788075178224238,16.0,1356.0
-1.0731712579727173,0.5789473684210527,0.8794556059624109,16.0,1357.0
-1.073790192604065,0.5789473684210527,0.880103694102398,16.0,1358.0
-1.0751616954803467,0.5789473684210527,0.8807517822423849,16.0,1359.0
-1.0752898454666138,0.5789473684210527,0.881399870382372,16.0,1360.0
-1.0800288915634155,0.5789473684210527,0.8820479585223591,16.0,1361.0
-1.0822139978408813,0.5789473684210527,0.8826960466623461,16.0,1362.0
-1.0843353271484375,0.5789473684210527,0.8833441348023331,16.0,1363.0
-1.0858469009399414,0.5789473684210527,0.8839922229423202,16.0,1364.0
-1.0917624235153198,0.5789473684210527,0.8846403110823072,16.0,1365.0
-1.0923535823822021,0.5789473684210527,0.8852883992222942,16.0,1366.0
-1.092384696006775,0.5789473684210527,0.8859364873622813,16.0,1367.0
-1.113734245300293,0.5789473684210527,0.8865845755022683,16.0,1368.0
-1.1214185953140259,0.5789473684210527,0.8872326636422554,16.0,1369.0
-1.1252738237380981,0.5789473684210527,0.8878807517822424,16.0,1370.0
-1.1262993812561035,0.5789473684210527,0.8885288399222294,16.0,1371.0
-1.1324561834335327,0.5789473684210527,0.8891769280622165,16.0,1372.0
-1.143714189529419,0.5789473684210527,0.8898250162022034,16.0,1373.0
-1.1449600458145142,0.5789473684210527,0.8904731043421905,16.0,1374.0
-1.1538512706756592,0.5789473684210527,0.8911211924821776,16.0,1375.0
-1.154829978942871,0.5789473684210527,0.8917692806221647,16.0,1376.0
-1.1603350639343262,0.5789473684210527,0.8924173687621516,16.0,1377.0
-1.1611303091049194,0.5789473684210527,0.8930654569021387,16.0,1378.0
-1.1623609066009521,0.5789473684210527,0.8937135450421257,16.0,1379.0
-1.1685069799423218,0.5789473684210527,0.8943616331821128,16.0,1380.0
-1.1685576438903809,0.5789473684210527,0.8950097213220998,16.0,1381.0
-1.1753816604614258,0.5789473684210527,0.8956578094620868,16.0,1382.0
-1.1760711669921875,0.5789473684210527,0.8963058976020739,16.0,1383.0
-1.1850953102111816,0.5789473684210527,0.8969539857420609,16.0,1384.0
-1.1859718561172485,0.5789473684210527,0.8976020738820479,16.0,1385.0
-1.1879280805587769,0.5789473684210527,0.898250162022035,16.0,1386.0
-1.1901994943618774,0.5789473684210527,0.8988982501620221,16.0,1387.0
-1.1945832967758179,0.5789473684210527,0.899546338302009,16.0,1388.0
-1.2015665769577026,0.5789473684210527,0.9001944264419961,16.0,1389.0
-1.2037380933761597,0.5789473684210527,0.9008425145819832,16.0,1390.0
-1.2060095071792603,0.5789473684210527,0.9014906027219702,16.0,1391.0
-1.206390619277954,0.5789473684210527,0.9021386908619572,16.0,1392.0
-1.2064050436019897,0.5789473684210527,0.9027867790019443,16.0,1393.0
-1.2084301710128784,0.5789473684210527,0.9034348671419313,16.0,1394.0
-1.2172811031341553,0.5789473684210527,0.9040829552819183,16.0,1395.0
-1.2176342010498047,0.5789473684210527,0.9047310434219054,16.0,1396.0
-1.223700761795044,0.5789473684210527,0.9053791315618924,16.0,1397.0
-1.2243311405181885,0.5789473684210527,0.9060272197018795,16.0,1398.0
-1.2244054079055786,0.5789473684210527,0.9066753078418665,16.0,1399.0
-1.234604835510254,0.5789473684210527,0.9073233959818535,16.0,1400.0
-1.2384206056594849,0.5789473684210527,0.9079714841218406,16.0,1401.0
-1.2389599084854126,0.5789473684210527,0.9086195722618277,16.0,1402.0
-1.2438298463821411,0.5789473684210527,0.9092676604018146,16.0,1403.0
-1.2447832822799683,0.5789473684210527,0.9099157485418017,16.0,1404.0
-1.2605394124984741,0.5789473684210527,0.9105638366817888,16.0,1405.0
-1.2621787786483765,0.5789473684210527,0.9112119248217757,16.0,1406.0
-1.269223690032959,0.5789473684210527,0.9118600129617628,16.0,1407.0
-1.2716797590255737,0.5789473684210527,0.9125081011017498,16.0,1408.0
-1.279066562652588,0.5789473684210527,0.9131561892417369,16.0,1409.0
-1.2878187894821167,0.5789473684210527,0.9138042773817239,16.0,1410.0
-1.2885888814926147,0.5789473684210527,0.9144523655217109,16.0,1411.0
-1.2935445308685303,0.5789473684210527,0.915100453661698,16.0,1412.0
-1.2960970401763916,0.5789473684210527,0.9157485418016851,16.0,1413.0
-1.2977230548858643,0.5789473684210527,0.916396629941672,16.0,1414.0
-1.2991591691970825,0.5789473684210527,0.9170447180816591,16.0,1415.0
-1.3022561073303223,0.5789473684210527,0.9176928062216462,16.0,1416.0
-1.3149341344833374,0.5789473684210527,0.9183408943616331,16.0,1417.0
-1.317741870880127,0.5789473684210527,0.9189889825016202,16.0,1418.0
-1.3182190656661987,0.5789473684210527,0.9196370706416073,16.0,1419.0
-1.3185542821884155,0.5789473684210527,0.9202851587815943,16.0,1420.0
-1.3185739517211914,0.5789473684210527,0.9209332469215813,16.0,1421.0
-1.3199305534362793,0.5789473684210527,0.9215813350615684,16.0,1422.0
-1.3234083652496338,0.5789473684210527,0.9222294232015554,16.0,1423.0
-1.3235175609588623,0.5789473684210527,0.9228775113415425,16.0,1424.0
-1.329920768737793,0.5789473684210527,0.9235255994815295,16.0,1425.0
-1.3319486379623413,0.5789473684210527,0.9241736876215165,16.0,1426.0
-1.3405734300613403,0.5789473684210527,0.9248217757615036,16.0,1427.0
-1.3426491022109985,0.5789473684210527,0.9254698639014906,16.0,1428.0
-1.3449641466140747,0.5789473684210527,0.9261179520414776,16.0,1429.0
-1.3491586446762085,0.5789473684210527,0.9267660401814647,16.0,1430.0
-1.3544050455093384,0.5789473684210527,0.9274141283214518,16.0,1431.0
-1.3573955297470093,0.5789473684210527,0.9280622164614387,16.0,1432.0
-1.3616677522659302,0.5789473684210527,0.9287103046014258,16.0,1433.0
-1.371267557144165,0.5789473684210527,0.9293583927414129,16.0,1434.0
-1.3758800029754639,0.5789473684210527,0.9300064808813999,16.0,1435.0
-1.3771073818206787,0.5789473684210527,0.9306545690213869,16.0,1436.0
-1.3797963857650757,0.5789473684210527,0.931302657161374,16.0,1437.0
-1.3843001127243042,0.5789473684210527,0.931950745301361,16.0,1438.0
-1.3869582414627075,0.5789473684210527,0.932598833441348,16.0,1439.0
-1.3944801092147827,0.5789473684210527,0.933246921581335,16.0,1440.0
-1.3949388265609741,0.5789473684210527,0.9338950097213221,16.0,1441.0
-1.396135687828064,0.5789473684210527,0.9345430978613092,16.0,1442.0
-1.4017894268035889,0.5789473684210527,0.9351911860012961,16.0,1443.0
-1.4107366800308228,0.5789473684210527,0.9358392741412832,16.0,1444.0
-1.41184401512146,0.5789473684210527,0.9364873622812703,16.0,1445.0
-1.4158192873001099,0.5789473684210527,0.9371354504212573,16.0,1446.0
-1.4178444147109985,0.5789473684210527,0.9377835385612443,16.0,1447.0
-1.422472596168518,0.5789473684210527,0.9384316267012314,16.0,1448.0
-1.4244554042816162,0.5789473684210527,0.9390797148412184,16.0,1449.0
-1.4401121139526367,0.5789473684210527,0.9397278029812054,16.0,1450.0
-1.4410759210586548,0.5789473684210527,0.9403758911211925,16.0,1451.0
-1.4435226917266846,0.5789473684210527,0.9410239792611795,16.0,1452.0
-1.4524699449539185,0.5789473684210527,0.9416720674011666,16.0,1453.0
-1.4558128118515015,0.5789473684210527,0.9423201555411536,16.0,1454.0
-1.4616971015930176,0.5789473684210527,0.9429682436811406,16.0,1455.0
-1.4724156856536865,0.5789473684210527,0.9436163318211277,16.0,1456.0
-1.4775995016098022,0.5789473684210527,0.9442644199611148,16.0,1457.0
-1.485174298286438,0.5789473684210527,0.9449125081011017,16.0,1458.0
-1.491584300994873,0.5789473684210527,0.9455605962410888,16.0,1459.0
-1.4952706098556519,0.5789473684210527,0.9462086843810759,16.0,1460.0
-1.5000042915344238,0.5789473684210527,0.9468567725210628,16.0,1461.0
-1.5041584968566895,0.5789473684210527,0.9475048606610499,16.0,1462.0
-1.5048768520355225,0.5789473684210527,0.948152948801037,16.0,1463.0
-1.5183213949203491,0.5789473684210527,0.948801036941024,16.0,1464.0
-1.5213803052902222,0.5789473684210527,0.949449125081011,16.0,1465.0
-1.5381377935409546,0.5789473684210527,0.950097213220998,16.0,1466.0
-1.5387651920318604,0.5789473684210527,0.9507453013609851,16.0,1467.0
-1.541200041770935,0.5789473684210527,0.9513933895009722,16.0,1468.0
-1.5602655410766602,0.5789473684210527,0.9520414776409591,16.0,1469.0
-1.5769882202148438,0.5789473684210527,0.9526895657809462,16.0,1470.0
-1.5854562520980835,0.5789473684210527,0.9533376539209333,16.0,1471.0
-1.5905102491378784,0.5789473684210527,0.9539857420609202,16.0,1472.0
-1.5917491912841797,0.5789473684210527,0.9546338302009073,16.0,1473.0
-1.5953238010406494,0.5789473684210527,0.9552819183408944,16.0,1474.0
-1.5992311239242554,0.5789473684210527,0.9559300064808814,16.0,1475.0
-1.6066064834594727,0.5789473684210527,0.9565780946208684,16.0,1476.0
-1.615411639213562,0.5789473684210527,0.9572261827608555,16.0,1477.0
-1.6194701194763184,0.5789473684210527,0.9578742709008425,16.0,1478.0
-1.6212869882583618,0.5789473684210527,0.9585223590408296,16.0,1479.0
-1.6219016313552856,0.5789473684210527,0.9591704471808166,16.0,1480.0
-1.6250940561294556,0.5789473684210527,0.9598185353208036,16.0,1481.0
-1.662581443786621,0.5789473684210527,0.9604666234607907,16.0,1482.0
-1.6690595149993896,0.5789473684210527,0.9611147116007777,16.0,1483.0
-1.6974526643753052,0.5789473684210527,0.9617627997407647,16.0,1484.0
-1.702142596244812,0.5789473684210527,0.9624108878807518,16.0,1485.0
-1.7061797380447388,0.5789473684210527,0.9630589760207389,16.0,1486.0
-1.7170270681381226,0.5789473684210527,0.9637070641607258,16.0,1487.0
-1.7243002653121948,0.5789473684210527,0.9643551523007129,16.0,1488.0
-1.7352831363677979,0.5789473684210527,0.9650032404407,16.0,1489.0
-1.7369290590286255,0.5789473684210527,0.9656513285806869,16.0,1490.0
-1.7407810688018799,0.5789473684210527,0.966299416720674,16.0,1491.0
-1.7429804801940918,0.5789473684210527,0.9669475048606611,16.0,1492.0
-1.7451653480529785,0.5789473684210527,0.9675955930006481,16.0,1493.0
-1.7500230073928833,0.5789473684210527,0.9682436811406351,16.0,1494.0
-1.7638391256332397,0.5789473684210527,0.9688917692806222,16.0,1495.0
-1.7676953077316284,0.5789473684210527,0.9695398574206092,16.0,1496.0
-1.7681024074554443,0.5789473684210527,0.9701879455605963,16.0,1497.0
-1.772141456604004,0.5789473684210527,0.9708360337005832,16.0,1498.0
-1.8126853704452515,0.5789473684210527,0.9714841218405703,16.0,1499.0
-1.82077956199646,0.5789473684210527,0.9721322099805574,16.0,1500.0
-1.8224393129348755,0.5789473684210527,0.9727802981205443,16.0,1501.0
-1.8235865831375122,0.5789473684210527,0.9734283862605314,16.0,1502.0
-1.8362871408462524,0.5789473684210527,0.9740764744005185,16.0,1503.0
-1.8370842933654785,0.5789473684210527,0.9747245625405055,16.0,1504.0
-1.8469657897949219,0.5789473684210527,0.9753726506804925,16.0,1505.0
-1.878404974937439,0.5789473684210527,0.9760207388204796,16.0,1506.0
-1.889685869216919,0.5789473684210527,0.9766688269604666,16.0,1507.0
-1.8910512924194336,0.5789473684210527,0.9773169151004537,16.0,1508.0
-1.8932658433914185,0.5789473684210527,0.9779650032404407,16.0,1509.0
-1.8995649814605713,0.5789473684210527,0.9786130913804277,16.0,1510.0
-1.9246973991394043,0.5789473684210527,0.9792611795204148,16.0,1511.0
-1.929518699645996,0.5789473684210527,0.9799092676604018,16.0,1512.0
-1.9583953619003296,0.5789473684210527,0.9805573558003888,16.0,1513.0
-1.9948009252548218,0.5789473684210527,0.9812054439403759,16.0,1514.0
-2.0486931800842285,0.5789473684210527,0.981853532080363,16.0,1515.0
-2.0517966747283936,0.5789473684210527,0.9825016202203499,16.0,1516.0
-2.0933778285980225,0.5789473684210527,0.983149708360337,16.0,1517.0
-2.0999319553375244,0.5789473684210527,0.9837977965003241,16.0,1518.0
-2.1150803565979004,0.5789473684210527,0.9844458846403111,16.0,1519.0
-2.1236329078674316,0.5789473684210527,0.9850939727802981,16.0,1520.0
-2.2038235664367676,0.5789473684210527,0.9857420609202852,16.0,1521.0
-2.2384390830993652,0.5789473684210527,0.9863901490602722,16.0,1522.0
-2.25687313079834,0.5789473684210527,0.9870382372002592,16.0,1523.0
-2.3043956756591797,0.5789473684210527,0.9876863253402463,16.0,1524.0
-2.382352352142334,0.5789473684210527,0.9883344134802333,16.0,1525.0
-2.388294219970703,0.5789473684210527,0.9889825016202204,16.0,1526.0
-2.6319427490234375,0.5789473684210527,0.9896305897602073,16.0,1527.0
