score_threshold,miss_rate,FPPW,TP,FP
2.7225821018218994,0.9736842105263158,0.0,1.0,0.0
2.107295274734497,0.9736842105263158,0.0006480881399870382,1.0,1.0
1.9138950109481812,0.9473684210526316,0.0012961762799740765,2.0,2.0
1.8388118743896484,0.9473684210526316,0.0019442644199611147,2.0,3.0
1.820455551147461,0.9473684210526316,0.002592352559948153,2.0,4.0
1.7763813734054565,0.9473684210526316,0.0032404406999351912,2.0,5.0
1.7695667743682861,0.9473684210526316,0.0038885288399222295,2.0,6.0
1.717328667640686,0.9473684210526316,0.004536616979909268,2.0,7.0
1.6438449621200562,0.9473684210526316,0.005184705119896306,2.0,8.0
1.622355580329895,0.9473684210526316,0.005832793259883344,2.0,9.0
1.604704737663269,0.9473684210526316,0.0064808813998703824,2.0,10.0
1.5995854139328003,0.9210526315789473,0.007128969539857421,3.0,11.0
1.5425243377685547,0.9210526315789473,0.007777057679844459,3.0,12.0
1.4522948265075684,0.8947368421052632,0.008425145819831496,4.0,13.0
1.4235703945159912,0.8947368421052632,0.009073233959818535,4.0,14.0
1.3559796810150146,0.8947368421052632,0.009721322099805573,4.0,15.0
1.354359745979309,0.8947368421052632,0.010369410239792612,4.0,16.0
1.3467082977294922,0.8947368421052632,0.01101749837977965,4.0,17.0
1.3407866954803467,0.8947368421052632,0.011665586519766688,4.0,18.0
1.3222661018371582,0.8947368421052632,0.012313674659753726,4.0,19.0
1.307793140411377,0.8947368421052632,0.012961762799740765,4.0,20.0
1.3053438663482666,0.8947368421052632,0.013609850939727802,4.0,21.0
1.30214524269104,0.8947368421052632,0.014257939079714841,4.0,22.0
1.3000414371490479,0.8947368421052632,0.014906027219701879,4.0,23.0
1.2696864604949951,0.8947368421052632,0.015554115359688918,4.0,24.0
1.2539492845535278,0.8947368421052632,0.016202203499675955,4.0,25.0
1.246829867362976,0.8947368421052632,0.016850291639662993,4.0,26.0
1.23611581325531,0.8947368421052632,0.017498379779650033,4.0,27.0
1.207205891609192,0.8947368421052632,0.01814646791963707,4.0,28.0
1.194215178489685,0.8947368421052632,0.018794556059624108,4.0,29.0
1.1849058866500854,0.8947368421052632,0.019442644199611146,4.0,30.0
1.1566635370254517,0.8947368421052632,0.020090732339598186,4.0,31.0
1.156302571296692,0.8947368421052632,0.020738820479585224,4.0,32.0
1.14737069606781,0.8947368421052632,0.02138690861957226,4.0,33.0
1.1391712427139282,0.8947368421052632,0.0220349967595593,4.0,34.0
1.1260942220687866,0.8947368421052632,0.02268308489954634,4.0,35.0
1.1134577989578247,0.8947368421052632,0.023331173039533377,4.0,36.0
1.1109944581985474,0.8947368421052632,0.023979261179520414,4.0,37.0
1.0885456800460815,0.8947368421052632,0.02462734931950745,4.0,38.0
1.0811010599136353,0.8947368421052632,0.025275437459494492,4.0,39.0
1.0748231410980225,0.8947368421052632,0.02592352559948153,4.0,40.0
1.066307544708252,0.8947368421052632,0.026571613739468567,4.0,41.0
1.0594816207885742,0.8947368421052632,0.027219701879455604,4.0,42.0
1.0518970489501953,0.8947368421052632,0.027867790019442645,4.0,43.0
1.049716830253601,0.8947368421052632,0.028515878159429683,4.0,44.0
1.0281741619110107,0.8947368421052632,0.02916396629941672,4.0,45.0
1.0259628295898438,0.8947368421052632,0.029812054439403757,4.0,46.0
1.0170797109603882,0.8947368421052632,0.0304601425793908,4.0,47.0
1.009961724281311,0.8947368421052632,0.031108230719377836,4.0,48.0
1.0086885690689087,0.868421052631579,0.031756318859364877,5.0,49.0
1.0058643817901611,0.868421052631579,0.03240440699935191,5.0,50.0
0.9898465871810913,0.868421052631579,0.03305249513933895,5.0,51.0
0.9892154335975647,0.868421052631579,0.033700583279325985,5.0,52.0
0.9795069098472595,0.868421052631579,0.034348671419313026,5.0,53.0
0.9779225587844849,0.868421052631579,0.03499675955930007,5.0,54.0
0.9701738357543945,0.868421052631579,0.0356448476992871,5.0,55.0
0.9630325436592102,0.868421052631579,0.03629293583927414,5.0,56.0
0.9580858945846558,0.868421052631579,0.03694102397926118,5.0,57.0
0.950565755367279,0.868421052631579,0.037589112119248216,5.0,58.0
0.9417247176170349,0.868421052631579,0.03823720025923526,5.0,59.0
0.9394777417182922,0.868421052631579,0.03888528839922229,5.0,60.0
0.9381723999977112,0.868421052631579,0.03953337653920933,5.0,61.0
0.9231657385826111,0.8157894736842105,0.04018146467919637,7.0,62.0
0.9219640493392944,0.8157894736842105,0.04082955281918341,7.0,63.0
0.9198277592658997,0.8157894736842105,0.04147764095917045,7.0,64.0
0.9173741340637207,0.8157894736842105,0.04212572909915749,7.0,65.0
0.9051952958106995,0.8157894736842105,0.04277381723914452,7.0,66.0
0.8992027640342712,0.8157894736842105,0.04342190537913156,7.0,67.0
0.8981606364250183,0.8157894736842105,0.0440699935191186,7.0,68.0
0.8972981572151184,0.8157894736842105,0.04471808165910564,7.0,69.0
0.8900952935218811,0.8157894736842105,0.04536616979909268,7.0,70.0
0.8898647427558899,0.8157894736842105,0.04601425793907971,7.0,71.0
0.8798136711120605,0.7894736842105263,0.046662346079066754,8.0,72.0
0.8770771622657776,0.7894736842105263,0.047310434219053794,8.0,73.0
0.8745725750923157,0.7894736842105263,0.04795852235904083,8.0,74.0
0.8639990091323853,0.7894736842105263,0.04860661049902787,8.0,75.0
0.8504946827888489,0.7894736842105263,0.0492546986390149,8.0,76.0
0.8480024337768555,0.7894736842105263,0.049902786779001944,8.0,77.0
0.8467615246772766,0.7631578947368421,0.050550874918988985,9.0,78.0
0.8460462093353271,0.7631578947368421,0.05119896305897602,9.0,79.0
0.8437656164169312,0.7631578947368421,0.05184705119896306,9.0,80.0
0.8389233946800232,0.7631578947368421,0.0524951393389501,9.0,81.0
0.8370630741119385,0.7631578947368421,0.053143227478937134,9.0,82.0
0.8365214467048645,0.7631578947368421,0.053791315618924175,9.0,83.0
0.8356170654296875,0.7631578947368421,0.05443940375891121,9.0,84.0
0.8345969319343567,0.7631578947368421,0.05508749189889825,9.0,85.0
0.8341962695121765,0.7631578947368421,0.05573558003888529,9.0,86.0
0.8337311744689941,0.7631578947368421,0.056383668178872325,9.0,87.0
0.8323161005973816,0.7631578947368421,0.057031756318859365,9.0,88.0
0.8258475661277771,0.7631578947368421,0.057679844458846406,9.0,89.0
0.8246812224388123,0.7631578947368421,0.05832793259883344,9.0,90.0
0.8223480582237244,0.7631578947368421,0.05897602073882048,9.0,91.0
0.8197239637374878,0.7631578947368421,0.059624108878807515,9.0,92.0
0.8141300678253174,0.7631578947368421,0.060272197018794556,9.0,93.0
0.8087427616119385,0.7631578947368421,0.0609202851587816,9.0,94.0
0.8037077188491821,0.7631578947368421,0.06156837329876863,9.0,95.0
0.8021033406257629,0.7631578947368421,0.06221646143875567,9.0,96.0
0.8017089366912842,0.7631578947368421,0.06286454957874271,9.0,97.0
0.8002730011940002,0.7631578947368421,0.06351263771872975,9.0,98.0
0.8000394701957703,0.7631578947368421,0.06416072585871678,9.0,99.0
0.7998592853546143,0.7631578947368421,0.06480881399870382,9.0,100.0
0.7943427562713623,0.7631578947368421,0.06545690213869086,9.0,101.0
0.7926650047302246,0.7631578947368421,0.0661049902786779,9.0,102.0
0.7863869667053223,0.7631578947368421,0.06675307841866494,9.0,103.0
0.7805611491203308,0.7631578947368421,0.06740116655865197,9.0,104.0
0.7742769122123718,0.7631578947368421,0.06804925469863901,9.0,105.0
0.7730917930603027,0.7631578947368421,0.06869734283862605,9.0,106.0
0.7703773379325867,0.7631578947368421,0.06934543097861309,9.0,107.0
0.7702023386955261,0.7631578947368421,0.06999351911860013,9.0,108.0
0.769493043422699,0.7631578947368421,0.07064160725858717,9.0,109.0
0.7630546689033508,0.7631578947368421,0.0712896953985742,9.0,110.0
0.7558354735374451,0.7631578947368421,0.07193778353856124,9.0,111.0
0.7535216808319092,0.7631578947368421,0.07258587167854828,9.0,112.0
0.7526148557662964,0.7631578947368421,0.07323395981853532,9.0,113.0
0.7473710775375366,0.7631578947368421,0.07388204795852236,9.0,114.0
0.7408565282821655,0.7631578947368421,0.07453013609850939,9.0,115.0
0.7361330986022949,0.7631578947368421,0.07517822423849643,9.0,116.0
0.7349029183387756,0.7631578947368421,0.07582631237848347,9.0,117.0
0.7335636019706726,0.7631578947368421,0.07647440051847051,9.0,118.0
0.7322021722793579,0.7631578947368421,0.07712248865845756,9.0,119.0
0.7310991883277893,0.7631578947368421,0.07777057679844458,9.0,120.0
0.7308638691902161,0.7631578947368421,0.07841866493843162,9.0,121.0
0.7297780513763428,0.7631578947368421,0.07906675307841866,9.0,122.0
0.7227412462234497,0.7631578947368421,0.0797148412184057,9.0,123.0
0.7181792259216309,0.7631578947368421,0.08036292935839275,9.0,124.0
0.7067569494247437,0.7631578947368421,0.08101101749837979,9.0,125.0
0.7021703124046326,0.7631578947368421,0.08165910563836681,9.0,126.0
0.7014068365097046,0.7631578947368421,0.08230719377835385,9.0,127.0
0.6992031335830688,0.7631578947368421,0.0829552819183409,9.0,128.0
0.6987636089324951,0.7631578947368421,0.08360337005832794,9.0,129.0
0.6973628997802734,0.7631578947368421,0.08425145819831498,9.0,130.0
0.6968533992767334,0.7631578947368421,0.084899546338302,9.0,131.0
0.6902550458908081,0.7631578947368421,0.08554763447828904,9.0,132.0
0.689505398273468,0.7631578947368421,0.08619572261827609,9.0,133.0
0.6812500357627869,0.7631578947368421,0.08684381075826313,9.0,134.0
0.6797012090682983,0.7631578947368421,0.08749189889825017,9.0,135.0
0.6778847575187683,0.7631578947368421,0.0881399870382372,9.0,136.0
0.675561249256134,0.7631578947368421,0.08878807517822424,9.0,137.0
0.674197793006897,0.7631578947368421,0.08943616331821128,9.0,138.0
0.6739179491996765,0.7631578947368421,0.09008425145819832,9.0,139.0
0.6735044121742249,0.7631578947368421,0.09073233959818536,9.0,140.0
0.666982114315033,0.7631578947368421,0.09138042773817238,9.0,141.0
0.6669777631759644,0.7631578947368421,0.09202851587815943,9.0,142.0
0.663920521736145,0.7631578947368421,0.09267660401814647,9.0,143.0
0.6570143699645996,0.7631578947368421,0.09332469215813351,9.0,144.0
0.638319194316864,0.7631578947368421,0.09397278029812055,9.0,145.0
0.6265320777893066,0.736842105263158,0.09462086843810759,10.0,146.0
0.6232095956802368,0.736842105263158,0.09526895657809462,10.0,147.0
0.6227283477783203,0.736842105263158,0.09591704471808166,10.0,148.0
0.6226404309272766,0.736842105263158,0.0965651328580687,10.0,149.0
0.6226193904876709,0.736842105263158,0.09721322099805574,10.0,150.0
0.6214678883552551,0.736842105263158,0.09786130913804278,10.0,151.0
0.6204512715339661,0.736842105263158,0.0985093972780298,10.0,152.0
0.6141084432601929,0.736842105263158,0.09915748541801685,10.0,153.0
0.6109049320220947,0.736842105263158,0.09980557355800389,10.0,154.0
0.6093236207962036,0.736842105263158,0.10045366169799093,10.0,155.0
0.6074706315994263,0.736842105263158,0.10110174983797797,10.0,156.0
0.6057429909706116,0.736842105263158,0.101749837977965,10.0,157.0
0.601401686668396,0.736842105263158,0.10239792611795204,10.0,158.0
0.6010295748710632,0.736842105263158,0.10304601425793908,10.0,159.0
0.5973014831542969,0.736842105263158,0.10369410239792612,10.0,160.0
0.5962295532226562,0.736842105263158,0.10434219053791316,10.0,161.0
0.5910500288009644,0.736842105263158,0.1049902786779002,10.0,162.0
0.5864129662513733,0.7105263157894737,0.10563836681788723,11.0,163.0
0.584640383720398,0.7105263157894737,0.10628645495787427,11.0,164.0
0.5844725966453552,0.7105263157894737,0.10693454309786131,11.0,165.0
0.581993043422699,0.7105263157894737,0.10758263123784835,11.0,166.0
0.5788732767105103,0.7105263157894737,0.10823071937783539,11.0,167.0
0.5782284736633301,0.7105263157894737,0.10887880751782242,11.0,168.0
0.5782004594802856,0.7105263157894737,0.10952689565780946,11.0,169.0
0.5701654553413391,0.6842105263157895,0.1101749837977965,12.0,170.0
0.5651940703392029,0.6578947368421053,0.11082307193778354,13.0,171.0
0.5650221109390259,0.6578947368421053,0.11147116007777058,13.0,172.0
0.5617958903312683,0.6578947368421053,0.11211924821775761,13.0,173.0
0.5572718381881714,0.6578947368421053,0.11276733635774465,13.0,174.0
0.5572521686553955,0.6578947368421053,0.11341542449773169,13.0,175.0
0.5570626258850098,0.6578947368421053,0.11406351263771873,13.0,176.0
0.5559905171394348,0.6578947368421053,0.11471160077770577,13.0,177.0
0.5550374388694763,0.6578947368421053,0.11535968891769281,13.0,178.0
0.5532834529876709,0.6578947368421053,0.11600777705767984,13.0,179.0
0.5486351847648621,0.6578947368421053,0.11665586519766688,13.0,180.0
0.5394862294197083,0.6578947368421053,0.11730395333765392,13.0,181.0
0.5369362831115723,0.6578947368421053,0.11795204147764096,13.0,182.0
0.5315802097320557,0.6578947368421053,0.118600129617628,13.0,183.0
0.5313601493835449,0.6578947368421053,0.11924821775761503,13.0,184.0
0.5299130082130432,0.6578947368421053,0.11989630589760207,13.0,185.0
0.5285696983337402,0.6578947368421053,0.12054439403758911,13.0,186.0
0.5271483063697815,0.6578947368421053,0.12119248217757615,13.0,187.0
0.5236270427703857,0.6578947368421053,0.1218405703175632,13.0,188.0
0.5234377384185791,0.6578947368421053,0.12248865845755022,13.0,189.0
0.5209949612617493,0.6578947368421053,0.12313674659753726,13.0,190.0
0.5209158658981323,0.6578947368421053,0.1237848347375243,13.0,191.0
0.5180896520614624,0.6578947368421053,0.12443292287751134,13.0,192.0
0.515884518623352,0.6578947368421053,0.12508101101749838,13.0,193.0
0.5153436660766602,0.6578947368421053,0.12572909915748542,13.0,194.0
0.5146452784538269,0.6578947368421053,0.12637718729747247,13.0,195.0
0.5134093165397644,0.6578947368421053,0.1270252754374595,13.0,196.0
0.5097562074661255,0.6578947368421053,0.12767336357744652,13.0,197.0
0.507484495639801,0.6578947368421053,0.12832145171743356,13.0,198.0
0.503372311592102,0.6578947368421053,0.1289695398574206,13.0,199.0
0.5003197193145752,0.6578947368421053,0.12961762799740764,13.0,200.0
0.49860769510269165,0.6578947368421053,0.13026571613739468,13.0,201.0
0.497741162776947,0.6578947368421053,0.13091380427738172,13.0,202.0
0.49755576252937317,0.6578947368421053,0.13156189241736876,13.0,203.0
0.4958980083465576,0.6578947368421053,0.1322099805573558,13.0,204.0
0.4951605200767517,0.6578947368421053,0.13285806869734285,13.0,205.0
0.4931349456310272,0.6578947368421053,0.1335061568373299,13.0,206.0
0.4924229681491852,0.6578947368421053,0.13415424497731693,13.0,207.0
0.489868700504303,0.6578947368421053,0.13480233311730394,13.0,208.0
0.48941710591316223,0.6578947368421053,0.13545042125729098,13.0,209.0
0.4878443777561188,0.6578947368421053,0.13609850939727802,13.0,210.0
0.48656758666038513,0.6578947368421053,0.13674659753726506,13.0,211.0
0.486036479473114,0.6578947368421053,0.1373946856772521,13.0,212.0
0.4849918484687805,0.6578947368421053,0.13804277381723914,13.0,213.0
0.4829839766025543,0.6578947368421053,0.13869086195722619,13.0,214.0
0.4810650050640106,0.6578947368421053,0.13933895009721323,13.0,215.0
0.4799540936946869,0.6578947368421053,0.13998703823720027,13.0,216.0
0.4782622754573822,0.6578947368421053,0.1406351263771873,13.0,217.0
0.4776909351348877,0.6578947368421053,0.14128321451717435,13.0,218.0
0.47679466009140015,0.6578947368421053,0.14193130265716136,13.0,219.0
0.47664597630500793,0.6578947368421053,0.1425793907971484,13.0,220.0
0.4750680923461914,0.6578947368421053,0.14322747893713544,13.0,221.0
0.47488531470298767,0.6578947368421053,0.14387556707712248,13.0,222.0
0.47400036454200745,0.6578947368421053,0.14452365521710953,13.0,223.0
0.46853402256965637,0.6578947368421053,0.14517174335709657,13.0,224.0
0.4672847390174866,0.6578947368421053,0.1458198314970836,13.0,225.0
0.46221962571144104,0.6578947368421053,0.14646791963707065,13.0,226.0
0.4613077938556671,0.6578947368421053,0.1471160077770577,13.0,227.0
0.4612200856208801,0.6578947368421053,0.14776409591704473,13.0,228.0
0.46079546213150024,0.6578947368421053,0.14841218405703174,13.0,229.0
0.4607613980770111,0.6578947368421053,0.14906027219701878,13.0,230.0
0.45888400077819824,0.6578947368421053,0.14970836033700582,13.0,231.0
0.45556724071502686,0.6578947368421053,0.15035644847699287,13.0,232.0
0.45460033416748047,0.6578947368421053,0.1510045366169799,13.0,233.0
0.4540746212005615,0.6578947368421053,0.15165262475696695,13.0,234.0
0.44787928462028503,0.6578947368421053,0.152300712896954,13.0,235.0
0.4463540017604828,0.6578947368421053,0.15294880103694103,13.0,236.0
0.44452548027038574,0.6578947368421053,0.15359688917692807,13.0,237.0
0.43570348620414734,0.631578947368421,0.1542449773169151,14.0,238.0
0.43388429284095764,0.631578947368421,0.15489306545690215,14.0,239.0
0.43311643600463867,0.631578947368421,0.15554115359688916,14.0,240.0
0.4256589710712433,0.631578947368421,0.1561892417368762,14.0,241.0
0.424363911151886,0.631578947368421,0.15683732987686325,14.0,242.0
0.42433470487594604,0.631578947368421,0.1574854180168503,14.0,243.0
0.42307034134864807,0.631578947368421,0.15813350615683733,14.0,244.0
0.4223508834838867,0.631578947368421,0.15878159429682437,14.0,245.0
0.42234286665916443,0.631578947368421,0.1594296824368114,14.0,246.0
0.42204761505126953,0.631578947368421,0.16007777057679845,14.0,247.0
0.4214840531349182,0.631578947368421,0.1607258587167855,14.0,248.0
0.42137497663497925,0.631578947368421,0.16137394685677253,14.0,249.0
0.42104920744895935,0.631578947368421,0.16202203499675957,14.0,250.0
0.42098763585090637,0.631578947368421,0.16267012313674659,14.0,251.0
0.4201907813549042,0.631578947368421,0.16331821127673363,14.0,252.0
0.4183794856071472,0.631578947368421,0.16396629941672067,14.0,253.0
0.41733434796333313,0.631578947368421,0.1646143875567077,14.0,254.0
0.4160250425338745,0.631578947368421,0.16526247569669475,14.0,255.0
0.4157017767429352,0.631578947368421,0.1659105638366818,14.0,256.0
0.41532567143440247,0.631578947368421,0.16655865197666883,14.0,257.0
0.41385942697525024,0.631578947368421,0.16720674011665587,14.0,258.0
0.4131861925125122,0.631578947368421,0.1678548282566429,14.0,259.0
0.4111030697822571,0.631578947368421,0.16850291639662995,14.0,260.0
0.41090285778045654,0.631578947368421,0.16915100453661697,14.0,261.0
0.40854164958000183,0.631578947368421,0.169799092676604,14.0,262.0
0.4084816873073578,0.631578947368421,0.17044718081659105,14.0,263.0
0.40567395091056824,0.631578947368421,0.1710952689565781,14.0,264.0
0.4039302468299866,0.631578947368421,0.17174335709656513,14.0,265.0
0.40343889594078064,0.631578947368421,0.17239144523655217,14.0,266.0
0.40330082178115845,0.631578947368421,0.1730395333765392,14.0,267.0
0.403249591588974,0.631578947368421,0.17368762151652625,14.0,268.0
0.40216606855392456,0.631578947368421,0.1743357096565133,14.0,269.0
0.3996081054210663,0.631578947368421,0.17498379779650033,14.0,270.0
0.39705005288124084,0.631578947368421,0.17563188593648738,14.0,271.0
0.39643117785453796,0.631578947368421,0.1762799740764744,14.0,272.0
0.3918306529521942,0.631578947368421,0.17692806221646143,14.0,273.0
0.38835740089416504,0.631578947368421,0.17757615035644847,14.0,274.0
0.38681110739707947,0.631578947368421,0.1782242384964355,14.0,275.0
0.38667863607406616,0.631578947368421,0.17887232663642255,14.0,276.0
0.3838949203491211,0.631578947368421,0.1795204147764096,14.0,277.0
0.38380128145217896,0.631578947368421,0.18016850291639663,14.0,278.0
0.38272759318351746,0.631578947368421,0.18081659105638367,14.0,279.0
0.37773996591567993,0.631578947368421,0.18146467919637072,14.0,280.0
0.3773120939731598,0.631578947368421,0.18211276733635776,14.0,281.0
0.3740110397338867,0.631578947368421,0.18276085547634477,14.0,282.0
0.3721209466457367,0.631578947368421,0.1834089436163318,14.0,283.0
0.3698491156101227,0.631578947368421,0.18405703175631885,14.0,284.0
0.3681420385837555,0.631578947368421,0.1847051198963059,14.0,285.0
0.365314781665802,0.631578947368421,0.18535320803629293,14.0,286.0
0.3642343580722809,0.631578947368421,0.18600129617627997,14.0,287.0
0.36404669284820557,0.631578947368421,0.18664938431626701,14.0,288.0
0.3635235130786896,0.631578947368421,0.18729747245625405,14.0,289.0
0.36351653933525085,0.631578947368421,0.1879455605962411,14.0,290.0
0.36293840408325195,0.631578947368421,0.18859364873622814,14.0,291.0
0.36202701926231384,0.631578947368421,0.18924173687621518,14.0,292.0
0.35880059003829956,0.631578947368421,0.1898898250162022,14.0,293.0
0.35306569933891296,0.631578947368421,0.19053791315618923,14.0,294.0
0.3527466952800751,0.631578947368421,0.19118600129617627,14.0,295.0
0.3519240617752075,0.631578947368421,0.1918340894361633,14.0,296.0
0.3508039712905884,0.631578947368421,0.19248217757615035,14.0,297.0
0.3504825830459595,0.631578947368421,0.1931302657161374,14.0,298.0
0.34973421692848206,0.631578947368421,0.19377835385612444,14.0,299.0
0.3482806086540222,0.631578947368421,0.19442644199611148,14.0,300.0
0.34730836749076843,0.631578947368421,0.19507453013609852,14.0,301.0
0.3438405990600586,0.631578947368421,0.19572261827608556,14.0,302.0
0.34346702694892883,0.631578947368421,0.1963707064160726,14.0,303.0
0.3430496156215668,0.631578947368421,0.1970187945560596,14.0,304.0
0.3427504897117615,0.631578947368421,0.19766688269604665,14.0,305.0
0.3419719934463501,0.631578947368421,0.1983149708360337,14.0,306.0
0.34083935618400574,0.631578947368421,0.19896305897602073,14.0,307.0
0.3406807482242584,0.631578947368421,0.19961114711600778,14.0,308.0
0.339805543422699,0.631578947368421,0.20025923525599482,14.0,309.0
0.3375619351863861,0.631578947368421,0.20090732339598186,14.0,310.0
0.33468276262283325,0.631578947368421,0.2015554115359689,14.0,311.0
0.3343130946159363,0.631578947368421,0.20220349967595594,14.0,312.0
0.3318113088607788,0.631578947368421,0.20285158781594298,14.0,313.0
0.32801932096481323,0.631578947368421,0.20349967595593,14.0,314.0
0.32715848088264465,0.631578947368421,0.20414776409591703,14.0,315.0
0.326773077249527,0.631578947368421,0.20479585223590407,14.0,316.0
0.326766699552536,0.631578947368421,0.20544394037589112,14.0,317.0
0.3239849805831909,0.631578947368421,0.20609202851587816,14.0,318.0
0.3223237693309784,0.631578947368421,0.2067401166558652,14.0,319.0
0.32212308049201965,0.631578947368421,0.20738820479585224,14.0,320.0
0.3210655152797699,0.631578947368421,0.20803629293583928,14.0,321.0
0.32087913155555725,0.631578947368421,0.20868438107582632,14.0,322.0
0.3134285807609558,0.631578947368421,0.20933246921581336,14.0,323.0
0.3129758834838867,0.631578947368421,0.2099805573558004,14.0,324.0
0.3123021423816681,0.631578947368421,0.21062864549578741,14.0,325.0
0.30970561504364014,0.631578947368421,0.21127673363577446,14.0,326.0
0.30812111496925354,0.631578947368421,0.2119248217757615,14.0,327.0
0.3075903654098511,0.631578947368421,0.21257290991574854,14.0,328.0
0.3025795519351959,0.631578947368421,0.21322099805573558,14.0,329.0
0.3021914064884186,0.631578947368421,0.21386908619572262,14.0,330.0
0.3018719255924225,0.631578947368421,0.21451717433570966,14.0,331.0
0.3011375069618225,0.631578947368421,0.2151652624756967,14.0,332.0
0.3011002242565155,0.631578947368421,0.21581335061568374,14.0,333.0
0.3003996014595032,0.631578947368421,0.21646143875567078,14.0,334.0
0.2986612915992737,0.631578947368421,0.21710952689565782,14.0,335.0
0.2969841957092285,0.631578947368421,0.21775761503564484,14.0,336.0
0.29251348972320557,0.631578947368421,0.21840570317563188,14.0,337.0
0.29091814160346985,0.631578947368421,0.21905379131561892,14.0,338.0
0.2892985939979553,0.631578947368421,0.21970187945560596,14.0,339.0
0.287886381149292,0.631578947368421,0.220349967595593,14.0,340.0
0.2865542471408844,0.631578947368421,0.22099805573558004,14.0,341.0
0.282737672328949,0.631578947368421,0.22164614387556708,14.0,342.0
0.28255560994148254,0.631578947368421,0.22229423201555412,14.0,343.0
0.2824472486972809,0.631578947368421,0.22294232015554116,14.0,344.0
0.28152531385421753,0.631578947368421,0.2235904082955282,14.0,345.0
0.2797185778617859,0.631578947368421,0.22423849643551522,14.0,346.0
0.2791242301464081,0.631578947368421,0.22488658457550226,14.0,347.0
0.2775914967060089,0.631578947368421,0.2255346727154893,14.0,348.0
0.2774241864681244,0.631578947368421,0.22618276085547634,14.0,349.0
0.2761915624141693,0.631578947368421,0.22683084899546338,14.0,350.0
0.27468234300613403,0.631578947368421,0.22747893713545042,14.0,351.0
0.2735588252544403,0.631578947368421,0.22812702527543746,14.0,352.0
0.2731032371520996,0.631578947368421,0.2287751134154245,14.0,353.0
0.27052637934684753,0.631578947368421,0.22942320155541154,14.0,354.0
0.2690656781196594,0.631578947368421,0.23007128969539858,14.0,355.0
0.2686886489391327,0.631578947368421,0.23071937783538563,14.0,356.0
0.26854920387268066,0.631578947368421,0.23136746597537264,14.0,357.0
0.26821017265319824,0.631578947368421,0.23201555411535968,14.0,358.0
0.2669737935066223,0.631578947368421,0.23266364225534672,14.0,359.0
0.2649294137954712,0.631578947368421,0.23331173039533376,14.0,360.0
0.26473620533943176,0.631578947368421,0.2339598185353208,14.0,361.0
0.26299118995666504,0.631578947368421,0.23460790667530784,14.0,362.0
0.2628694474697113,0.631578947368421,0.23525599481529488,14.0,363.0
0.2605590224266052,0.631578947368421,0.23590408295528192,14.0,364.0
0.25739413499832153,0.631578947368421,0.23655217109526896,14.0,365.0
0.25611379742622375,0.631578947368421,0.237200259235256,14.0,366.0
0.25510984659194946,0.631578947368421,0.23784834737524305,14.0,367.0
0.25486618280410767,0.631578947368421,0.23849643551523006,14.0,368.0
0.25378644466400146,0.631578947368421,0.2391445236552171,14.0,369.0
0.253635436296463,0.631578947368421,0.23979261179520414,14.0,370.0
0.2503241002559662,0.631578947368421,0.24044069993519118,14.0,371.0
0.24907876551151276,0.631578947368421,0.24108878807517822,14.0,372.0
0.24810577929019928,0.631578947368421,0.24173687621516526,14.0,373.0
0.24634768068790436,0.631578947368421,0.2423849643551523,14.0,374.0
0.24542875587940216,0.631578947368421,0.24303305249513935,14.0,375.0
0.24485428631305695,0.631578947368421,0.2436811406351264,14.0,376.0
0.2447386085987091,0.631578947368421,0.24432922877511343,14.0,377.0
0.24330741167068481,0.631578947368421,0.24497731691510044,14.0,378.0
0.24216681718826294,0.631578947368421,0.24562540505508748,14.0,379.0
0.24138934910297394,0.631578947368421,0.24627349319507452,14.0,380.0
0.24133054912090302,0.631578947368421,0.24692158133506156,14.0,381.0
0.24114778637886047,0.631578947368421,0.2475696694750486,14.0,382.0
0.23846061527729034,0.631578947368421,0.24821775761503564,14.0,383.0
0.23550985753536224,0.631578947368421,0.24886584575502269,14.0,384.0
0.23513588309288025,0.631578947368421,0.24951393389500973,14.0,385.0
0.2323567122220993,0.631578947368421,0.25016202203499677,14.0,386.0
0.23194946348667145,0.631578947368421,0.2508101101749838,14.0,387.0
0.230095773935318,0.631578947368421,0.25145819831497085,14.0,388.0
0.23006922006607056,0.631578947368421,0.25210628645495786,14.0,389.0
0.2295171022415161,0.631578947368421,0.25275437459494493,14.0,390.0
0.2280900925397873,0.631578947368421,0.25340246273493194,14.0,391.0
0.22768782079219818,0.631578947368421,0.254050550874919,14.0,392.0
0.22570215165615082,0.631578947368421,0.254698639014906,14.0,393.0
0.22525252401828766,0.631578947368421,0.25534672715489304,14.0,394.0
0.22346806526184082,0.631578947368421,0.2559948152948801,14.0,395.0
0.22343869507312775,0.631578947368421,0.2566429034348671,14.0,396.0
0.2231687605381012,0.631578947368421,0.2572909915748542,14.0,397.0
0.2229531854391098,0.631578947368421,0.2579390797148412,14.0,398.0
0.21753445267677307,0.631578947368421,0.25858716785482827,14.0,399.0
0.2170715034008026,0.631578947368421,0.2592352559948153,14.0,400.0
0.21705971658229828,0.631578947368421,0.25988334413480235,14.0,401.0
0.215889573097229,0.631578947368421,0.26053143227478937,14.0,402.0
0.21472734212875366,0.631578947368421,0.26117952041477643,14.0,403.0
0.21397817134857178,0.631578947368421,0.26182760855476345,14.0,404.0
0.21216122806072235,0.631578947368421,0.26247569669475046,14.0,405.0
0.21111488342285156,0.631578947368421,0.26312378483473753,14.0,406.0
0.20843002200126648,0.631578947368421,0.26377187297472454,14.0,407.0
0.20804663002490997,0.631578947368421,0.2644199611147116,14.0,408.0
0.20553644001483917,0.631578947368421,0.2650680492546986,14.0,409.0
0.2053608000278473,0.631578947368421,0.2657161373946857,14.0,410.0
0.20504485070705414,0.631578947368421,0.2663642255346727,14.0,411.0
0.2037370502948761,0.631578947368421,0.2670123136746598,14.0,412.0
0.20041492581367493,0.631578947368421,0.2676604018146468,14.0,413.0
0.19895611703395844,0.631578947368421,0.26830848995463386,14.0,414.0
0.19801373779773712,0.631578947368421,0.26895657809462087,14.0,415.0
0.19793975353240967,0.631578947368421,0.2696046662346079,14.0,416.0
0.1929665505886078,0.631578947368421,0.27025275437459495,14.0,417.0
0.19010227918624878,0.631578947368421,0.27090084251458196,14.0,418.0
0.1892973929643631,0.631578947368421,0.27154893065456903,14.0,419.0
0.18809033930301666,0.631578947368421,0.27219701879455604,14.0,420.0
0.18751804530620575,0.631578947368421,0.2728451069345431,14.0,421.0
0.18700270354747772,0.631578947368421,0.2734931950745301,14.0,422.0
0.18661391735076904,0.631578947368421,0.2741412832145172,14.0,423.0
0.18560852110385895,0.631578947368421,0.2747893713545042,14.0,424.0
0.18408320844173431,0.631578947368421,0.2754374594944913,14.0,425.0
0.18384206295013428,0.631578947368421,0.2760855476344783,14.0,426.0
0.18215598165988922,0.631578947368421,0.2767336357744653,14.0,427.0
0.18196465075016022,0.631578947368421,0.27738172391445237,14.0,428.0
0.180252805352211,0.631578947368421,0.2780298120544394,14.0,429.0
0.1793617159128189,0.631578947368421,0.27867790019442645,14.0,430.0
0.17923076450824738,0.631578947368421,0.27932598833441347,14.0,431.0
0.17825981974601746,0.631578947368421,0.27997407647440054,14.0,432.0
0.17694586515426636,0.631578947368421,0.28062216461438755,14.0,433.0
0.17653781175613403,0.631578947368421,0.2812702527543746,14.0,434.0
0.1754053235054016,0.631578947368421,0.28191834089436163,14.0,435.0
0.17495347559452057,0.631578947368421,0.2825664290343487,14.0,436.0
0.1738470196723938,0.631578947368421,0.2832145171743357,14.0,437.0
0.17376939952373505,0.631578947368421,0.2838626053143227,14.0,438.0
0.17304569482803345,0.631578947368421,0.2845106934543098,14.0,439.0
0.17146864533424377,0.631578947368421,0.2851587815942968,14.0,440.0
0.1711856573820114,0.631578947368421,0.2858068697342839,14.0,441.0
0.16951267421245575,0.631578947368421,0.2864549578742709,14.0,442.0
0.1682955026626587,0.631578947368421,0.28710304601425796,14.0,443.0
0.16764028370380402,0.631578947368421,0.28775113415424497,14.0,444.0
0.16643470525741577,0.631578947368421,0.28839922229423204,14.0,445.0
0.16577699780464172,0.631578947368421,0.28904731043421905,14.0,446.0
0.16558963060379028,0.631578947368421,0.28969539857420606,14.0,447.0
0.16415706276893616,0.631578947368421,0.29034348671419313,14.0,448.0
0.16371196508407593,0.631578947368421,0.29099157485418015,14.0,449.0
0.16194675862789154,0.631578947368421,0.2916396629941672,14.0,450.0
0.16187474131584167,0.631578947368421,0.29228775113415423,14.0,451.0
0.1596706509590149,0.631578947368421,0.2929358392741413,14.0,452.0
0.15788927674293518,0.631578947368421,0.2935839274141283,14.0,453.0
0.1574501395225525,0.631578947368421,0.2942320155541154,14.0,454.0
0.15716750919818878,0.631578947368421,0.2948801036941024,14.0,455.0
0.15711075067520142,0.631578947368421,0.29552819183408946,14.0,456.0
0.1569998562335968,0.631578947368421,0.2961762799740765,14.0,457.0
0.1558956503868103,0.631578947368421,0.2968243681140635,14.0,458.0
0.15530869364738464,0.631578947368421,0.29747245625405055,14.0,459.0
0.15444326400756836,0.631578947368421,0.29812054439403757,14.0,460.0
0.15428656339645386,0.631578947368421,0.29876863253402464,14.0,461.0
0.15388703346252441,0.631578947368421,0.29941672067401165,14.0,462.0
0.15269434452056885,0.631578947368421,0.3000648088139987,14.0,463.0
0.15117000043392181,0.631578947368421,0.30071289695398573,14.0,464.0
0.1453041136264801,0.631578947368421,0.3013609850939728,14.0,465.0
0.1436653882265091,0.631578947368421,0.3020090732339598,14.0,466.0
0.14246131479740143,0.631578947368421,0.3026571613739469,14.0,467.0
0.14044134318828583,0.631578947368421,0.3033052495139339,14.0,468.0
0.13980941474437714,0.631578947368421,0.3039533376539209,14.0,469.0
0.13947172462940216,0.631578947368421,0.304601425793908,14.0,470.0
0.13828442990779877,0.631578947368421,0.305249513933895,14.0,471.0
0.13550707697868347,0.631578947368421,0.30589760207388206,14.0,472.0
0.13384363055229187,0.631578947368421,0.30654569021386907,14.0,473.0
0.13342034816741943,0.631578947368421,0.30719377835385614,14.0,474.0
0.1291693150997162,0.631578947368421,0.30784186649384315,14.0,475.0
0.12916480004787445,0.631578947368421,0.3084899546338302,14.0,476.0
0.12862130999565125,0.631578947368421,0.30913804277381723,14.0,477.0
0.12806779146194458,0.631578947368421,0.3097861309138043,14.0,478.0
0.127883642911911,0.631578947368421,0.3104342190537913,14.0,479.0
0.12769481539726257,0.631578947368421,0.31108230719377833,14.0,480.0
0.12724421918392181,0.631578947368421,0.3117303953337654,14.0,481.0
0.12450966984033585,0.631578947368421,0.3123784834737524,14.0,482.0
0.12427912652492523,0.631578947368421,0.3130265716137395,14.0,483.0
0.12114304304122925,0.631578947368421,0.3136746597537265,14.0,484.0
0.12059854716062546,0.631578947368421,0.31432274789371356,14.0,485.0
0.11850882321596146,0.631578947368421,0.3149708360337006,14.0,486.0
0.11747894436120987,0.631578947368421,0.31561892417368764,14.0,487.0
0.11653516441583633,0.631578947368421,0.31626701231367466,14.0,488.0
0.11634431779384613,0.631578947368421,0.3169151004536617,14.0,489.0
0.11241666227579117,0.631578947368421,0.31756318859364874,14.0,490.0
0.11213325709104538,0.631578947368421,0.31821127673363575,14.0,491.0
0.11104179173707962,0.631578947368421,0.3188593648736228,14.0,492.0
0.11100134998559952,0.631578947368421,0.31950745301360983,14.0,493.0
0.11055561155080795,0.631578947368421,0.3201555411535969,14.0,494.0
0.10767807066440582,0.631578947368421,0.3208036292935839,14.0,495.0
0.10504098981618881,0.631578947368421,0.321451717433571,14.0,496.0
0.10308345407247543,0.631578947368421,0.322099805573558,14.0,497.0
0.10277165472507477,0.631578947368421,0.32274789371354506,14.0,498.0
0.10165147483348846,0.631578947368421,0.3233959818535321,14.0,499.0
0.10131115466356277,0.631578947368421,0.32404406999351915,14.0,500.0
0.10120851546525955,0.631578947368421,0.32469215813350616,14.0,501.0
0.10083785653114319,0.631578947368421,0.32534024627349317,14.0,502.0
0.10065304487943649,0.631578947368421,0.32598833441348024,14.0,503.0
0.09933333843946457,0.631578947368421,0.32663642255346725,14.0,504.0
0.09782059490680695,0.631578947368421,0.3272845106934543,14.0,505.0
0.09583298116922379,0.631578947368421,0.32793259883344134,14.0,506.0
0.0867137610912323,0.631578947368421,0.3285806869734284,14.0,507.0
0.0863991379737854,0.631578947368421,0.3292287751134154,14.0,508.0
0.08500456064939499,0.631578947368421,0.3298768632534025,14.0,509.0
0.08274288475513458,0.631578947368421,0.3305249513933895,14.0,510.0
0.07607526332139969,0.631578947368421,0.3311730395333765,14.0,511.0
0.07586102932691574,0.631578947368421,0.3318211276733636,14.0,512.0
0.07545307278633118,0.631578947368421,0.3324692158133506,14.0,513.0
0.07259568572044373,0.631578947368421,0.33311730395333766,14.0,514.0
0.0722912847995758,0.631578947368421,0.3337653920933247,14.0,515.0
0.06615329533815384,0.631578947368421,0.33441348023331174,14.0,516.0
0.06378199905157089,0.631578947368421,0.33506156837329876,14.0,517.0
0.0634254664182663,0.631578947368421,0.3357096565132858,14.0,518.0
0.0633416473865509,0.631578947368421,0.33635774465327284,14.0,519.0
0.06290797889232635,0.631578947368421,0.3370058327932599,14.0,520.0
0.06250017136335373,0.631578947368421,0.3376539209332469,14.0,521.0
0.05641026422381401,0.631578947368421,0.33830200907323393,14.0,522.0
0.05150393396615982,0.631578947368421,0.338950097213221,14.0,523.0
0.0474286749958992,0.631578947368421,0.339598185353208,14.0,524.0
0.046227794140577316,0.631578947368421,0.3402462734931951,14.0,525.0
0.04576139897108078,0.631578947368421,0.3408943616331821,14.0,526.0
0.04404950514435768,0.631578947368421,0.34154244977316917,14.0,527.0
0.038822244852781296,0.631578947368421,0.3421905379131562,14.0,528.0
0.038670167326927185,0.631578947368421,0.34283862605314325,14.0,529.0
0.03705589473247528,0.631578947368421,0.34348671419313026,14.0,530.0
0.03185014799237251,0.631578947368421,0.34413480233311733,14.0,531.0
0.024548154324293137,0.631578947368421,0.34478289047310434,14.0,532.0
0.024080995470285416,0.631578947368421,0.34543097861309136,14.0,533.0
0.022758768871426582,0.631578947368421,0.3460790667530784,14.0,534.0
0.01986715756356716,0.631578947368421,0.34672715489306544,14.0,535.0
0.019206009805202484,0.631578947368421,0.3473752430330525,14.0,536.0
0.017767291516065598,0.631578947368421,0.3480233311730395,14.0,537.0
0.01743006333708763,0.631578947368421,0.3486714193130266,14.0,538.0
0.015879234299063683,0.631578947368421,0.3493195074530136,14.0,539.0
0.01259303092956543,0.631578947368421,0.34996759559300067,14.0,540.0
0.012347466312348843,0.631578947368421,0.3506156837329877,14.0,541.0
0.007535397540777922,0.631578947368421,0.35126377187297475,14.0,542.0
0.0059573170728981495,0.631578947368421,0.35191186001296176,14.0,543.0
0.002719310112297535,0.631578947368421,0.3525599481529488,14.0,544.0
0.0022155391052365303,0.631578947368421,0.35320803629293585,14.0,545.0
0.0020128749310970306,0.631578947368421,0.35385612443292286,14.0,546.0
-0.001755109871737659,0.631578947368421,0.3545042125729099,14.0,547.0
-0.006771118845790625,0.631578947368421,0.35515230071289694,14.0,548.0
-0.008631960488855839,0.631578947368421,0.355800388852884,14.0,549.0
-0.010619976557791233,0.631578947368421,0.356448476992871,14.0,550.0
-0.02107072062790394,0.631578947368421,0.3570965651328581,14.0,551.0
-0.023097066208720207,0.631578947368421,0.3577446532728451,14.0,552.0
-0.023631716147065163,0.631578947368421,0.35839274141283217,14.0,553.0
-0.02585337497293949,0.631578947368421,0.3590408295528192,14.0,554.0
-0.029078030958771706,0.631578947368421,0.3596889176928062,14.0,555.0
-0.030875012278556824,0.631578947368421,0.36033700583279327,14.0,556.0
-0.033205535262823105,0.631578947368421,0.3609850939727803,14.0,557.0
-0.03351390361785889,0.631578947368421,0.36163318211276735,14.0,558.0
-0.034626662731170654,0.631578947368421,0.36228127025275436,14.0,559.0
-0.03688296675682068,0.631578947368421,0.36292935839274143,14.0,560.0
-0.03954586759209633,0.631578947368421,0.36357744653272844,14.0,561.0
-0.041028942912817,0.631578947368421,0.3642255346727155,14.0,562.0
-0.04392215982079506,0.631578947368421,0.3648736228127025,14.0,563.0
-0.044193219393491745,0.631578947368421,0.36552171095268954,14.0,564.0
-0.046063754707574844,0.631578947368421,0.3661697990926766,14.0,565.0
-0.04734275862574577,0.631578947368421,0.3668178872326636,14.0,566.0
-0.05289076268672943,0.631578947368421,0.3674659753726507,14.0,567.0
-0.05409873649477959,0.631578947368421,0.3681140635126377,14.0,568.0
-0.054771941155195236,0.631578947368421,0.36876215165262477,14.0,569.0
-0.056346409022808075,0.631578947368421,0.3694102397926118,14.0,570.0
-0.060404494404792786,0.631578947368421,0.37005832793259885,14.0,571.0
-0.0617721863090992,0.631578947368421,0.37070641607258586,14.0,572.0
-0.06328979134559631,0.631578947368421,0.37135450421257293,14.0,573.0
-0.06509899348020554,0.631578947368421,0.37200259235255995,14.0,574.0
-0.06550300121307373,0.631578947368421,0.37265068049254696,14.0,575.0
-0.06787334382534027,0.631578947368421,0.37329876863253403,14.0,576.0
-0.06965365260839462,0.631578947368421,0.37394685677252104,14.0,577.0
-0.0713772103190422,0.631578947368421,0.3745949449125081,14.0,578.0
-0.07456836104393005,0.631578947368421,0.3752430330524951,14.0,579.0
-0.07601612061262131,0.631578947368421,0.3758911211924822,14.0,580.0
-0.07872974872589111,0.631578947368421,0.3765392093324692,14.0,581.0
-0.07990984618663788,0.631578947368421,0.3771872974724563,14.0,582.0
-0.08009026944637299,0.631578947368421,0.3778353856124433,14.0,583.0
-0.08371294289827347,0.631578947368421,0.37848347375243035,14.0,584.0
-0.08466920256614685,0.631578947368421,0.37913156189241737,14.0,585.0
-0.08595824986696243,0.631578947368421,0.3797796500324044,14.0,586.0
-0.08642688393592834,0.631578947368421,0.38042773817239145,14.0,587.0
-0.09076671302318573,0.631578947368421,0.38107582631237846,14.0,588.0
-0.09131595492362976,0.631578947368421,0.38172391445236553,14.0,589.0
-0.0919085219502449,0.631578947368421,0.38237200259235254,14.0,590.0
-0.09648165106773376,0.631578947368421,0.3830200907323396,14.0,591.0
-0.10092057287693024,0.631578947368421,0.3836681788723266,14.0,592.0
-0.10351724177598953,0.631578947368421,0.3843162670123137,14.0,593.0
-0.1043657660484314,0.631578947368421,0.3849643551523007,14.0,594.0
-0.10758855193853378,0.631578947368421,0.3856124432922878,14.0,595.0
-0.11051245778799057,0.631578947368421,0.3862605314322748,14.0,596.0
-0.11447969079017639,0.631578947368421,0.3869086195722618,14.0,597.0
-0.11503052711486816,0.631578947368421,0.38755670771224887,14.0,598.0
-0.11550107598304749,0.631578947368421,0.3882047958522359,14.0,599.0
-0.12172329425811768,0.631578947368421,0.38885288399222295,14.0,600.0
-0.12206679582595825,0.631578947368421,0.38950097213220997,14.0,601.0
-0.12378143519163132,0.631578947368421,0.39014906027219703,14.0,602.0
-0.12391920387744904,0.631578947368421,0.39079714841218405,14.0,603.0
-0.12403407692909241,0.631578947368421,0.3914452365521711,14.0,604.0
-0.1242961511015892,0.631578947368421,0.39209332469215813,14.0,605.0
-0.12522214651107788,0.631578947368421,0.3927414128321452,14.0,606.0
-0.12930798530578613,0.631578947368421,0.3933895009721322,14.0,607.0
-0.1321563869714737,0.631578947368421,0.3940375891121192,14.0,608.0
-0.1358029544353485,0.631578947368421,0.3946856772521063,14.0,609.0
-0.13880880177021027,0.631578947368421,0.3953337653920933,14.0,610.0
-0.14031247794628143,0.631578947368421,0.3959818535320804,14.0,611.0
-0.14129090309143066,0.631578947368421,0.3966299416720674,14.0,612.0
-0.14165754616260529,0.631578947368421,0.39727802981205446,14.0,613.0
-0.14408789575099945,0.631578947368421,0.39792611795204147,14.0,614.0
-0.14857162535190582,0.631578947368421,0.39857420609202854,14.0,615.0
-0.15310396254062653,0.631578947368421,0.39922229423201555,14.0,616.0
-0.15464696288108826,0.631578947368421,0.3998703823720026,14.0,617.0
-0.15670359134674072,0.631578947368421,0.40051847051198963,14.0,618.0
-0.15786641836166382,0.631578947368421,0.40116655865197665,14.0,619.0
-0.15819281339645386,0.631578947368421,0.4018146467919637,14.0,620.0
-0.1624182164669037,0.631578947368421,0.4024627349319507,14.0,621.0
-0.16244542598724365,0.631578947368421,0.4031108230719378,14.0,622.0
-0.16384010016918182,0.631578947368421,0.4037589112119248,14.0,623.0
-0.16479693353176117,0.631578947368421,0.4044069993519119,14.0,624.0
-0.1704651415348053,0.631578947368421,0.4050550874918989,14.0,625.0
-0.17118003964424133,0.631578947368421,0.40570317563188596,14.0,626.0
-0.17119193077087402,0.631578947368421,0.406351263771873,14.0,627.0
-0.17132502794265747,0.631578947368421,0.40699935191186,14.0,628.0
-0.172406867146492,0.631578947368421,0.40764744005184705,14.0,629.0
-0.17278826236724854,0.631578947368421,0.40829552819183407,14.0,630.0
-0.17364844679832458,0.631578947368421,0.40894361633182114,14.0,631.0
-0.17504195868968964,0.631578947368421,0.40959170447180815,14.0,632.0
-0.18071764707565308,0.631578947368421,0.4102397926117952,14.0,633.0
-0.18170839548110962,0.631578947368421,0.41088788075178223,14.0,634.0
-0.18259558081626892,0.631578947368421,0.4115359688917693,14.0,635.0
-0.18329724669456482,0.631578947368421,0.4121840570317563,14.0,636.0
-0.18419396877288818,0.631578947368421,0.4128321451717434,14.0,637.0
-0.1848781704902649,0.631578947368421,0.4134802333117304,14.0,638.0
-0.1864161640405655,0.631578947368421,0.4141283214517174,14.0,639.0
-0.1888148933649063,0.631578947368421,0.4147764095917045,14.0,640.0
-0.19052858650684357,0.631578947368421,0.4154244977316915,14.0,641.0
-0.19238123297691345,0.631578947368421,0.41607258587167856,14.0,642.0
-0.19342662394046783,0.631578947368421,0.41672067401166557,14.0,643.0
-0.19778592884540558,0.631578947368421,0.41736876215165264,14.0,644.0
-0.20174360275268555,0.631578947368421,0.41801685029163965,14.0,645.0
-0.2022116333246231,0.631578947368421,0.4186649384316267,14.0,646.0
-0.20554833114147186,0.631578947368421,0.41931302657161373,14.0,647.0
-0.21182692050933838,0.631578947368421,0.4199611147116008,14.0,648.0
-0.212489515542984,0.631578947368421,0.4206092028515878,14.0,649.0
-0.2156190723180771,0.631578947368421,0.42125729099157483,14.0,650.0
-0.2158375233411789,0.631578947368421,0.4219053791315619,14.0,651.0
-0.21672073006629944,0.631578947368421,0.4225534672715489,14.0,652.0
-0.2182959020137787,0.631578947368421,0.423201555411536,14.0,653.0
-0.221780925989151,0.631578947368421,0.423849643551523,14.0,654.0
-0.22276103496551514,0.631578947368421,0.42449773169151006,14.0,655.0
-0.22579997777938843,0.631578947368421,0.4251458198314971,14.0,656.0
-0.2261473685503006,0.631578947368421,0.42579390797148414,14.0,657.0
-0.22765254974365234,0.631578947368421,0.42644199611147116,14.0,658.0
-0.2311842292547226,0.631578947368421,0.4270900842514582,14.0,659.0
-0.23264797031879425,0.631578947368421,0.42773817239144524,14.0,660.0
-0.23273901641368866,0.631578947368421,0.42838626053143225,14.0,661.0
-0.23289087414741516,0.631578947368421,0.4290343486714193,14.0,662.0
-0.2350335717201233,0.631578947368421,0.42968243681140633,14.0,663.0
-0.23507224023342133,0.631578947368421,0.4303305249513934,14.0,664.0
-0.2373354732990265,0.631578947368421,0.4309786130913804,14.0,665.0
-0.2418258786201477,0.631578947368421,0.4316267012313675,14.0,666.0
-0.24754153192043304,0.631578947368421,0.4322747893713545,14.0,667.0
-0.24964579939842224,0.631578947368421,0.43292287751134156,14.0,668.0
-0.251487672328949,0.631578947368421,0.4335709656513286,14.0,669.0
-0.2525799870491028,0.631578947368421,0.43421905379131565,14.0,670.0
-0.2528160810470581,0.631578947368421,0.43486714193130266,14.0,671.0
-0.2557027339935303,0.631578947368421,0.43551523007128967,14.0,672.0
-0.25726839900016785,0.631578947368421,0.43616331821127674,14.0,673.0
-0.25741374492645264,0.631578947368421,0.43681140635126375,14.0,674.0
-0.26074308156967163,0.631578947368421,0.4374594944912508,14.0,675.0
-0.2624765932559967,0.631578947368421,0.43810758263123784,14.0,676.0
-0.2644920349121094,0.631578947368421,0.4387556707712249,14.0,677.0
-0.2713434398174286,0.631578947368421,0.4394037589112119,14.0,678.0
-0.2724589705467224,0.631578947368421,0.440051847051199,14.0,679.0
-0.2735002636909485,0.631578947368421,0.440699935191186,14.0,680.0
-0.2762482762336731,0.631578947368421,0.44134802333117307,14.0,681.0
-0.2764860689640045,0.631578947368421,0.4419961114711601,14.0,682.0
-0.2789638042449951,0.631578947368421,0.4426441996111471,14.0,683.0
-0.2799586355686188,0.631578947368421,0.44329228775113416,14.0,684.0
-0.285827100276947,0.631578947368421,0.4439403758911212,14.0,685.0
-0.2859639525413513,0.631578947368421,0.44458846403110824,14.0,686.0
-0.2881205976009369,0.631578947368421,0.44523655217109526,14.0,687.0
-0.2910554111003876,0.631578947368421,0.4458846403110823,14.0,688.0
-0.2921772301197052,0.631578947368421,0.44653272845106934,14.0,689.0
-0.2933332622051239,0.631578947368421,0.4471808165910564,14.0,690.0
-0.29553094506263733,0.6052631578947368,0.4478289047310434,15.0,691.0
-0.29823148250579834,0.6052631578947368,0.44847699287103043,15.0,692.0
-0.298991858959198,0.6052631578947368,0.4491250810110175,15.0,693.0
-0.3008691966533661,0.6052631578947368,0.4497731691510045,15.0,694.0
-0.3013126254081726,0.6052631578947368,0.4504212572909916,15.0,695.0
-0.30578818917274475,0.6052631578947368,0.4510693454309786,15.0,696.0
-0.3069266676902771,0.6052631578947368,0.45171743357096567,15.0,697.0
-0.3091432750225067,0.5789473684210527,0.4523655217109527,16.0,698.0
-0.3128863275051117,0.5789473684210527,0.45301360985093975,16.0,699.0
-0.31536850333213806,0.5789473684210527,0.45366169799092676,16.0,700.0
-0.31708309054374695,0.5789473684210527,0.45430978613091383,16.0,701.0
-0.32191818952560425,0.5789473684210527,0.45495787427090084,16.0,702.0
-0.32394665479660034,0.5789473684210527,0.45560596241088785,16.0,703.0
-0.32488709688186646,0.5789473684210527,0.4562540505508749,16.0,704.0
-0.3266604244709015,0.5789473684210527,0.45690213869086194,16.0,705.0
-0.3308238685131073,0.5789473684210527,0.457550226830849,16.0,706.0
-0.33105453848838806,0.5789473684210527,0.458198314970836,16.0,707.0
-0.3322109580039978,0.5789473684210527,0.4588464031108231,16.0,708.0
-0.3326556086540222,0.5789473684210527,0.4594944912508101,16.0,709.0
-0.3379102647304535,0.5789473684210527,0.46014257939079717,16.0,710.0
-0.3404749631881714,0.5789473684210527,0.4607906675307842,16.0,711.0
-0.34221893548965454,0.5789473684210527,0.46143875567077125,16.0,712.0
-0.3435424864292145,0.5789473684210527,0.46208684381075826,16.0,713.0
-0.3465736210346222,0.5789473684210527,0.4627349319507453,16.0,714.0
-0.35022708773612976,0.5789473684210527,0.46338302009073234,16.0,715.0
-0.35381823778152466,0.5789473684210527,0.46403110823071936,16.0,716.0
-0.35491010546684265,0.5789473684210527,0.4646791963707064,16.0,717.0
-0.35493481159210205,0.5789473684210527,0.46532728451069344,16.0,718.0
-0.3551880717277527,0.5789473684210527,0.4659753726506805,16.0,719.0
-0.3554346263408661,0.5789473684210527,0.4666234607906675,16.0,720.0
-0.35630834102630615,0.5789473684210527,0.4672715489306546,16.0,721.0
-0.35653945803642273,0.5789473684210527,0.4679196370706416,16.0,722.0
-0.36047303676605225,0.5789473684210527,0.46856772521062867,16.0,723.0
-0.3611372113227844,0.5789473684210527,0.4692158133506157,16.0,724.0
-0.3628930151462555,0.5789473684210527,0.4698639014906027,16.0,725.0
-0.362955778837204,0.5789473684210527,0.47051198963058977,16.0,726.0
-0.36310094594955444,0.5789473684210527,0.4711600777705768,16.0,727.0
-0.36329662799835205,0.5789473684210527,0.47180816591056385,16.0,728.0
-0.3641504943370819,0.5789473684210527,0.47245625405055086,16.0,729.0
-0.365449994802475,0.5789473684210527,0.47310434219053793,16.0,730.0
-0.36752259731292725,0.5789473684210527,0.47375243033052494,16.0,731.0
-0.36953070759773254,0.5789473684210527,0.474400518470512,16.0,732.0
-0.37059688568115234,0.5789473684210527,0.475048606610499,16.0,733.0
-0.37135449051856995,0.5789473684210527,0.4756966947504861,16.0,734.0
-0.3713994324207306,0.5789473684210527,0.4763447828904731,16.0,735.0
-0.3734440207481384,0.5789473684210527,0.4769928710304601,16.0,736.0
-0.37512126564979553,0.5789473684210527,0.4776409591704472,16.0,737.0
-0.37610581517219543,0.5789473684210527,0.4782890473104342,16.0,738.0
-0.3777600824832916,0.5789473684210527,0.47893713545042127,16.0,739.0
-0.3806944191455841,0.5789473684210527,0.4795852235904083,16.0,740.0
-0.3838493227958679,0.5789473684210527,0.48023331173039535,16.0,741.0
-0.3841850459575653,0.5789473684210527,0.48088139987038236,16.0,742.0
-0.38511785864830017,0.5789473684210527,0.48152948801036943,16.0,743.0
-0.38655492663383484,0.5789473684210527,0.48217757615035645,16.0,744.0
-0.3920689523220062,0.5789473684210527,0.48282566429034346,16.0,745.0
-0.3936256170272827,0.5789473684210527,0.48347375243033053,16.0,746.0
-0.3942855894565582,0.5789473684210527,0.48412184057031754,16.0,747.0
-0.39680859446525574,0.5789473684210527,0.4847699287103046,16.0,748.0
-0.3971717655658722,0.5789473684210527,0.4854180168502916,16.0,749.0
-0.3992749750614166,0.5789473684210527,0.4860661049902787,16.0,750.0
-0.40057313442230225,0.5789473684210527,0.4867141931302657,16.0,751.0
-0.4006638526916504,0.5789473684210527,0.4873622812702528,16.0,752.0
-0.4027564525604248,0.5789473684210527,0.4880103694102398,16.0,753.0
-0.4035302400588989,0.5789473684210527,0.48865845755022685,16.0,754.0
-0.4038248062133789,0.5789473684210527,0.48930654569021387,16.0,755.0
-0.40654486417770386,0.5789473684210527,0.4899546338302009,16.0,756.0
-0.40874382853507996,0.5789473684210527,0.49060272197018795,16.0,757.0
-0.4091086685657501,0.5789473684210527,0.49125081011017496,16.0,758.0
-0.4094323515892029,0.5789473684210527,0.49189889825016203,16.0,759.0
-0.41430455446243286,0.5789473684210527,0.49254698639014904,16.0,760.0
-0.4180867075920105,0.5789473684210527,0.4931950745301361,16.0,761.0
-0.4182544946670532,0.5789473684210527,0.4938431626701231,16.0,762.0
-0.4208446741104126,0.5789473684210527,0.4944912508101102,16.0,763.0
-0.4222584068775177,0.5789473684210527,0.4951393389500972,16.0,764.0
-0.42413315176963806,0.5789473684210527,0.4957874270900843,16.0,765.0
-0.43041449785232544,0.5789473684210527,0.4964355152300713,16.0,766.0
-0.43047988414764404,0.5789473684210527,0.4970836033700583,16.0,767.0
-0.43339473009109497,0.5789473684210527,0.49773169151004537,16.0,768.0
-0.435133159160614,0.5789473684210527,0.4983797796500324,16.0,769.0
-0.4357336759567261,0.5789473684210527,0.49902786779001945,16.0,770.0
-0.43584147095680237,0.5789473684210527,0.49967595593000647,16.0,771.0
-0.43605515360832214,0.5789473684210527,0.5003240440699935,16.0,772.0
-0.43684422969818115,0.5789473684210527,0.5009721322099806,16.0,773.0
-0.43703964352607727,0.5789473684210527,0.5016202203499676,16.0,774.0
-0.43794241547584534,0.5789473684210527,0.5022683084899546,16.0,775.0
-0.43851178884506226,0.5789473684210527,0.5029163966299417,16.0,776.0
-0.4392925500869751,0.5789473684210527,0.5035644847699287,16.0,777.0
-0.44021856784820557,0.5789473684210527,0.5042125729099157,16.0,778.0
-0.4413321614265442,0.5789473684210527,0.5048606610499028,16.0,779.0
-0.44365009665489197,0.5789473684210527,0.5055087491898899,16.0,780.0
-0.44722622632980347,0.5789473684210527,0.5061568373298768,16.0,781.0
-0.4527219235897064,0.5789473684210527,0.5068049254698639,16.0,782.0
-0.45373669266700745,0.5789473684210527,0.507453013609851,16.0,783.0
-0.4579012393951416,0.5789473684210527,0.508101101749838,16.0,784.0
-0.4581359922885895,0.5789473684210527,0.508749189889825,16.0,785.0
-0.4634105861186981,0.5789473684210527,0.509397278029812,16.0,786.0
-0.46347513794898987,0.5789473684210527,0.5100453661697991,16.0,787.0
-0.46733328700065613,0.5789473684210527,0.5106934543097861,16.0,788.0
-0.467388391494751,0.5789473684210527,0.5113415424497731,16.0,789.0
-0.468489408493042,0.5789473684210527,0.5119896305897602,16.0,790.0
-0.4688005745410919,0.5789473684210527,0.5126377187297473,16.0,791.0
-0.4723566174507141,0.5789473684210527,0.5132858068697342,16.0,792.0
-0.4732327461242676,0.5789473684210527,0.5139338950097213,16.0,793.0
-0.4747574031352997,0.5789473684210527,0.5145819831497084,16.0,794.0
-0.47594746947288513,0.5789473684210527,0.5152300712896954,16.0,795.0
-0.4772717356681824,0.5789473684210527,0.5158781594296824,16.0,796.0
-0.47863540053367615,0.5789473684210527,0.5165262475696695,16.0,797.0
-0.47877591848373413,0.5789473684210527,0.5171743357096565,16.0,798.0
-0.4800286591053009,0.5789473684210527,0.5178224238496435,16.0,799.0
-0.48384353518486023,0.5789473684210527,0.5184705119896306,16.0,800.0
-0.4842718541622162,0.5789473684210527,0.5191186001296176,16.0,801.0
-0.48614856600761414,0.5789473684210527,0.5197666882696047,16.0,802.0
-0.4914301931858063,0.5789473684210527,0.5204147764095917,16.0,803.0
-0.49178215861320496,0.5789473684210527,0.5210628645495787,16.0,804.0
-0.49453791975975037,0.5789473684210527,0.5217109526895658,16.0,805.0
-0.49481678009033203,0.5789473684210527,0.5223590408295529,16.0,806.0
-0.4963627755641937,0.5789473684210527,0.5230071289695398,16.0,807.0
-0.4990795850753784,0.5789473684210527,0.5236552171095269,16.0,808.0
-0.502524197101593,0.5789473684210527,0.524303305249514,16.0,809.0
-0.5047314167022705,0.5789473684210527,0.5249513933895009,16.0,810.0
-0.5071459412574768,0.5789473684210527,0.525599481529488,16.0,811.0
-0.5087750554084778,0.5789473684210527,0.5262475696694751,16.0,812.0
-0.510799765586853,0.5789473684210527,0.5268956578094621,16.0,813.0
-0.5140637755393982,0.5789473684210527,0.5275437459494491,16.0,814.0
-0.5169060230255127,0.5789473684210527,0.5281918340894362,16.0,815.0
-0.5187574028968811,0.5789473684210527,0.5288399222294232,16.0,816.0
-0.5204583406448364,0.5789473684210527,0.5294880103694103,16.0,817.0
-0.5207411050796509,0.5789473684210527,0.5301360985093972,16.0,818.0
-0.5210611820220947,0.5789473684210527,0.5307841866493843,16.0,819.0
-0.5250020623207092,0.5789473684210527,0.5314322747893714,16.0,820.0
-0.5252975225448608,0.5789473684210527,0.5320803629293583,16.0,821.0
-0.5262206792831421,0.5789473684210527,0.5327284510693454,16.0,822.0
-0.5262518525123596,0.5789473684210527,0.5333765392093325,16.0,823.0
-0.5282940864562988,0.5789473684210527,0.5340246273493195,16.0,824.0
-0.5310124754905701,0.5789473684210527,0.5346727154893065,16.0,825.0
-0.5318323373794556,0.5789473684210527,0.5353208036292936,16.0,826.0
-0.5325830578804016,0.5789473684210527,0.5359688917692806,16.0,827.0
-0.532736599445343,0.5789473684210527,0.5366169799092677,16.0,828.0
-0.5329177379608154,0.5789473684210527,0.5372650680492547,16.0,829.0
-0.5339736938476562,0.5789473684210527,0.5379131561892417,16.0,830.0
-0.5367670059204102,0.5789473684210527,0.5385612443292288,16.0,831.0
-0.5382043719291687,0.5789473684210527,0.5392093324692158,16.0,832.0
-0.539015531539917,0.5789473684210527,0.5398574206092028,16.0,833.0
-0.5393237471580505,0.5789473684210527,0.5405055087491899,16.0,834.0
-0.5398211479187012,0.5789473684210527,0.541153596889177,16.0,835.0
-0.5426998138427734,0.5789473684210527,0.5418016850291639,16.0,836.0
-0.5485411286354065,0.5789473684210527,0.542449773169151,16.0,837.0
-0.5501720309257507,0.5789473684210527,0.5430978613091381,16.0,838.0
-0.5505818128585815,0.5789473684210527,0.5437459494491251,16.0,839.0
-0.5539926886558533,0.5789473684210527,0.5443940375891121,16.0,840.0
-0.5546100735664368,0.5789473684210527,0.5450421257290992,16.0,841.0
-0.5558880567550659,0.5789473684210527,0.5456902138690862,16.0,842.0
-0.5574390292167664,0.5789473684210527,0.5463383020090732,16.0,843.0
-0.5594552159309387,0.5789473684210527,0.5469863901490603,16.0,844.0
-0.5622875690460205,0.5789473684210527,0.5476344782890473,16.0,845.0
-0.5627719759941101,0.5789473684210527,0.5482825664290344,16.0,846.0
-0.5637611150741577,0.5789473684210527,0.5489306545690213,16.0,847.0
-0.5678331255912781,0.5789473684210527,0.5495787427090084,16.0,848.0
-0.5691699981689453,0.5789473684210527,0.5502268308489955,16.0,849.0
-0.5704774856567383,0.5789473684210527,0.5508749189889826,16.0,850.0
-0.5721144080162048,0.5789473684210527,0.5515230071289695,16.0,851.0
-0.5721266865730286,0.5789473684210527,0.5521710952689566,16.0,852.0
-0.5755425691604614,0.5789473684210527,0.5528191834089436,16.0,853.0
-0.5758603811264038,0.5789473684210527,0.5534672715489306,16.0,854.0
-0.5759121179580688,0.5789473684210527,0.5541153596889177,16.0,855.0
-0.5760053396224976,0.5789473684210527,0.5547634478289047,16.0,856.0
-0.5767990946769714,0.5789473684210527,0.5554115359688918,16.0,857.0
-0.5768141150474548,0.5789473684210527,0.5560596241088788,16.0,858.0
-0.5816670060157776,0.5789473684210527,0.5567077122488658,16.0,859.0
-0.5864461064338684,0.5789473684210527,0.5573558003888529,16.0,860.0
-0.5884519219398499,0.5789473684210527,0.55800388852884,16.0,861.0
-0.591729462146759,0.5789473684210527,0.5586519766688269,16.0,862.0
-0.592471182346344,0.5789473684210527,0.559300064808814,16.0,863.0
-0.596817135810852,0.5789473684210527,0.5599481529488011,16.0,864.0
-0.5973721146583557,0.5789473684210527,0.560596241088788,16.0,865.0
-0.5989803075790405,0.5789473684210527,0.5612443292287751,16.0,866.0
-0.6043652892112732,0.5789473684210527,0.5618924173687622,16.0,867.0
-0.6071861982345581,0.5789473684210527,0.5625405055087492,16.0,868.0
-0.6086361408233643,0.5789473684210527,0.5631885936487362,16.0,869.0
-0.609014093875885,0.5789473684210527,0.5638366817887233,16.0,870.0
-0.6132575273513794,0.5789473684210527,0.5644847699287103,16.0,871.0
-0.6156326532363892,0.5789473684210527,0.5651328580686974,16.0,872.0
-0.6202786564826965,0.5789473684210527,0.5657809462086844,16.0,873.0
-0.6216670274734497,0.5789473684210527,0.5664290343486714,16.0,874.0
-0.621692955493927,0.5789473684210527,0.5670771224886585,16.0,875.0
-0.6285409927368164,0.5789473684210527,0.5677252106286454,16.0,876.0
-0.6312704682350159,0.5789473684210527,0.5683732987686325,16.0,877.0
-0.6319178342819214,0.5789473684210527,0.5690213869086196,16.0,878.0
-0.6324050426483154,0.5789473684210527,0.5696694750486067,16.0,879.0
-0.6329021453857422,0.5789473684210527,0.5703175631885936,16.0,880.0
-0.6339284777641296,0.5789473684210527,0.5709656513285807,16.0,881.0
-0.6342331171035767,0.5789473684210527,0.5716137394685677,16.0,882.0
-0.6343731880187988,0.5789473684210527,0.5722618276085548,16.0,883.0
-0.6355736255645752,0.5789473684210527,0.5729099157485418,16.0,884.0
-0.6386216282844543,0.5789473684210527,0.5735580038885288,16.0,885.0
-0.6411752104759216,0.5789473684210527,0.5742060920285159,16.0,886.0
-0.6416651606559753,0.5789473684210527,0.5748541801685029,16.0,887.0
-0.6461866497993469,0.5789473684210527,0.5755022683084899,16.0,888.0
-0.6471190452575684,0.5789473684210527,0.576150356448477,16.0,889.0
-0.6481915712356567,0.5789473684210527,0.5767984445884641,16.0,890.0
-0.6491260528564453,0.5789473684210527,0.577446532728451,16.0,891.0
-0.6495962142944336,0.5789473684210527,0.5780946208684381,16.0,892.0
-0.6515135169029236,0.5789473684210527,0.5787427090084252,16.0,893.0
-0.6515466570854187,0.5789473684210527,0.5793907971484121,16.0,894.0
-0.6531735062599182,0.5789473684210527,0.5800388852883992,16.0,895.0
-0.6558586955070496,0.5789473684210527,0.5806869734283863,16.0,896.0
-0.6563482880592346,0.5789473684210527,0.5813350615683733,16.0,897.0
-0.6573417782783508,0.5789473684210527,0.5819831497083603,16.0,898.0
-0.662452220916748,0.5789473684210527,0.5826312378483474,16.0,899.0
-0.6638693809509277,0.5789473684210527,0.5832793259883344,16.0,900.0
-0.6640192270278931,0.5789473684210527,0.5839274141283215,16.0,901.0
-0.664328932762146,0.5789473684210527,0.5845755022683085,16.0,902.0
-0.6644373536109924,0.5789473684210527,0.5852235904082955,16.0,903.0
-0.6709864735603333,0.5789473684210527,0.5858716785482826,16.0,904.0
-0.6719676852226257,0.5789473684210527,0.5865197666882696,16.0,905.0
-0.674877405166626,0.5789473684210527,0.5871678548282566,16.0,906.0
-0.6749486923217773,0.5789473684210527,0.5878159429682437,16.0,907.0
-0.6773509383201599,0.5789473684210527,0.5884640311082308,16.0,908.0
-0.6780542135238647,0.5789473684210527,0.5891121192482177,16.0,909.0
-0.6791709065437317,0.5789473684210527,0.5897602073882048,16.0,910.0
-0.6793054938316345,0.5789473684210527,0.5904082955281919,16.0,911.0
-0.679415762424469,0.5789473684210527,0.5910563836681789,16.0,912.0
-0.6795602440834045,0.5789473684210527,0.5917044718081659,16.0,913.0
-0.6808077096939087,0.5789473684210527,0.592352559948153,16.0,914.0
-0.6829690337181091,0.5789473684210527,0.59300064808814,16.0,915.0
-0.6843863129615784,0.5789473684210527,0.593648736228127,16.0,916.0
-0.6923920512199402,0.5789473684210527,0.594296824368114,16.0,917.0
-0.6929832696914673,0.5789473684210527,0.5949449125081011,16.0,918.0
-0.6934022903442383,0.5789473684210527,0.5955930006480882,16.0,919.0
-0.6941025853157043,0.5789473684210527,0.5962410887880751,16.0,920.0
-0.6958339214324951,0.5789473684210527,0.5968891769280622,16.0,921.0
-0.6981579065322876,0.5789473684210527,0.5975372650680493,16.0,922.0
-0.6997621059417725,0.5789473684210527,0.5981853532080363,16.0,923.0
-0.7010347247123718,0.5789473684210527,0.5988334413480233,16.0,924.0
-0.7019062638282776,0.5789473684210527,0.5994815294880104,16.0,925.0
-0.7029130458831787,0.5789473684210527,0.6001296176279974,16.0,926.0
-0.7049189805984497,0.5789473684210527,0.6007777057679844,16.0,927.0
-0.7058148980140686,0.5789473684210527,0.6014257939079715,16.0,928.0
-0.707880973815918,0.5789473684210527,0.6020738820479585,16.0,929.0
-0.7095245122909546,0.5789473684210527,0.6027219701879456,16.0,930.0
-0.7136591076850891,0.5789473684210527,0.6033700583279326,16.0,931.0
-0.7146679162979126,0.5789473684210527,0.6040181464679196,16.0,932.0
-0.7222710847854614,0.5789473684210527,0.6046662346079067,16.0,933.0
-0.7223902940750122,0.5789473684210527,0.6053143227478938,16.0,934.0
-0.7224921584129333,0.5789473684210527,0.6059624108878807,16.0,935.0
-0.7300001978874207,0.5789473684210527,0.6066104990278678,16.0,936.0
-0.7307381629943848,0.5789473684210527,0.6072585871678549,16.0,937.0
-0.7329372763633728,0.5789473684210527,0.6079066753078418,16.0,938.0
-0.7342950701713562,0.5789473684210527,0.6085547634478289,16.0,939.0
-0.7413913011550903,0.5789473684210527,0.609202851587816,16.0,940.0
-0.7414224743843079,0.5789473684210527,0.609850939727803,16.0,941.0
-0.7429278492927551,0.5789473684210527,0.61049902786779,16.0,942.0
-0.745917558670044,0.5789473684210527,0.611147116007777,16.0,943.0
-0.7482419013977051,0.5789473684210527,0.6117952041477641,16.0,944.0
-0.7486951947212219,0.5789473684210527,0.6124432922877512,16.0,945.0
-0.7490843534469604,0.5789473684210527,0.6130913804277381,16.0,946.0
-0.7537127733230591,0.5789473684210527,0.6137394685677252,16.0,947.0
-0.75562584400177,0.5789473684210527,0.6143875567077123,16.0,948.0
-0.7581791877746582,0.5789473684210527,0.6150356448476992,16.0,949.0
-0.7627971768379211,0.5789473684210527,0.6156837329876863,16.0,950.0
-0.7634086608886719,0.5789473684210527,0.6163318211276734,16.0,951.0
-0.7641417980194092,0.5789473684210527,0.6169799092676604,16.0,952.0
-0.7664905786514282,0.5789473684210527,0.6176279974076474,16.0,953.0
-0.767070472240448,0.5789473684210527,0.6182760855476345,16.0,954.0
-0.7670980095863342,0.5789473684210527,0.6189241736876215,16.0,955.0
-0.7709171772003174,0.5789473684210527,0.6195722618276086,16.0,956.0
-0.7715517282485962,0.5789473684210527,0.6202203499675956,16.0,957.0
-0.7742038369178772,0.5789473684210527,0.6208684381075826,16.0,958.0
-0.7748075723648071,0.5789473684210527,0.6215165262475697,16.0,959.0
-0.7750868201255798,0.5789473684210527,0.6221646143875567,16.0,960.0
-0.7759215235710144,0.5789473684210527,0.6228127025275437,16.0,961.0
-0.7764981389045715,0.5789473684210527,0.6234607906675308,16.0,962.0
-0.7812619805335999,0.5789473684210527,0.6241088788075179,16.0,963.0
-0.7815887331962585,0.5789473684210527,0.6247569669475048,16.0,964.0
-0.7819814085960388,0.5789473684210527,0.6254050550874919,16.0,965.0
-0.782259464263916,0.5789473684210527,0.626053143227479,16.0,966.0
-0.7826020121574402,0.5789473684210527,0.626701231367466,16.0,967.0
-0.7831551432609558,0.5789473684210527,0.627349319507453,16.0,968.0
-0.7864205241203308,0.5789473684210527,0.62799740764744,16.0,969.0
-0.7915647029876709,0.5789473684210527,0.6286454957874271,16.0,970.0
-0.7918017506599426,0.5789473684210527,0.6292935839274141,16.0,971.0
-0.7928188443183899,0.5789473684210527,0.6299416720674011,16.0,972.0
-0.7937396764755249,0.5789473684210527,0.6305897602073882,16.0,973.0
-0.8046075105667114,0.5789473684210527,0.6312378483473753,16.0,974.0
-0.8048363924026489,0.5789473684210527,0.6318859364873622,16.0,975.0
-0.8067843914031982,0.5789473684210527,0.6325340246273493,16.0,976.0
-0.8088825345039368,0.5789473684210527,0.6331821127673364,16.0,977.0
-0.808998167514801,0.5789473684210527,0.6338302009073234,16.0,978.0
-0.8141804337501526,0.5789473684210527,0.6344782890473104,16.0,979.0
-0.8189528584480286,0.5789473684210527,0.6351263771872975,16.0,980.0
-0.8191980719566345,0.5789473684210527,0.6357744653272845,16.0,981.0
-0.8195344805717468,0.5789473684210527,0.6364225534672715,16.0,982.0
-0.8210264444351196,0.5789473684210527,0.6370706416072586,16.0,983.0
-0.8225353360176086,0.5789473684210527,0.6377187297472456,16.0,984.0
-0.8241048455238342,0.5789473684210527,0.6383668178872327,16.0,985.0
-0.8244311213493347,0.5789473684210527,0.6390149060272197,16.0,986.0
-0.8253679871559143,0.5789473684210527,0.6396629941672067,16.0,987.0
-0.8256193399429321,0.5789473684210527,0.6403110823071938,16.0,988.0
-0.8263910412788391,0.5789473684210527,0.6409591704471809,16.0,989.0
-0.828296422958374,0.5789473684210527,0.6416072585871678,16.0,990.0
-0.828801691532135,0.5789473684210527,0.6422553467271549,16.0,991.0
-0.8310319781303406,0.5789473684210527,0.642903434867142,16.0,992.0
-0.8311209678649902,0.5789473684210527,0.6435515230071289,16.0,993.0
-0.8318262696266174,0.5789473684210527,0.644199611147116,16.0,994.0
-0.8341586589813232,0.5789473684210527,0.6448476992871031,16.0,995.0
-0.8354940414428711,0.5789473684210527,0.6454957874270901,16.0,996.0
-0.8356361389160156,0.5789473684210527,0.6461438755670771,16.0,997.0
-0.8364485502243042,0.5789473684210527,0.6467919637070642,16.0,998.0
-0.8401608467102051,0.5789473684210527,0.6474400518470512,16.0,999.0
-0.8411868810653687,0.5789473684210527,0.6480881399870383,16.0,1000.0
-0.841878354549408,0.5789473684210527,0.6487362281270252,16.0,1001.0
-0.843002438545227,0.5789473684210527,0.6493843162670123,16.0,1002.0
-0.8444361090660095,0.5789473684210527,0.6500324044069994,16.0,1003.0
-0.8448541164398193,0.5789473684210527,0.6506804925469863,16.0,1004.0
-0.8454069495201111,0.5789473684210527,0.6513285806869734,16.0,1005.0
-0.8500609993934631,0.5789473684210527,0.6519766688269605,16.0,1006.0
-0.8501156568527222,0.5789473684210527,0.6526247569669476,16.0,1007.0
-0.8502082824707031,0.5789473684210527,0.6532728451069345,16.0,1008.0
-0.8517988920211792,0.5789473684210527,0.6539209332469216,16.0,1009.0
-0.8528707027435303,0.5789473684210527,0.6545690213869086,16.0,1010.0
-0.859748899936676,0.5789473684210527,0.6552171095268956,16.0,1011.0
-0.8598739504814148,0.5789473684210527,0.6558651976668827,16.0,1012.0
-0.8624832630157471,0.5789473684210527,0.6565132858068697,16.0,1013.0
-0.8652443289756775,0.5789473684210527,0.6571613739468568,16.0,1014.0
-0.8653437495231628,0.5789473684210527,0.6578094620868438,16.0,1015.0
-0.8667230010032654,0.5789473684210527,0.6584575502268308,16.0,1016.0
-0.8684145212173462,0.5789473684210527,0.6591056383668179,16.0,1017.0
-0.8744990229606628,0.5789473684210527,0.659753726506805,16.0,1018.0
-0.8750912547111511,0.5789473684210527,0.6604018146467919,16.0,1019.0
-0.8791586756706238,0.5789473684210527,0.661049902786779,16.0,1020.0
-0.8797162175178528,0.5789473684210527,0.6616979909267661,16.0,1021.0
-0.8806387186050415,0.5789473684210527,0.662346079066753,16.0,1022.0
-0.8818278312683105,0.5789473684210527,0.6629941672067401,16.0,1023.0
-0.8823923468589783,0.5789473684210527,0.6636422553467272,16.0,1024.0
-0.8841692209243774,0.5789473684210527,0.6642903434867142,16.0,1025.0
-0.885721743106842,0.5789473684210527,0.6649384316267012,16.0,1026.0
-0.888393223285675,0.5789473684210527,0.6655865197666883,16.0,1027.0
-0.8914726972579956,0.5789473684210527,0.6662346079066753,16.0,1028.0
-0.896743893623352,0.5789473684210527,0.6668826960466624,16.0,1029.0
-0.8977816104888916,0.5789473684210527,0.6675307841866494,16.0,1030.0
-0.9000862836837769,0.5789473684210527,0.6681788723266364,16.0,1031.0
-0.9002987742424011,0.5789473684210527,0.6688269604666235,16.0,1032.0
-0.9033830761909485,0.5789473684210527,0.6694750486066104,16.0,1033.0
-0.9042738080024719,0.5789473684210527,0.6701231367465975,16.0,1034.0
-0.904477059841156,0.5789473684210527,0.6707712248865846,16.0,1035.0
-0.9051023125648499,0.5789473684210527,0.6714193130265717,16.0,1036.0
-0.9069716930389404,0.5789473684210527,0.6720674011665586,16.0,1037.0
-0.9098420739173889,0.5789473684210527,0.6727154893065457,16.0,1038.0
-0.9115090370178223,0.5789473684210527,0.6733635774465327,16.0,1039.0
-0.9130816459655762,0.5789473684210527,0.6740116655865198,16.0,1040.0
-0.9145004153251648,0.5789473684210527,0.6746597537265068,16.0,1041.0
-0.9168481826782227,0.5789473684210527,0.6753078418664938,16.0,1042.0
-0.9212135672569275,0.5789473684210527,0.6759559300064809,16.0,1043.0
-0.9225291013717651,0.5789473684210527,0.6766040181464679,16.0,1044.0
-0.9243942499160767,0.5789473684210527,0.6772521062864549,16.0,1045.0
-0.9244214296340942,0.5789473684210527,0.677900194426442,16.0,1046.0
-0.9257231950759888,0.5789473684210527,0.6785482825664291,16.0,1047.0
-0.925757110118866,0.5789473684210527,0.679196370706416,16.0,1048.0
-0.9267022013664246,0.5789473684210527,0.6798444588464031,16.0,1049.0
-0.9276567101478577,0.5789473684210527,0.6804925469863902,16.0,1050.0
-0.9290109276771545,0.5789473684210527,0.6811406351263772,16.0,1051.0
-0.9305101037025452,0.5789473684210527,0.6817887232663642,16.0,1052.0
-0.9312137961387634,0.5789473684210527,0.6824368114063513,16.0,1053.0
-0.9318636655807495,0.5789473684210527,0.6830848995463383,16.0,1054.0
-0.935815155506134,0.5789473684210527,0.6837329876863253,16.0,1055.0
-0.9372203946113586,0.5789473684210527,0.6843810758263124,16.0,1056.0
-0.9426915049552917,0.5789473684210527,0.6850291639662994,16.0,1057.0
-0.9452362656593323,0.5789473684210527,0.6856772521062865,16.0,1058.0
-0.9466031193733215,0.5789473684210527,0.6863253402462735,16.0,1059.0
-0.9472814202308655,0.5789473684210527,0.6869734283862605,16.0,1060.0
-0.9489151239395142,0.5789473684210527,0.6876215165262476,16.0,1061.0
-0.9489386677742004,0.5789473684210527,0.6882696046662347,16.0,1062.0
-0.9506642818450928,0.5789473684210527,0.6889176928062216,16.0,1063.0
-0.9523571729660034,0.5789473684210527,0.6895657809462087,16.0,1064.0
-0.9553026556968689,0.5789473684210527,0.6902138690861958,16.0,1065.0
-0.95926433801651,0.5789473684210527,0.6908619572261827,16.0,1066.0
-0.9607431888580322,0.5789473684210527,0.6915100453661698,16.0,1067.0
-0.9608496427536011,0.5789473684210527,0.6921581335061568,16.0,1068.0
-0.9633991122245789,0.5789473684210527,0.6928062216461439,16.0,1069.0
-0.9660889506340027,0.5789473684210527,0.6934543097861309,16.0,1070.0
-0.9668095707893372,0.5789473684210527,0.6941023979261179,16.0,1071.0
-0.9685242176055908,0.5789473684210527,0.694750486066105,16.0,1072.0
-0.9686477184295654,0.5789473684210527,0.6953985742060921,16.0,1073.0
-0.9694361686706543,0.5789473684210527,0.696046662346079,16.0,1074.0
-0.9742568731307983,0.5789473684210527,0.6966947504860661,16.0,1075.0
-0.9750644564628601,0.5789473684210527,0.6973428386260532,16.0,1076.0
-0.9769319295883179,0.5789473684210527,0.6979909267660401,16.0,1077.0
-0.977055549621582,0.5789473684210527,0.6986390149060272,16.0,1078.0
-0.97917640209198,0.5789473684210527,0.6992871030460143,16.0,1079.0
-0.9810358285903931,0.5789473684210527,0.6999351911860013,16.0,1080.0
-0.9838817715644836,0.5789473684210527,0.7005832793259883,16.0,1081.0
-0.9866702556610107,0.5789473684210527,0.7012313674659754,16.0,1082.0
-0.9872258305549622,0.5789473684210527,0.7018794556059624,16.0,1083.0
-0.9874750375747681,0.5789473684210527,0.7025275437459495,16.0,1084.0
-0.9926517605781555,0.5789473684210527,0.7031756318859365,16.0,1085.0
-0.9947184324264526,0.5789473684210527,0.7038237200259235,16.0,1086.0
-0.9959442019462585,0.5789473684210527,0.7044718081659106,16.0,1087.0
-0.9959837794303894,0.5789473684210527,0.7051198963058976,16.0,1088.0
-0.9971396923065186,0.5789473684210527,0.7057679844458846,16.0,1089.0
-0.9972764849662781,0.5789473684210527,0.7064160725858717,16.0,1090.0
-1.0012823343276978,0.5789473684210527,0.7070641607258588,16.0,1091.0
-1.0024052858352661,0.5789473684210527,0.7077122488658457,16.0,1092.0
-1.0042963027954102,0.5789473684210527,0.7083603370058328,16.0,1093.0
-1.0061116218566895,0.5789473684210527,0.7090084251458199,16.0,1094.0
-1.0065653324127197,0.5789473684210527,0.7096565132858069,16.0,1095.0
-1.0072686672210693,0.5789473684210527,0.7103046014257939,16.0,1096.0
-1.0081104040145874,0.5789473684210527,0.710952689565781,16.0,1097.0
-1.0107790231704712,0.5789473684210527,0.711600777705768,16.0,1098.0
-1.0113379955291748,0.5789473684210527,0.712248865845755,16.0,1099.0
-1.0152193307876587,0.5789473684210527,0.712896953985742,16.0,1100.0
-1.0152318477630615,0.5789473684210527,0.7135450421257291,16.0,1101.0
-1.0165702104568481,0.5789473684210527,0.7141931302657162,16.0,1102.0
-1.0178037881851196,0.5789473684210527,0.7148412184057031,16.0,1103.0
-1.0203195810317993,0.5789473684210527,0.7154893065456902,16.0,1104.0
-1.0225286483764648,0.5789473684210527,0.7161373946856773,16.0,1105.0
-1.0265883207321167,0.5789473684210527,0.7167854828256643,16.0,1106.0
-1.0282249450683594,0.5789473684210527,0.7174335709656513,16.0,1107.0
-1.0287957191467285,0.5789473684210527,0.7180816591056384,16.0,1108.0
-1.0293211936950684,0.5789473684210527,0.7187297472456254,16.0,1109.0
-1.0297867059707642,0.5789473684210527,0.7193778353856124,16.0,1110.0
-1.029906988143921,0.5789473684210527,0.7200259235255995,16.0,1111.0
-1.0382212400436401,0.5789473684210527,0.7206740116655865,16.0,1112.0
-1.0438766479492188,0.5789473684210527,0.7213220998055736,16.0,1113.0
-1.0442672967910767,0.5789473684210527,0.7219701879455606,16.0,1114.0
-1.0454434156417847,0.5789473684210527,0.7226182760855476,16.0,1115.0
-1.0459179878234863,0.5789473684210527,0.7232663642255347,16.0,1116.0
-1.0480787754058838,0.5789473684210527,0.7239144523655218,16.0,1117.0
-1.0484082698822021,0.5789473684210527,0.7245625405055087,16.0,1118.0
-1.0546774864196777,0.5789473684210527,0.7252106286454958,16.0,1119.0
-1.0570462942123413,0.5789473684210527,0.7258587167854829,16.0,1120.0
-1.0575097799301147,0.5789473684210527,0.7265068049254698,16.0,1121.0
-1.0583504438400269,0.5789473684210527,0.7271548930654569,16.0,1122.0
-1.0592111349105835,0.5789473684210527,0.727802981205444,16.0,1123.0
-1.0592646598815918,0.5789473684210527,0.728451069345431,16.0,1124.0
-1.0597234964370728,0.5789473684210527,0.729099157485418,16.0,1125.0
-1.059809684753418,0.5789473684210527,0.729747245625405,16.0,1126.0
-1.0613772869110107,0.5789473684210527,0.7303953337653921,16.0,1127.0
-1.0666764974594116,0.5789473684210527,0.7310434219053791,16.0,1128.0
-1.0701178312301636,0.5789473684210527,0.7316915100453661,16.0,1129.0
-1.0722955465316772,0.5789473684210527,0.7323395981853532,16.0,1130.0
-1.0738434791564941,0.5789473684210527,0.7329876863253403,16.0,1131.0
-1.0768846273422241,0.5789473684210527,0.7336357744653272,16.0,1132.0
-1.0794026851654053,0.5789473684210527,0.7342838626053143,16.0,1133.0
-1.0794382095336914,0.5789473684210527,0.7349319507453014,16.0,1134.0
-1.0796445608139038,0.5789473684210527,0.7355800388852884,16.0,1135.0
-1.0842726230621338,0.5789473684210527,0.7362281270252754,16.0,1136.0
-1.089985966682434,0.5789473684210527,0.7368762151652625,16.0,1137.0
-1.090233325958252,0.5789473684210527,0.7375243033052495,16.0,1138.0
-1.0907574892044067,0.5789473684210527,0.7381723914452365,16.0,1139.0
-1.0948411226272583,0.5789473684210527,0.7388204795852236,16.0,1140.0
-1.0972989797592163,0.5789473684210527,0.7394685677252106,16.0,1141.0
-1.0974516868591309,0.5789473684210527,0.7401166558651977,16.0,1142.0
-1.1047788858413696,0.5789473684210527,0.7407647440051847,16.0,1143.0
-1.105231761932373,0.5789473684210527,0.7414128321451717,16.0,1144.0
-1.105265498161316,0.5789473684210527,0.7420609202851588,16.0,1145.0
-1.1067992448806763,0.5789473684210527,0.7427090084251459,16.0,1146.0
-1.1073633432388306,0.5789473684210527,0.7433570965651328,16.0,1147.0
-1.1106979846954346,0.5789473684210527,0.7440051847051199,16.0,1148.0
-1.1140185594558716,0.5789473684210527,0.744653272845107,16.0,1149.0
-1.116222620010376,0.5789473684210527,0.7453013609850939,16.0,1150.0
-1.1177637577056885,0.5789473684210527,0.745949449125081,16.0,1151.0
-1.1179572343826294,0.5789473684210527,0.7465975372650681,16.0,1152.0
-1.1222176551818848,0.5789473684210527,0.7472456254050551,16.0,1153.0
-1.1226778030395508,0.5789473684210527,0.7478937135450421,16.0,1154.0
-1.1256963014602661,0.5789473684210527,0.7485418016850292,16.0,1155.0
-1.1278977394104004,0.5789473684210527,0.7491898898250162,16.0,1156.0
-1.1289377212524414,0.5789473684210527,0.7498379779650033,16.0,1157.0
-1.1289721727371216,0.5789473684210527,0.7504860661049902,16.0,1158.0
-1.1291425228118896,0.5789473684210527,0.7511341542449773,16.0,1159.0
-1.1298061609268188,0.5789473684210527,0.7517822423849644,16.0,1160.0
-1.1303882598876953,0.5789473684210527,0.7524303305249513,16.0,1161.0
-1.1393028497695923,0.5789473684210527,0.7530784186649384,16.0,1162.0
-1.1449682712554932,0.5789473684210527,0.7537265068049255,16.0,1163.0
-1.1451222896575928,0.5789473684210527,0.7543745949449125,16.0,1164.0
-1.145158290863037,0.5789473684210527,0.7550226830848995,16.0,1165.0
-1.1502891778945923,0.5789473684210527,0.7556707712248866,16.0,1166.0
-1.1618921756744385,0.5789473684210527,0.7563188593648736,16.0,1167.0
-1.1621119976043701,0.5789473684210527,0.7569669475048607,16.0,1168.0
-1.1631475687026978,0.5789473684210527,0.7576150356448477,16.0,1169.0
-1.1636501550674438,0.5789473684210527,0.7582631237848347,16.0,1170.0
-1.1637006998062134,0.5789473684210527,0.7589112119248218,16.0,1171.0
-1.166094183921814,0.5789473684210527,0.7595593000648088,16.0,1172.0
-1.1670055389404297,0.5789473684210527,0.7602073882047958,16.0,1173.0
-1.171205759048462,0.5789473684210527,0.7608554763447829,16.0,1174.0
-1.1732053756713867,0.5789473684210527,0.76150356448477,16.0,1175.0
-1.17721426486969,0.5789473684210527,0.7621516526247569,16.0,1176.0
-1.1794476509094238,0.5789473684210527,0.762799740764744,16.0,1177.0
-1.1849490404129028,0.5789473684210527,0.7634478289047311,16.0,1178.0
-1.1881811618804932,0.5789473684210527,0.7640959170447181,16.0,1179.0
-1.191227674484253,0.5789473684210527,0.7647440051847051,16.0,1180.0
-1.1936904191970825,0.5789473684210527,0.7653920933246922,16.0,1181.0
-1.1939030885696411,0.5789473684210527,0.7660401814646792,16.0,1182.0
-1.196232557296753,0.5789473684210527,0.7666882696046662,16.0,1183.0
-1.2003916501998901,0.5789473684210527,0.7673363577446533,16.0,1184.0
-1.2022966146469116,0.5789473684210527,0.7679844458846403,16.0,1185.0
-1.203099012374878,0.5789473684210527,0.7686325340246274,16.0,1186.0
-1.2039631605148315,0.5789473684210527,0.7692806221646143,16.0,1187.0
-1.2047350406646729,0.5789473684210527,0.7699287103046014,16.0,1188.0
-1.2071633338928223,0.5789473684210527,0.7705767984445885,16.0,1189.0
-1.2077997922897339,0.5789473684210527,0.7712248865845756,16.0,1190.0
-1.2090601921081543,0.5789473684210527,0.7718729747245625,16.0,1191.0
-1.213126301765442,0.5789473684210527,0.7725210628645496,16.0,1192.0
-1.2131599187850952,0.5789473684210527,0.7731691510045366,16.0,1193.0
-1.2149136066436768,0.5789473684210527,0.7738172391445236,16.0,1194.0
-1.2162781953811646,0.5789473684210527,0.7744653272845107,16.0,1195.0
-1.221075177192688,0.5789473684210527,0.7751134154244977,16.0,1196.0
-1.2211326360702515,0.5789473684210527,0.7757615035644848,16.0,1197.0
-1.2219321727752686,0.5789473684210527,0.7764095917044718,16.0,1198.0
-1.22395920753479,0.5789473684210527,0.7770576798444588,16.0,1199.0
-1.2243733406066895,0.5789473684210527,0.7777057679844459,16.0,1200.0
-1.2250125408172607,0.5789473684210527,0.778353856124433,16.0,1201.0
-1.2253836393356323,0.5789473684210527,0.7790019442644199,16.0,1202.0
-1.2291828393936157,0.5789473684210527,0.779650032404407,16.0,1203.0
-1.2309346199035645,0.5789473684210527,0.7802981205443941,16.0,1204.0
-1.233117938041687,0.5789473684210527,0.780946208684381,16.0,1205.0
-1.2342592477798462,0.5789473684210527,0.7815942968243681,16.0,1206.0
-1.2353370189666748,0.5789473684210527,0.7822423849643552,16.0,1207.0
-1.2412925958633423,0.5789473684210527,0.7828904731043422,16.0,1208.0
-1.2423521280288696,0.5789473684210527,0.7835385612443292,16.0,1209.0
-1.2430814504623413,0.5789473684210527,0.7841866493843163,16.0,1210.0
-1.2452195882797241,0.5789473684210527,0.7848347375243033,16.0,1211.0
-1.2505173683166504,0.5789473684210527,0.7854828256642904,16.0,1212.0
-1.2508691549301147,0.5789473684210527,0.7861309138042774,16.0,1213.0
-1.252206802368164,0.5789473684210527,0.7867790019442644,16.0,1214.0
-1.2536028623580933,0.5789473684210527,0.7874270900842515,16.0,1215.0
-1.2540820837020874,0.5789473684210527,0.7880751782242384,16.0,1216.0
-1.2699815034866333,0.5789473684210527,0.7887232663642255,16.0,1217.0
-1.2719534635543823,0.5789473684210527,0.7893713545042126,16.0,1218.0
-1.2739930152893066,0.5789473684210527,0.7900194426441997,16.0,1219.0
-1.2744582891464233,0.5789473684210527,0.7906675307841866,16.0,1220.0
-1.274539828300476,0.5789473684210527,0.7913156189241737,16.0,1221.0
-1.2755361795425415,0.5789473684210527,0.7919637070641607,16.0,1222.0
-1.2760612964630127,0.5789473684210527,0.7926117952041478,16.0,1223.0
-1.286007285118103,0.5789473684210527,0.7932598833441348,16.0,1224.0
-1.2873300313949585,0.5789473684210527,0.7939079714841218,16.0,1225.0
-1.2886292934417725,0.5789473684210527,0.7945560596241089,16.0,1226.0
-1.2892197370529175,0.5789473684210527,0.7952041477640959,16.0,1227.0
-1.2905049324035645,0.5789473684210527,0.7958522359040829,16.0,1228.0
-1.2912495136260986,0.5789473684210527,0.79650032404407,16.0,1229.0
-1.291792392730713,0.5789473684210527,0.7971484121840571,16.0,1230.0
-1.294387936592102,0.5789473684210527,0.797796500324044,16.0,1231.0
-1.3035258054733276,0.5789473684210527,0.7984445884640311,16.0,1232.0
-1.304091453552246,0.5789473684210527,0.7990926766040182,16.0,1233.0
-1.3047152757644653,0.5789473684210527,0.7997407647440052,16.0,1234.0
-1.305177092552185,0.5789473684210527,0.8003888528839922,16.0,1235.0
-1.307428240776062,0.5789473684210527,0.8010369410239793,16.0,1236.0
-1.3084616661071777,0.5789473684210527,0.8016850291639663,16.0,1237.0
-1.3101704120635986,0.5789473684210527,0.8023331173039533,16.0,1238.0
-1.3122464418411255,0.5789473684210527,0.8029812054439404,16.0,1239.0
-1.3140372037887573,0.5789473684210527,0.8036292935839274,16.0,1240.0
-1.3140827417373657,0.5789473684210527,0.8042773817239145,16.0,1241.0
-1.3141697645187378,0.5789473684210527,0.8049254698639015,16.0,1242.0
-1.314471960067749,0.5789473684210527,0.8055735580038885,16.0,1243.0
-1.322920560836792,0.5789473684210527,0.8062216461438756,16.0,1244.0
-1.3240149021148682,0.5789473684210527,0.8068697342838627,16.0,1245.0
-1.3252750635147095,0.5789473684210527,0.8075178224238496,16.0,1246.0
-1.3264377117156982,0.5789473684210527,0.8081659105638367,16.0,1247.0
-1.3280093669891357,0.5789473684210527,0.8088139987038238,16.0,1248.0
-1.3288594484329224,0.5789473684210527,0.8094620868438107,16.0,1249.0
-1.3297816514968872,0.5789473684210527,0.8101101749837978,16.0,1250.0
-1.330608606338501,0.5789473684210527,0.8107582631237849,16.0,1251.0
-1.3331849575042725,0.5789473684210527,0.8114063512637719,16.0,1252.0
-1.3332536220550537,0.5789473684210527,0.8120544394037589,16.0,1253.0
-1.3342649936676025,0.5789473684210527,0.812702527543746,16.0,1254.0
-1.3360507488250732,0.5789473684210527,0.813350615683733,16.0,1255.0
-1.337720513343811,0.5789473684210527,0.81399870382372,16.0,1256.0
-1.3405296802520752,0.5789473684210527,0.814646791963707,16.0,1257.0
-1.3416463136672974,0.5789473684210527,0.8152948801036941,16.0,1258.0
-1.3422646522521973,0.5789473684210527,0.8159429682436812,16.0,1259.0
-1.3425517082214355,0.5789473684210527,0.8165910563836681,16.0,1260.0
-1.3429129123687744,0.5789473684210527,0.8172391445236552,16.0,1261.0
-1.3433141708374023,0.5789473684210527,0.8178872326636423,16.0,1262.0
-1.3481910228729248,0.5789473684210527,0.8185353208036293,16.0,1263.0
-1.3485082387924194,0.5789473684210527,0.8191834089436163,16.0,1264.0
-1.3488599061965942,0.5789473684210527,0.8198314970836034,16.0,1265.0
-1.3511300086975098,0.5789473684210527,0.8204795852235904,16.0,1266.0
-1.3519599437713623,0.5789473684210527,0.8211276733635774,16.0,1267.0
-1.3534506559371948,0.5789473684210527,0.8217757615035645,16.0,1268.0
-1.3535211086273193,0.5789473684210527,0.8224238496435515,16.0,1269.0
-1.3552011251449585,0.5789473684210527,0.8230719377835386,16.0,1270.0
-1.3572040796279907,0.5789473684210527,0.8237200259235256,16.0,1271.0
-1.3572977781295776,0.5789473684210527,0.8243681140635126,16.0,1272.0
-1.360503077507019,0.5789473684210527,0.8250162022034997,16.0,1273.0
-1.3609981536865234,0.5789473684210527,0.8256642903434868,16.0,1274.0
-1.361621618270874,0.5789473684210527,0.8263123784834737,16.0,1275.0
-1.3630222082138062,0.5789473684210527,0.8269604666234608,16.0,1276.0
-1.3639891147613525,0.5789473684210527,0.8276085547634479,16.0,1277.0
-1.3644014596939087,0.5789473684210527,0.8282566429034348,16.0,1278.0
-1.36501145362854,0.5789473684210527,0.8289047310434219,16.0,1279.0
-1.3660207986831665,0.5789473684210527,0.829552819183409,16.0,1280.0
-1.3694593906402588,0.5789473684210527,0.830200907323396,16.0,1281.0
-1.372666835784912,0.5789473684210527,0.830848995463383,16.0,1282.0
-1.3739510774612427,0.5789473684210527,0.83149708360337,16.0,1283.0
-1.3748838901519775,0.5789473684210527,0.8321451717433571,16.0,1284.0
-1.3818691968917847,0.5789473684210527,0.8327932598833442,16.0,1285.0
-1.382025957107544,0.5789473684210527,0.8334413480233311,16.0,1286.0
-1.3856266736984253,0.5789473684210527,0.8340894361633182,16.0,1287.0
-1.3856288194656372,0.5789473684210527,0.8347375243033053,16.0,1288.0
-1.3891648054122925,0.5789473684210527,0.8353856124432922,16.0,1289.0
-1.390960931777954,0.5789473684210527,0.8360337005832793,16.0,1290.0
-1.3916116952896118,0.5789473684210527,0.8366817887232664,16.0,1291.0
-1.3931156396865845,0.5789473684210527,0.8373298768632534,16.0,1292.0
-1.3938618898391724,0.5789473684210527,0.8379779650032404,16.0,1293.0
-1.393965721130371,0.5789473684210527,0.8386260531432275,16.0,1294.0
-1.3963104486465454,0.5789473684210527,0.8392741412832145,16.0,1295.0
-1.3979135751724243,0.5789473684210527,0.8399222294232016,16.0,1296.0
-1.398063063621521,0.5789473684210527,0.8405703175631886,16.0,1297.0
-1.4037104845046997,0.5789473684210527,0.8412184057031756,16.0,1298.0
-1.403712272644043,0.5789473684210527,0.8418664938431627,16.0,1299.0
-1.4064183235168457,0.5789473684210527,0.8425145819831497,16.0,1300.0
-1.4073439836502075,0.5789473684210527,0.8431626701231367,16.0,1301.0
-1.408252477645874,0.5789473684210527,0.8438107582631238,16.0,1302.0
-1.4204938411712646,0.5789473684210527,0.8444588464031109,16.0,1303.0
-1.4234751462936401,0.5789473684210527,0.8451069345430978,16.0,1304.0
-1.426666498184204,0.5789473684210527,0.8457550226830849,16.0,1305.0
-1.4293873310089111,0.5789473684210527,0.846403110823072,16.0,1306.0
-1.4295262098312378,0.5789473684210527,0.847051198963059,16.0,1307.0
-1.4326153993606567,0.5789473684210527,0.847699287103046,16.0,1308.0
-1.434491515159607,0.5789473684210527,0.848347375243033,16.0,1309.0
-1.4371484518051147,0.5789473684210527,0.8489954633830201,16.0,1310.0
-1.4402129650115967,0.5789473684210527,0.8496435515230071,16.0,1311.0
-1.4430862665176392,0.5789473684210527,0.8502916396629941,16.0,1312.0
-1.4441416263580322,0.5789473684210527,0.8509397278029812,16.0,1313.0
-1.446189522743225,0.5789473684210527,0.8515878159429683,16.0,1314.0
-1.4475553035736084,0.5789473684210527,0.8522359040829552,16.0,1315.0
-1.4478307962417603,0.5789473684210527,0.8528839922229423,16.0,1316.0
-1.448835849761963,0.5789473684210527,0.8535320803629294,16.0,1317.0
-1.4521123170852661,0.5789473684210527,0.8541801685029164,16.0,1318.0
-1.4523630142211914,0.5789473684210527,0.8548282566429034,16.0,1319.0
-1.4528703689575195,0.5789473684210527,0.8554763447828905,16.0,1320.0
-1.4571857452392578,0.5789473684210527,0.8561244329228775,16.0,1321.0
-1.462361454963684,0.5789473684210527,0.8567725210628645,16.0,1322.0
-1.4625927209854126,0.5789473684210527,0.8574206092028516,16.0,1323.0
-1.4652743339538574,0.5789473684210527,0.8580686973428386,16.0,1324.0
-1.4666773080825806,0.5789473684210527,0.8587167854828257,16.0,1325.0
-1.4692151546478271,0.5789473684210527,0.8593648736228127,16.0,1326.0
-1.471471905708313,0.5789473684210527,0.8600129617627997,16.0,1327.0
-1.4719678163528442,0.5789473684210527,0.8606610499027868,16.0,1328.0
-1.4722297191619873,0.5789473684210527,0.8613091380427739,16.0,1329.0
-1.4747627973556519,0.5789473684210527,0.8619572261827608,16.0,1330.0
-1.4753992557525635,0.5789473684210527,0.8626053143227479,16.0,1331.0
-1.4760221242904663,0.5789473684210527,0.863253402462735,16.0,1332.0
-1.484637975692749,0.5789473684210527,0.8639014906027219,16.0,1333.0
-1.484842300415039,0.5789473684210527,0.864549578742709,16.0,1334.0
-1.4875900745391846,0.5789473684210527,0.8651976668826961,16.0,1335.0
-1.4890222549438477,0.5789473684210527,0.8658457550226831,16.0,1336.0
-1.490716814994812,0.5789473684210527,0.8664938431626701,16.0,1337.0
-1.4990968704223633,0.5789473684210527,0.8671419313026572,16.0,1338.0
-1.499172568321228,0.5789473684210527,0.8677900194426442,16.0,1339.0
-1.501386284828186,0.5789473684210527,0.8684381075826313,16.0,1340.0
-1.502913236618042,0.5789473684210527,0.8690861957226182,16.0,1341.0
-1.5055949687957764,0.5789473684210527,0.8697342838626053,16.0,1342.0
-1.5059391260147095,0.5789473684210527,0.8703823720025924,16.0,1343.0
-1.5083152055740356,0.5789473684210527,0.8710304601425793,16.0,1344.0
-1.511319875717163,0.5789473684210527,0.8716785482825664,16.0,1345.0
-1.5148146152496338,0.5789473684210527,0.8723266364225535,16.0,1346.0
-1.5174798965454102,0.5789473684210527,0.8729747245625405,16.0,1347.0
-1.5249024629592896,0.5789473684210527,0.8736228127025275,16.0,1348.0
-1.5255177021026611,0.5789473684210527,0.8742709008425146,16.0,1349.0
-1.5303285121917725,0.5789473684210527,0.8749189889825016,16.0,1350.0
-1.5307704210281372,0.5789473684210527,0.8755670771224887,16.0,1351.0
-1.5330919027328491,0.5789473684210527,0.8762151652624757,16.0,1352.0
-1.5336709022521973,0.5789473684210527,0.8768632534024627,16.0,1353.0
-1.5386937856674194,0.5789473684210527,0.8775113415424498,16.0,1354.0
-1.5400440692901611,0.5789473684210527,0.8781594296824368,16.0,1355.0
-1.5429584980010986,0.5789473684210527,0.8788075178224238,16.0,1356.0
-1.543094515800476,0.5789473684210527,0.8794556059624109,16.0,1357.0
-1.5454387664794922,0.5789473684210527,0.880103694102398,16.0,1358.0
-1.547454833984375,0.5789473684210527,0.8807517822423849,16.0,1359.0
-1.550071358680725,0.5789473684210527,0.881399870382372,16.0,1360.0
-1.5526305437088013,0.5789473684210527,0.8820479585223591,16.0,1361.0
-1.5529190301895142,0.5789473684210527,0.8826960466623461,16.0,1362.0
-1.5540332794189453,0.5789473684210527,0.8833441348023331,16.0,1363.0
-1.558479905128479,0.5789473684210527,0.8839922229423202,16.0,1364.0
-1.560804843902588,0.5789473684210527,0.8846403110823072,16.0,1365.0
-1.5630313158035278,0.5789473684210527,0.8852883992222942,16.0,1366.0
-1.5640779733657837,0.5789473684210527,0.8859364873622813,16.0,1367.0
-1.564422369003296,0.5789473684210527,0.8865845755022683,16.0,1368.0
-1.5654820203781128,0.5789473684210527,0.8872326636422554,16.0,1369.0
-1.5768412351608276,0.5789473684210527,0.8878807517822424,16.0,1370.0
-1.5789915323257446,0.5789473684210527,0.8885288399222294,16.0,1371.0
-1.5811622142791748,0.5789473684210527,0.8891769280622165,16.0,1372.0
-1.5839475393295288,0.5789473684210527,0.8898250162022034,16.0,1373.0
-1.5867022275924683,0.5789473684210527,0.8904731043421905,16.0,1374.0
-1.5872389078140259,0.5789473684210527,0.8911211924821776,16.0,1375.0
-1.5879682302474976,0.5789473684210527,0.8917692806221647,16.0,1376.0
-1.5916423797607422,0.5789473684210527,0.8924173687621516,16.0,1377.0
-1.5922273397445679,0.5789473684210527,0.8930654569021387,16.0,1378.0
-1.5995148420333862,0.5789473684210527,0.8937135450421257,16.0,1379.0
-1.601045846939087,0.5789473684210527,0.8943616331821128,16.0,1380.0
-1.6056455373764038,0.5789473684210527,0.8950097213220998,16.0,1381.0
-1.6118518114089966,0.5789473684210527,0.8956578094620868,16.0,1382.0
-1.6120725870132446,0.5789473684210527,0.8963058976020739,16.0,1383.0
-1.620712399482727,0.5789473684210527,0.8969539857420609,16.0,1384.0
-1.6250492334365845,0.5789473684210527,0.8976020738820479,16.0,1385.0
-1.6409599781036377,0.5789473684210527,0.898250162022035,16.0,1386.0
-1.6496188640594482,0.5789473684210527,0.8988982501620221,16.0,1387.0
-1.6600048542022705,0.5789473684210527,0.899546338302009,16.0,1388.0
-1.6689732074737549,0.5789473684210527,0.9001944264419961,16.0,1389.0
-1.6692396402359009,0.5789473684210527,0.9008425145819832,16.0,1390.0
-1.6843597888946533,0.5789473684210527,0.9014906027219702,16.0,1391.0
-1.6860147714614868,0.5789473684210527,0.9021386908619572,16.0,1392.0
-1.6931447982788086,0.5789473684210527,0.9027867790019443,16.0,1393.0
-1.6943280696868896,0.5789473684210527,0.9034348671419313,16.0,1394.0
-1.69869863986969,0.5789473684210527,0.9040829552819183,16.0,1395.0
-1.7013990879058838,0.5789473684210527,0.9047310434219054,16.0,1396.0
-1.7097538709640503,0.5789473684210527,0.9053791315618924,16.0,1397.0
-1.7135676145553589,0.5789473684210527,0.9060272197018795,16.0,1398.0
-1.7157697677612305,0.5789473684210527,0.9066753078418665,16.0,1399.0
-1.7194210290908813,0.5789473684210527,0.9073233959818535,16.0,1400.0
-1.7339837551116943,0.5789473684210527,0.9079714841218406,16.0,1401.0
-1.7379817962646484,0.5789473684210527,0.9086195722618277,16.0,1402.0
-1.7480850219726562,0.5789473684210527,0.9092676604018146,16.0,1403.0
-1.748713493347168,0.5789473684210527,0.9099157485418017,16.0,1404.0
-1.754472255706787,0.5789473684210527,0.9105638366817888,16.0,1405.0
-1.7570816278457642,0.5789473684210527,0.9112119248217757,16.0,1406.0
-1.7631348371505737,0.5789473684210527,0.9118600129617628,16.0,1407.0
-1.773230791091919,0.5789473684210527,0.9125081011017498,16.0,1408.0
-1.7734841108322144,0.5789473684210527,0.9131561892417369,16.0,1409.0
-1.7780547142028809,0.5789473684210527,0.9138042773817239,16.0,1410.0
-1.7896780967712402,0.5789473684210527,0.9144523655217109,16.0,1411.0
-1.7973432540893555,0.5789473684210527,0.915100453661698,16.0,1412.0
-1.800628900527954,0.5789473684210527,0.9157485418016851,16.0,1413.0
-1.8045474290847778,0.5789473684210527,0.916396629941672,16.0,1414.0
-1.8050528764724731,0.5789473684210527,0.9170447180816591,16.0,1415.0
-1.8098411560058594,0.5789473684210527,0.9176928062216462,16.0,1416.0
-1.8101017475128174,0.5789473684210527,0.9183408943616331,16.0,1417.0
-1.8105882406234741,0.5789473684210527,0.9189889825016202,16.0,1418.0
-1.8164077997207642,0.5789473684210527,0.9196370706416073,16.0,1419.0
-1.8232842683792114,0.5789473684210527,0.9202851587815943,16.0,1420.0
-1.8248932361602783,0.5789473684210527,0.9209332469215813,16.0,1421.0
-1.85276198387146,0.5789473684210527,0.9215813350615684,16.0,1422.0
-1.867700219154358,0.5789473684210527,0.9222294232015554,16.0,1423.0
-1.8743267059326172,0.5789473684210527,0.9228775113415425,16.0,1424.0
-1.8762710094451904,0.5789473684210527,0.9235255994815295,16.0,1425.0
-1.8787949085235596,0.5789473684210527,0.9241736876215165,16.0,1426.0
-1.88601815700531,0.5789473684210527,0.9248217757615036,16.0,1427.0
-1.8897273540496826,0.5789473684210527,0.9254698639014906,16.0,1428.0
-1.9122228622436523,0.5789473684210527,0.9261179520414776,16.0,1429.0
-1.9254481792449951,0.5789473684210527,0.9267660401814647,16.0,1430.0
-1.947161316871643,0.5789473684210527,0.9274141283214518,16.0,1431.0
-1.949634075164795,0.5789473684210527,0.9280622164614387,16.0,1432.0
-1.9501932859420776,0.5789473684210527,0.9287103046014258,16.0,1433.0
-1.9753268957138062,0.5789473684210527,0.9293583927414129,16.0,1434.0
-1.979501485824585,0.5789473684210527,0.9300064808813999,16.0,1435.0
-1.9858227968215942,0.5789473684210527,0.9306545690213869,16.0,1436.0
-1.9976955652236938,0.5789473684210527,0.931302657161374,16.0,1437.0
-2.004687547683716,0.5789473684210527,0.931950745301361,16.0,1438.0
-2.0051398277282715,0.5789473684210527,0.932598833441348,16.0,1439.0
-2.009593963623047,0.5789473684210527,0.933246921581335,16.0,1440.0
-2.0162315368652344,0.5789473684210527,0.9338950097213221,16.0,1441.0
-2.0187973976135254,0.5789473684210527,0.9345430978613092,16.0,1442.0
-2.032524347305298,0.5789473684210527,0.9351911860012961,16.0,1443.0
-2.0366761684417725,0.5789473684210527,0.9358392741412832,16.0,1444.0
-2.043046236038208,0.5789473684210527,0.9364873622812703,16.0,1445.0
-2.0440690517425537,0.5789473684210527,0.9371354504212573,16.0,1446.0
-2.0493667125701904,0.5789473684210527,0.9377835385612443,16.0,1447.0
-2.0587949752807617,0.5789473684210527,0.9384316267012314,16.0,1448.0
-2.0592598915100098,0.5789473684210527,0.9390797148412184,16.0,1449.0
-2.064162254333496,0.5789473684210527,0.9397278029812054,16.0,1450.0
-2.071213722229004,0.5789473684210527,0.9403758911211925,16.0,1451.0
-2.075571298599243,0.5789473684210527,0.9410239792611795,16.0,1452.0
-2.07728910446167,0.5789473684210527,0.9416720674011666,16.0,1453.0
-2.086935043334961,0.5789473684210527,0.9423201555411536,16.0,1454.0
-2.0888848304748535,0.5789473684210527,0.9429682436811406,16.0,1455.0
-2.0910754203796387,0.5789473684210527,0.9436163318211277,16.0,1456.0
-2.0932159423828125,0.5789473684210527,0.9442644199611148,16.0,1457.0
-2.096992254257202,0.5789473684210527,0.9449125081011017,16.0,1458.0
-2.097309112548828,0.5789473684210527,0.9455605962410888,16.0,1459.0
-2.1258151531219482,0.5789473684210527,0.9462086843810759,16.0,1460.0
-2.1264278888702393,0.5789473684210527,0.9468567725210628,16.0,1461.0
-2.132112503051758,0.5789473684210527,0.9475048606610499,16.0,1462.0
-2.1330227851867676,0.5789473684210527,0.948152948801037,16.0,1463.0
-2.1348495483398438,0.5789473684210527,0.948801036941024,16.0,1464.0
-2.135019302368164,0.5789473684210527,0.949449125081011,16.0,1465.0
-2.1477952003479004,0.5789473684210527,0.950097213220998,16.0,1466.0
-2.1630706787109375,0.5789473684210527,0.9507453013609851,16.0,1467.0
-2.163442611694336,0.5789473684210527,0.9513933895009722,16.0,1468.0
-2.1635794639587402,0.5789473684210527,0.9520414776409591,16.0,1469.0
-2.1688859462738037,0.5789473684210527,0.9526895657809462,16.0,1470.0
-2.1730592250823975,0.5789473684210527,0.9533376539209333,16.0,1471.0
-2.1754651069641113,0.5789473684210527,0.9539857420609202,16.0,1472.0
-2.1820411682128906,0.5789473684210527,0.9546338302009073,16.0,1473.0
-2.1918442249298096,0.5789473684210527,0.9552819183408944,16.0,1474.0
-2.2024855613708496,0.5789473684210527,0.9559300064808814,16.0,1475.0
-2.2183969020843506,0.5789473684210527,0.9565780946208684,16.0,1476.0
-2.228165626525879,0.5789473684210527,0.9572261827608555,16.0,1477.0
-2.2287821769714355,0.5789473684210527,0.9578742709008425,16.0,1478.0
-2.2304062843322754,0.5789473684210527,0.9585223590408296,16.0,1479.0
-2.2413344383239746,0.5789473684210527,0.9591704471808166,16.0,1480.0
-2.2479946613311768,0.5789473684210527,0.9598185353208036,16.0,1481.0
-2.249196767807007,0.5789473684210527,0.9604666234607907,16.0,1482.0
-2.257814407348633,0.5789473684210527,0.9611147116007777,16.0,1483.0
-2.2636704444885254,0.5789473684210527,0.9617627997407647,16.0,1484.0
-2.2736918926239014,0.5789473684210527,0.9624108878807518,16.0,1485.0
-2.275635242462158,0.5789473684210527,0.9630589760207389,16.0,1486.0
-2.28227162361145,0.5789473684210527,0.9637070641607258,16.0,1487.0
-2.28627610206604,0.5789473684210527,0.9643551523007129,16.0,1488.0
-2.288926839828491,0.5789473684210527,0.9650032404407,16.0,1489.0
-2.313831090927124,0.5789473684210527,0.9656513285806869,16.0,1490.0
-2.3241090774536133,0.5789473684210527,0.966299416720674,16.0,1491.0
-2.3516836166381836,0.5789473684210527,0.9669475048606611,16.0,1492.0
-2.3699934482574463,0.5789473684210527,0.9675955930006481,16.0,1493.0
-2.3823649883270264,0.5789473684210527,0.9682436811406351,16.0,1494.0
-2.386943817138672,0.5789473684210527,0.9688917692806222,16.0,1495.0
-2.3900718688964844,0.5789473684210527,0.9695398574206092,16.0,1496.0
-2.403230667114258,0.5789473684210527,0.9701879455605963,16.0,1497.0
-2.4275827407836914,0.5789473684210527,0.9708360337005832,16.0,1498.0
-2.438746452331543,0.5789473684210527,0.9714841218405703,16.0,1499.0
-2.4406471252441406,0.5789473684210527,0.9721322099805574,16.0,1500.0
-2.458380937576294,0.5789473684210527,0.9727802981205443,16.0,1501.0
-2.4681575298309326,0.5789473684210527,0.9734283862605314,16.0,1502.0
-2.4700567722320557,0.5789473684210527,0.9740764744005185,16.0,1503.0
-2.474391222000122,0.5789473684210527,0.9747245625405055,16.0,1504.0
-2.480142593383789,0.5789473684210527,0.9753726506804925,16.0,1505.0
-2.581899404525757,0.5789473684210527,0.9760207388204796,16.0,1506.0
-2.6174912452697754,0.5789473684210527,0.9766688269604666,16.0,1507.0
-2.6375224590301514,0.5789473684210527,0.9773169151004537,16.0,1508.0
-2.648390531539917,0.5789473684210527,0.9779650032404407,16.0,1509.0
-2.6545188426971436,0.5789473684210527,0.9786130913804277,16.0,1510.0
-2.701582670211792,0.5789473684210527,0.9792611795204148,16.0,1511.0
-2.736602306365967,0.5789473684210527,0.9799092676604018,16.0,1512.0
-2.7469310760498047,0.5789473684210527,0.9805573558003888,16.0,1513.0
-2.805392026901245,0.5789473684210527,0.9812054439403759,16.0,1514.0
-2.8740007877349854,0.5789473684210527,0.981853532080363,16.0,1515.0
-2.8922135829925537,0.5789473684210527,0.9825016202203499,16.0,1516.0
-2.8955183029174805,0.5789473684210527,0.983149708360337,16.0,1517.0
-2.947499990463257,0.5789473684210527,0.9837977965003241,16.0,1518.0
-2.9808855056762695,0.5789473684210527,0.9844458846403111,16.0,1519.0
-3.0353622436523438,0.5789473684210527,0.9850939727802981,16.0,1520.0
-3.0388052463531494,0.5789473684210527,0.9857420609202852,16.0,1521.0
-3.1361372470855713,0.5789473684210527,0.9863901490602722,16.0,1522.0
-3.14898419380188,0.5789473684210527,0.9870382372002592,16.0,1523.0
-3.20139479637146,0.5789473684210527,0.9876863253402463,16.0,1524.0
-3.391079902648926,0.5789473684210527,0.9883344134802333,16.0,1525.0
-3.4096803665161133,0.5789473684210527,0.9889825016202204,16.0,1526.0
-3.4239282608032227,0.5789473684210527,0.9896305897602073,16.0,1527.0
